row_id,score_cell_id,model,primary_ba_rank,primary_ba_rank_metric,primary_ba_rank_status,descriptive_accuracy_rank,descriptive_accuracy_rank_derivation,score_level,dataset,replay_scope,subject_count,folds_per_subject,subject_fold_count,seed_count,job_count,accuracy,balanced_accuracy,accuracy_percent_2dp,accuracy_percent_3dp,balanced_accuracy_percent_2dp,balanced_accuracy_percent_3dp,aggregation,historical_a5000_summed_hours,historical_timing_caveat,data_access,general_access,cache_redistributable,evidence_caveat,strict_score_caveat,rank_caveat,execution_identity_caveat,reference_plan_sha256,raw_plan_file_sha256,sealed_analysis_manifest_sha256,score_source,score_source_sha256,rank_source,rank_source_sha256,timing_source,timing_source_sha256,covered_by_model_run_row_id,recommended_for_complete_table_run,cache_root_placeholder,reviewer_root_placeholder,resolved_run_root_template,gpu_placeholder,estimate_command,run_command,status_command,compare_command
dataset::cardinal_fbc_compactdyn_scale025_extended::local_exp4,cardinal_fbc_compactdyn_scale025_extended::local_exp4,cardinal_fbc_compactdyn_scale025_extended,1,equal_dataset_macro_balanced_accuracy,descriptive_opened_development_suite_only,1,sealed overall accuracy descending; frozen plan architecture order breaks exact ties,dataset,local_exp4,dataset,8,1,8,5,40,0.9125,0.9125,91.25%,91.250%,91.25%,91.250%,mean_seeds_within_subject_then_mean_subjects,0.090329976381,sum of sealed job_total_seconds measured on the formal four-RTX-A5000 workstation; not a wall-clock estimate or cross-hardware promise,private_institutional_authorization_required,false,false,"opened-development evidence only; not independent confirmation, a clinical result, or a global SOTA claim",strict score match requires the exact selected Cartesian replay and checks accuracy plus balanced accuracy; it does not imply bit-exact predictions,"rank is sealed-table context, not established by replaying one cell or one model; rank confirmation requires all 43 complete model rows","fixed-protocol replication is not exact execution identity unless source, cache, split, lock, CUDA, driver, and physical GPU identities all match",65b93b7e5d09cfc30fb6ce28156368e66aec1503f4efa37faa3189e25ebbc3b1,548c0bb707ac99debfafbc9082dd322aec7eb799e69f1ad69e25231eeb75873f,ed1070f69367e36109c473c193b4f898de40ad689a8d367ac3d9e7471a82a1cd,results/common_grid_v6/analysis/dataset_summary.csv,0f24934e47c275ffb66b06e78266cb7fc1883f3046da876a5ed50089c09686cf,results/common_grid_v6/analysis/model_ranking.csv,adddfd4687e09710b2867252fc873687f48ef073c555a9c0b604af9dd31e4e32,results/common_grid_v6/analysis/job_metrics.csv,fda26e3a545811d1f9d4b4ed2b9885cff0bab3505f6be8e6eb97491bb3355e1d,model::cardinal_fbc_compactdyn_scale025_extended,false,${CACHE_ROOT:?set CACHE_ROOT},${REVIEWER_ROOT:?set REVIEWER_ROOT},${REVIEWER_ROOT:?set REVIEWER_ROOT}/cardinal_fbc_compactdyn_scale025_extended__local_exp4,${GPU:?set GPU},scripts/reproduce.sh reviewer estimate --scope dataset --model cardinal_fbc_compactdyn_scale025_extended --dataset local_exp4,"scripts/reproduce.sh reviewer run --scope dataset --model cardinal_fbc_compactdyn_scale025_extended --dataset local_exp4 --cache-root ""${CACHE_ROOT:?set CACHE_ROOT}"" --run-root ""${REVIEWER_ROOT:?set REVIEWER_ROOT}/cardinal_fbc_compactdyn_scale025_extended__local_exp4"" --gpu ""${GPU:?set GPU}""","scripts/reproduce.sh reviewer status --run-root ""${REVIEWER_ROOT:?set REVIEWER_ROOT}/cardinal_fbc_compactdyn_scale025_extended__local_exp4""","scripts/reproduce.sh reviewer compare --run-root ""${REVIEWER_ROOT:?set REVIEWER_ROOT}/cardinal_fbc_compactdyn_scale025_extended__local_exp4"" --cache-root ""${CACHE_ROOT:?set CACHE_ROOT}"""
dataset::cardinal_fbc_compactdyn_scale025_extended::bnci2014_001,cardinal_fbc_compactdyn_scale025_extended::bnci2014_001,cardinal_fbc_compactdyn_scale025_extended,1,equal_dataset_macro_balanced_accuracy,descriptive_opened_development_suite_only,1,sealed overall accuracy descending; frozen plan architecture order breaks exact ties,dataset,bnci2014_001,dataset,9,1,9,5,45,0.7546296296296295,0.7546296296296295,75.46%,75.463%,75.46%,75.463%,mean_seeds_within_subject_then_mean_subjects,0.258955249710,sum of sealed job_total_seconds measured on the formal four-RTX-A5000 workstation; not a wall-clock estimate or cross-hardware promise,public_official_record_cc_by_nd_4_0_subject_to_terms,true,false,"opened-development evidence only; not independent confirmation, a clinical result, or a global SOTA claim",strict score match requires the exact selected Cartesian replay and checks accuracy plus balanced accuracy; it does not imply bit-exact predictions,"rank is sealed-table context, not established by replaying one cell or one model; rank confirmation requires all 43 complete model rows","fixed-protocol replication is not exact execution identity unless source, cache, split, lock, CUDA, driver, and physical GPU identities all match",65b93b7e5d09cfc30fb6ce28156368e66aec1503f4efa37faa3189e25ebbc3b1,548c0bb707ac99debfafbc9082dd322aec7eb799e69f1ad69e25231eeb75873f,ed1070f69367e36109c473c193b4f898de40ad689a8d367ac3d9e7471a82a1cd,results/common_grid_v6/analysis/dataset_summary.csv,0f24934e47c275ffb66b06e78266cb7fc1883f3046da876a5ed50089c09686cf,results/common_grid_v6/analysis/model_ranking.csv,adddfd4687e09710b2867252fc873687f48ef073c555a9c0b604af9dd31e4e32,results/common_grid_v6/analysis/job_metrics.csv,fda26e3a545811d1f9d4b4ed2b9885cff0bab3505f6be8e6eb97491bb3355e1d,model::cardinal_fbc_compactdyn_scale025_extended,false,${CACHE_ROOT:?set CACHE_ROOT},${REVIEWER_ROOT:?set REVIEWER_ROOT},${REVIEWER_ROOT:?set REVIEWER_ROOT}/cardinal_fbc_compactdyn_scale025_extended__bnci2014_001,${GPU:?set GPU},scripts/reproduce.sh reviewer estimate --scope dataset --model cardinal_fbc_compactdyn_scale025_extended --dataset bnci2014_001,"scripts/reproduce.sh reviewer run --scope dataset --model cardinal_fbc_compactdyn_scale025_extended --dataset bnci2014_001 --cache-root ""${CACHE_ROOT:?set CACHE_ROOT}"" --run-root ""${REVIEWER_ROOT:?set REVIEWER_ROOT}/cardinal_fbc_compactdyn_scale025_extended__bnci2014_001"" --gpu ""${GPU:?set GPU}""","scripts/reproduce.sh reviewer status --run-root ""${REVIEWER_ROOT:?set REVIEWER_ROOT}/cardinal_fbc_compactdyn_scale025_extended__bnci2014_001""","scripts/reproduce.sh reviewer compare --run-root ""${REVIEWER_ROOT:?set REVIEWER_ROOT}/cardinal_fbc_compactdyn_scale025_extended__bnci2014_001"" --cache-root ""${CACHE_ROOT:?set CACHE_ROOT}"""
dataset::cardinal_fbc_compactdyn_scale025_extended::bnci2014_004,cardinal_fbc_compactdyn_scale025_extended::bnci2014_004,cardinal_fbc_compactdyn_scale025_extended,1,equal_dataset_macro_balanced_accuracy,descriptive_opened_development_suite_only,1,sealed overall accuracy descending; frozen plan architecture order breaks exact ties,dataset,bnci2014_004,dataset,9,1,9,5,45,0.7792361111111111,0.7792361111111111,77.92%,77.924%,77.92%,77.924%,mean_seeds_within_subject_then_mean_subjects,0.115719157219,sum of sealed job_total_seconds measured on the formal four-RTX-A5000 workstation; not a wall-clock estimate or cross-hardware promise,public_official_record_cc_by_nd_4_0_subject_to_terms,true,false,"opened-development evidence only; not independent confirmation, a clinical result, or a global SOTA claim",strict score match requires the exact selected Cartesian replay and checks accuracy plus balanced accuracy; it does not imply bit-exact predictions,"rank is sealed-table context, not established by replaying one cell or one model; rank confirmation requires all 43 complete model rows","fixed-protocol replication is not exact execution identity unless source, cache, split, lock, CUDA, driver, and physical GPU identities all match",65b93b7e5d09cfc30fb6ce28156368e66aec1503f4efa37faa3189e25ebbc3b1,548c0bb707ac99debfafbc9082dd322aec7eb799e69f1ad69e25231eeb75873f,ed1070f69367e36109c473c193b4f898de40ad689a8d367ac3d9e7471a82a1cd,results/common_grid_v6/analysis/dataset_summary.csv,0f24934e47c275ffb66b06e78266cb7fc1883f3046da876a5ed50089c09686cf,results/common_grid_v6/analysis/model_ranking.csv,adddfd4687e09710b2867252fc873687f48ef073c555a9c0b604af9dd31e4e32,results/common_grid_v6/analysis/job_metrics.csv,fda26e3a545811d1f9d4b4ed2b9885cff0bab3505f6be8e6eb97491bb3355e1d,model::cardinal_fbc_compactdyn_scale025_extended,false,${CACHE_ROOT:?set CACHE_ROOT},${REVIEWER_ROOT:?set REVIEWER_ROOT},${REVIEWER_ROOT:?set REVIEWER_ROOT}/cardinal_fbc_compactdyn_scale025_extended__bnci2014_004,${GPU:?set GPU},scripts/reproduce.sh reviewer estimate --scope dataset --model cardinal_fbc_compactdyn_scale025_extended --dataset bnci2014_004,"scripts/reproduce.sh reviewer run --scope dataset --model cardinal_fbc_compactdyn_scale025_extended --dataset bnci2014_004 --cache-root ""${CACHE_ROOT:?set CACHE_ROOT}"" --run-root ""${REVIEWER_ROOT:?set REVIEWER_ROOT}/cardinal_fbc_compactdyn_scale025_extended__bnci2014_004"" --gpu ""${GPU:?set GPU}""","scripts/reproduce.sh reviewer status --run-root ""${REVIEWER_ROOT:?set REVIEWER_ROOT}/cardinal_fbc_compactdyn_scale025_extended__bnci2014_004""","scripts/reproduce.sh reviewer compare --run-root ""${REVIEWER_ROOT:?set REVIEWER_ROOT}/cardinal_fbc_compactdyn_scale025_extended__bnci2014_004"" --cache-root ""${CACHE_ROOT:?set CACHE_ROOT}"""
dataset::cardinal_fbc_compactdyn_scale025_extended::cho2017,cardinal_fbc_compactdyn_scale025_extended::cho2017,cardinal_fbc_compactdyn_scale025_extended,1,equal_dataset_macro_balanced_accuracy,descriptive_opened_development_suite_only,1,sealed overall accuracy descending; frozen plan architecture order breaks exact ties,dataset,cho2017,dataset,52,5,260,5,1300,0.7124551282051281,0.7124551282051281,71.25%,71.246%,71.25%,71.246%,mean_seeds_within_subject_then_mean_subjects,2.353604079693,sum of sealed job_total_seconds measured on the formal four-RTX-A5000 workstation; not a wall-clock estimate or cross-hardware promise,public_record_exact_acquired_byte_terms_unresolved,true,false,"opened-development evidence only; not independent confirmation, a clinical result, or a global SOTA claim",strict score match requires the exact selected Cartesian replay and checks accuracy plus balanced accuracy; it does not imply bit-exact predictions,"rank is sealed-table context, not established by replaying one cell or one model; rank confirmation requires all 43 complete model rows","fixed-protocol replication is not exact execution identity unless source, cache, split, lock, CUDA, driver, and physical GPU identities all match",65b93b7e5d09cfc30fb6ce28156368e66aec1503f4efa37faa3189e25ebbc3b1,548c0bb707ac99debfafbc9082dd322aec7eb799e69f1ad69e25231eeb75873f,ed1070f69367e36109c473c193b4f898de40ad689a8d367ac3d9e7471a82a1cd,results/common_grid_v6/analysis/dataset_summary.csv,0f24934e47c275ffb66b06e78266cb7fc1883f3046da876a5ed50089c09686cf,results/common_grid_v6/analysis/model_ranking.csv,adddfd4687e09710b2867252fc873687f48ef073c555a9c0b604af9dd31e4e32,results/common_grid_v6/analysis/job_metrics.csv,fda26e3a545811d1f9d4b4ed2b9885cff0bab3505f6be8e6eb97491bb3355e1d,model::cardinal_fbc_compactdyn_scale025_extended,false,${CACHE_ROOT:?set CACHE_ROOT},${REVIEWER_ROOT:?set REVIEWER_ROOT},${REVIEWER_ROOT:?set REVIEWER_ROOT}/cardinal_fbc_compactdyn_scale025_extended__cho2017,${GPU:?set GPU},scripts/reproduce.sh reviewer estimate --scope dataset --model cardinal_fbc_compactdyn_scale025_extended --dataset cho2017,"scripts/reproduce.sh reviewer run --scope dataset --model cardinal_fbc_compactdyn_scale025_extended --dataset cho2017 --cache-root ""${CACHE_ROOT:?set CACHE_ROOT}"" --run-root ""${REVIEWER_ROOT:?set REVIEWER_ROOT}/cardinal_fbc_compactdyn_scale025_extended__cho2017"" --gpu ""${GPU:?set GPU}""","scripts/reproduce.sh reviewer status --run-root ""${REVIEWER_ROOT:?set REVIEWER_ROOT}/cardinal_fbc_compactdyn_scale025_extended__cho2017""","scripts/reproduce.sh reviewer compare --run-root ""${REVIEWER_ROOT:?set REVIEWER_ROOT}/cardinal_fbc_compactdyn_scale025_extended__cho2017"" --cache-root ""${CACHE_ROOT:?set CACHE_ROOT}"""
dataset::cardinal_fbc_compactdyn_scale025_extended::physionet_mi,cardinal_fbc_compactdyn_scale025_extended::physionet_mi,cardinal_fbc_compactdyn_scale025_extended,1,equal_dataset_macro_balanced_accuracy,descriptive_opened_development_suite_only,1,sealed overall accuracy descending; frozen plan architecture order breaks exact ties,dataset,physionet_mi,dataset,54,3,162,5,810,0.5422222222222223,0.5406790907696705,54.22%,54.222%,54.07%,54.068%,mean_seeds_within_subject_then_mean_subjects,0.326536873888,sum of sealed job_total_seconds measured on the formal four-RTX-A5000 workstation; not a wall-clock estimate or cross-hardware promise,public_official_record_odc_by_1_0_subject_to_terms,true,false,"opened-development evidence only; not independent confirmation, a clinical result, or a global SOTA claim",strict score match requires the exact selected Cartesian replay and checks accuracy plus balanced accuracy; it does not imply bit-exact predictions,"rank is sealed-table context, not established by replaying one cell or one model; rank confirmation requires all 43 complete model rows","fixed-protocol replication is not exact execution identity unless source, cache, split, lock, CUDA, driver, and physical GPU identities all match",65b93b7e5d09cfc30fb6ce28156368e66aec1503f4efa37faa3189e25ebbc3b1,548c0bb707ac99debfafbc9082dd322aec7eb799e69f1ad69e25231eeb75873f,ed1070f69367e36109c473c193b4f898de40ad689a8d367ac3d9e7471a82a1cd,results/common_grid_v6/analysis/dataset_summary.csv,0f24934e47c275ffb66b06e78266cb7fc1883f3046da876a5ed50089c09686cf,results/common_grid_v6/analysis/model_ranking.csv,adddfd4687e09710b2867252fc873687f48ef073c555a9c0b604af9dd31e4e32,results/common_grid_v6/analysis/job_metrics.csv,fda26e3a545811d1f9d4b4ed2b9885cff0bab3505f6be8e6eb97491bb3355e1d,model::cardinal_fbc_compactdyn_scale025_extended,false,${CACHE_ROOT:?set CACHE_ROOT},${REVIEWER_ROOT:?set REVIEWER_ROOT},${REVIEWER_ROOT:?set REVIEWER_ROOT}/cardinal_fbc_compactdyn_scale025_extended__physionet_mi,${GPU:?set GPU},scripts/reproduce.sh reviewer estimate --scope dataset --model cardinal_fbc_compactdyn_scale025_extended --dataset physionet_mi,"scripts/reproduce.sh reviewer run --scope dataset --model cardinal_fbc_compactdyn_scale025_extended --dataset physionet_mi --cache-root ""${CACHE_ROOT:?set CACHE_ROOT}"" --run-root ""${REVIEWER_ROOT:?set REVIEWER_ROOT}/cardinal_fbc_compactdyn_scale025_extended__physionet_mi"" --gpu ""${GPU:?set GPU}""","scripts/reproduce.sh reviewer status --run-root ""${REVIEWER_ROOT:?set REVIEWER_ROOT}/cardinal_fbc_compactdyn_scale025_extended__physionet_mi""","scripts/reproduce.sh reviewer compare --run-root ""${REVIEWER_ROOT:?set REVIEWER_ROOT}/cardinal_fbc_compactdyn_scale025_extended__physionet_mi"" --cache-root ""${CACHE_ROOT:?set CACHE_ROOT}"""
model::cardinal_fbc_compactdyn_scale025_extended,cardinal_fbc_compactdyn_scale025_extended::overall,cardinal_fbc_compactdyn_scale025_extended,1,equal_dataset_macro_balanced_accuracy,descriptive_opened_development_suite_only,1,sealed overall accuracy descending; frozen plan architecture order breaks exact ties,overall,overall,model,132,by_dataset:1|1|1|5|3,448,5,2240,0.7402086182336182,0.7398999919431077,74.02%,74.021%,73.99%,73.990%,fold_concatenation_then_seed_mean_then_subject_mean_then_equal_dataset_mean,3.145145336892,sum of sealed job_total_seconds measured on the formal four-RTX-A5000 workstation; not a wall-clock estimate or cross-hardware promise,mixed_includes_private_local_exp4_authorization_required,false,false,"opened-development evidence only; not independent confirmation, a clinical result, or a global SOTA claim",strict score match requires the exact selected Cartesian replay and checks accuracy plus balanced accuracy; it does not imply bit-exact predictions,"rank is sealed-table context, not established by replaying one cell or one model; rank confirmation requires all 43 complete model rows","fixed-protocol replication is not exact execution identity unless source, cache, split, lock, CUDA, driver, and physical GPU identities all match",65b93b7e5d09cfc30fb6ce28156368e66aec1503f4efa37faa3189e25ebbc3b1,548c0bb707ac99debfafbc9082dd322aec7eb799e69f1ad69e25231eeb75873f,ed1070f69367e36109c473c193b4f898de40ad689a8d367ac3d9e7471a82a1cd,results/common_grid_v6/analysis/overall_summary.csv,d45dd54801f4ba9074bba808cd7076bd04c9a5267944ec4f7af274de96a11c6f,results/common_grid_v6/analysis/model_ranking.csv,adddfd4687e09710b2867252fc873687f48ef073c555a9c0b604af9dd31e4e32,results/common_grid_v6/analysis/job_metrics.csv,fda26e3a545811d1f9d4b4ed2b9885cff0bab3505f6be8e6eb97491bb3355e1d,model::cardinal_fbc_compactdyn_scale025_extended,true,${CACHE_ROOT:?set CACHE_ROOT},${REVIEWER_ROOT:?set REVIEWER_ROOT},${REVIEWER_ROOT:?set REVIEWER_ROOT}/cardinal_fbc_compactdyn_scale025_extended__overall,${GPU:?set GPU},scripts/reproduce.sh reviewer estimate --scope model --model cardinal_fbc_compactdyn_scale025_extended,"scripts/reproduce.sh reviewer run --scope model --model cardinal_fbc_compactdyn_scale025_extended --cache-root ""${CACHE_ROOT:?set CACHE_ROOT}"" --run-root ""${REVIEWER_ROOT:?set REVIEWER_ROOT}/cardinal_fbc_compactdyn_scale025_extended__overall"" --gpu ""${GPU:?set GPU}""","scripts/reproduce.sh reviewer status --run-root ""${REVIEWER_ROOT:?set REVIEWER_ROOT}/cardinal_fbc_compactdyn_scale025_extended__overall""","scripts/reproduce.sh reviewer compare --run-root ""${REVIEWER_ROOT:?set REVIEWER_ROOT}/cardinal_fbc_compactdyn_scale025_extended__overall"" --cache-root ""${CACHE_ROOT:?set CACHE_ROOT}"""
dataset::cardinal_fbc_compactdyn_extended::local_exp4,cardinal_fbc_compactdyn_extended::local_exp4,cardinal_fbc_compactdyn_extended,2,equal_dataset_macro_balanced_accuracy,descriptive_opened_development_suite_only,2,sealed overall accuracy descending; frozen plan architecture order breaks exact ties,dataset,local_exp4,dataset,8,1,8,5,40,0.9020833333333333,0.9020833333333333,90.21%,90.208%,90.21%,90.208%,mean_seeds_within_subject_then_mean_subjects,0.069939016313,sum of sealed job_total_seconds measured on the formal four-RTX-A5000 workstation; not a wall-clock estimate or cross-hardware promise,private_institutional_authorization_required,false,false,"opened-development evidence only; not independent confirmation, a clinical result, or a global SOTA claim",strict score match requires the exact selected Cartesian replay and checks accuracy plus balanced accuracy; it does not imply bit-exact predictions,"rank is sealed-table context, not established by replaying one cell or one model; rank confirmation requires all 43 complete model rows","fixed-protocol replication is not exact execution identity unless source, cache, split, lock, CUDA, driver, and physical GPU identities all match",65b93b7e5d09cfc30fb6ce28156368e66aec1503f4efa37faa3189e25ebbc3b1,548c0bb707ac99debfafbc9082dd322aec7eb799e69f1ad69e25231eeb75873f,ed1070f69367e36109c473c193b4f898de40ad689a8d367ac3d9e7471a82a1cd,results/common_grid_v6/analysis/dataset_summary.csv,0f24934e47c275ffb66b06e78266cb7fc1883f3046da876a5ed50089c09686cf,results/common_grid_v6/analysis/model_ranking.csv,adddfd4687e09710b2867252fc873687f48ef073c555a9c0b604af9dd31e4e32,results/common_grid_v6/analysis/job_metrics.csv,fda26e3a545811d1f9d4b4ed2b9885cff0bab3505f6be8e6eb97491bb3355e1d,model::cardinal_fbc_compactdyn_extended,false,${CACHE_ROOT:?set CACHE_ROOT},${REVIEWER_ROOT:?set REVIEWER_ROOT},${REVIEWER_ROOT:?set REVIEWER_ROOT}/cardinal_fbc_compactdyn_extended__local_exp4,${GPU:?set GPU},scripts/reproduce.sh reviewer estimate --scope dataset --model cardinal_fbc_compactdyn_extended --dataset local_exp4,"scripts/reproduce.sh reviewer run --scope dataset --model cardinal_fbc_compactdyn_extended --dataset local_exp4 --cache-root ""${CACHE_ROOT:?set CACHE_ROOT}"" --run-root ""${REVIEWER_ROOT:?set REVIEWER_ROOT}/cardinal_fbc_compactdyn_extended__local_exp4"" --gpu ""${GPU:?set GPU}""","scripts/reproduce.sh reviewer status --run-root ""${REVIEWER_ROOT:?set REVIEWER_ROOT}/cardinal_fbc_compactdyn_extended__local_exp4""","scripts/reproduce.sh reviewer compare --run-root ""${REVIEWER_ROOT:?set REVIEWER_ROOT}/cardinal_fbc_compactdyn_extended__local_exp4"" --cache-root ""${CACHE_ROOT:?set CACHE_ROOT}"""
dataset::cardinal_fbc_compactdyn_extended::bnci2014_001,cardinal_fbc_compactdyn_extended::bnci2014_001,cardinal_fbc_compactdyn_extended,2,equal_dataset_macro_balanced_accuracy,descriptive_opened_development_suite_only,2,sealed overall accuracy descending; frozen plan architecture order breaks exact ties,dataset,bnci2014_001,dataset,9,1,9,5,45,0.7573302469135803,0.7573302469135803,75.73%,75.733%,75.73%,75.733%,mean_seeds_within_subject_then_mean_subjects,0.239675221931,sum of sealed job_total_seconds measured on the formal four-RTX-A5000 workstation; not a wall-clock estimate or cross-hardware promise,public_official_record_cc_by_nd_4_0_subject_to_terms,true,false,"opened-development evidence only; not independent confirmation, a clinical result, or a global SOTA claim",strict score match requires the exact selected Cartesian replay and checks accuracy plus balanced accuracy; it does not imply bit-exact predictions,"rank is sealed-table context, not established by replaying one cell or one model; rank confirmation requires all 43 complete model rows","fixed-protocol replication is not exact execution identity unless source, cache, split, lock, CUDA, driver, and physical GPU identities all match",65b93b7e5d09cfc30fb6ce28156368e66aec1503f4efa37faa3189e25ebbc3b1,548c0bb707ac99debfafbc9082dd322aec7eb799e69f1ad69e25231eeb75873f,ed1070f69367e36109c473c193b4f898de40ad689a8d367ac3d9e7471a82a1cd,results/common_grid_v6/analysis/dataset_summary.csv,0f24934e47c275ffb66b06e78266cb7fc1883f3046da876a5ed50089c09686cf,results/common_grid_v6/analysis/model_ranking.csv,adddfd4687e09710b2867252fc873687f48ef073c555a9c0b604af9dd31e4e32,results/common_grid_v6/analysis/job_metrics.csv,fda26e3a545811d1f9d4b4ed2b9885cff0bab3505f6be8e6eb97491bb3355e1d,model::cardinal_fbc_compactdyn_extended,false,${CACHE_ROOT:?set CACHE_ROOT},${REVIEWER_ROOT:?set REVIEWER_ROOT},${REVIEWER_ROOT:?set REVIEWER_ROOT}/cardinal_fbc_compactdyn_extended__bnci2014_001,${GPU:?set GPU},scripts/reproduce.sh reviewer estimate --scope dataset --model cardinal_fbc_compactdyn_extended --dataset bnci2014_001,"scripts/reproduce.sh reviewer run --scope dataset --model cardinal_fbc_compactdyn_extended --dataset bnci2014_001 --cache-root ""${CACHE_ROOT:?set CACHE_ROOT}"" --run-root ""${REVIEWER_ROOT:?set REVIEWER_ROOT}/cardinal_fbc_compactdyn_extended__bnci2014_001"" --gpu ""${GPU:?set GPU}""","scripts/reproduce.sh reviewer status --run-root ""${REVIEWER_ROOT:?set REVIEWER_ROOT}/cardinal_fbc_compactdyn_extended__bnci2014_001""","scripts/reproduce.sh reviewer compare --run-root ""${REVIEWER_ROOT:?set REVIEWER_ROOT}/cardinal_fbc_compactdyn_extended__bnci2014_001"" --cache-root ""${CACHE_ROOT:?set CACHE_ROOT}"""
dataset::cardinal_fbc_compactdyn_extended::bnci2014_004,cardinal_fbc_compactdyn_extended::bnci2014_004,cardinal_fbc_compactdyn_extended,2,equal_dataset_macro_balanced_accuracy,descriptive_opened_development_suite_only,2,sealed overall accuracy descending; frozen plan architecture order breaks exact ties,dataset,bnci2014_004,dataset,9,1,9,5,45,0.7761210317460319,0.7761210317460319,77.61%,77.612%,77.61%,77.612%,mean_seeds_within_subject_then_mean_subjects,0.094704032401,sum of sealed job_total_seconds measured on the formal four-RTX-A5000 workstation; not a wall-clock estimate or cross-hardware promise,public_official_record_cc_by_nd_4_0_subject_to_terms,true,false,"opened-development evidence only; not independent confirmation, a clinical result, or a global SOTA claim",strict score match requires the exact selected Cartesian replay and checks accuracy plus balanced accuracy; it does not imply bit-exact predictions,"rank is sealed-table context, not established by replaying one cell or one model; rank confirmation requires all 43 complete model rows","fixed-protocol replication is not exact execution identity unless source, cache, split, lock, CUDA, driver, and physical GPU identities all match",65b93b7e5d09cfc30fb6ce28156368e66aec1503f4efa37faa3189e25ebbc3b1,548c0bb707ac99debfafbc9082dd322aec7eb799e69f1ad69e25231eeb75873f,ed1070f69367e36109c473c193b4f898de40ad689a8d367ac3d9e7471a82a1cd,results/common_grid_v6/analysis/dataset_summary.csv,0f24934e47c275ffb66b06e78266cb7fc1883f3046da876a5ed50089c09686cf,results/common_grid_v6/analysis/model_ranking.csv,adddfd4687e09710b2867252fc873687f48ef073c555a9c0b604af9dd31e4e32,results/common_grid_v6/analysis/job_metrics.csv,fda26e3a545811d1f9d4b4ed2b9885cff0bab3505f6be8e6eb97491bb3355e1d,model::cardinal_fbc_compactdyn_extended,false,${CACHE_ROOT:?set CACHE_ROOT},${REVIEWER_ROOT:?set REVIEWER_ROOT},${REVIEWER_ROOT:?set REVIEWER_ROOT}/cardinal_fbc_compactdyn_extended__bnci2014_004,${GPU:?set GPU},scripts/reproduce.sh reviewer estimate --scope dataset --model cardinal_fbc_compactdyn_extended --dataset bnci2014_004,"scripts/reproduce.sh reviewer run --scope dataset --model cardinal_fbc_compactdyn_extended --dataset bnci2014_004 --cache-root ""${CACHE_ROOT:?set CACHE_ROOT}"" --run-root ""${REVIEWER_ROOT:?set REVIEWER_ROOT}/cardinal_fbc_compactdyn_extended__bnci2014_004"" --gpu ""${GPU:?set GPU}""","scripts/reproduce.sh reviewer status --run-root ""${REVIEWER_ROOT:?set REVIEWER_ROOT}/cardinal_fbc_compactdyn_extended__bnci2014_004""","scripts/reproduce.sh reviewer compare --run-root ""${REVIEWER_ROOT:?set REVIEWER_ROOT}/cardinal_fbc_compactdyn_extended__bnci2014_004"" --cache-root ""${CACHE_ROOT:?set CACHE_ROOT}"""
dataset::cardinal_fbc_compactdyn_extended::cho2017,cardinal_fbc_compactdyn_extended::cho2017,cardinal_fbc_compactdyn_extended,2,equal_dataset_macro_balanced_accuracy,descriptive_opened_development_suite_only,2,sealed overall accuracy descending; frozen plan architecture order breaks exact ties,dataset,cho2017,dataset,52,5,260,5,1300,0.7114871794871794,0.7114871794871794,71.15%,71.149%,71.15%,71.149%,mean_seeds_within_subject_then_mean_subjects,1.947956678289,sum of sealed job_total_seconds measured on the formal four-RTX-A5000 workstation; not a wall-clock estimate or cross-hardware promise,public_record_exact_acquired_byte_terms_unresolved,true,false,"opened-development evidence only; not independent confirmation, a clinical result, or a global SOTA claim",strict score match requires the exact selected Cartesian replay and checks accuracy plus balanced accuracy; it does not imply bit-exact predictions,"rank is sealed-table context, not established by replaying one cell or one model; rank confirmation requires all 43 complete model rows","fixed-protocol replication is not exact execution identity unless source, cache, split, lock, CUDA, driver, and physical GPU identities all match",65b93b7e5d09cfc30fb6ce28156368e66aec1503f4efa37faa3189e25ebbc3b1,548c0bb707ac99debfafbc9082dd322aec7eb799e69f1ad69e25231eeb75873f,ed1070f69367e36109c473c193b4f898de40ad689a8d367ac3d9e7471a82a1cd,results/common_grid_v6/analysis/dataset_summary.csv,0f24934e47c275ffb66b06e78266cb7fc1883f3046da876a5ed50089c09686cf,results/common_grid_v6/analysis/model_ranking.csv,adddfd4687e09710b2867252fc873687f48ef073c555a9c0b604af9dd31e4e32,results/common_grid_v6/analysis/job_metrics.csv,fda26e3a545811d1f9d4b4ed2b9885cff0bab3505f6be8e6eb97491bb3355e1d,model::cardinal_fbc_compactdyn_extended,false,${CACHE_ROOT:?set CACHE_ROOT},${REVIEWER_ROOT:?set REVIEWER_ROOT},${REVIEWER_ROOT:?set REVIEWER_ROOT}/cardinal_fbc_compactdyn_extended__cho2017,${GPU:?set GPU},scripts/reproduce.sh reviewer estimate --scope dataset --model cardinal_fbc_compactdyn_extended --dataset cho2017,"scripts/reproduce.sh reviewer run --scope dataset --model cardinal_fbc_compactdyn_extended --dataset cho2017 --cache-root ""${CACHE_ROOT:?set CACHE_ROOT}"" --run-root ""${REVIEWER_ROOT:?set REVIEWER_ROOT}/cardinal_fbc_compactdyn_extended__cho2017"" --gpu ""${GPU:?set GPU}""","scripts/reproduce.sh reviewer status --run-root ""${REVIEWER_ROOT:?set REVIEWER_ROOT}/cardinal_fbc_compactdyn_extended__cho2017""","scripts/reproduce.sh reviewer compare --run-root ""${REVIEWER_ROOT:?set REVIEWER_ROOT}/cardinal_fbc_compactdyn_extended__cho2017"" --cache-root ""${CACHE_ROOT:?set CACHE_ROOT}"""
dataset::cardinal_fbc_compactdyn_extended::physionet_mi,cardinal_fbc_compactdyn_extended::physionet_mi,cardinal_fbc_compactdyn_extended,2,equal_dataset_macro_balanced_accuracy,descriptive_opened_development_suite_only,2,sealed overall accuracy descending; frozen plan architecture order breaks exact ties,dataset,physionet_mi,dataset,54,3,162,5,810,0.5412345679012346,0.54083136401977,54.12%,54.123%,54.08%,54.083%,mean_seeds_within_subject_then_mean_subjects,0.300996728549,sum of sealed job_total_seconds measured on the formal four-RTX-A5000 workstation; not a wall-clock estimate or cross-hardware promise,public_official_record_odc_by_1_0_subject_to_terms,true,false,"opened-development evidence only; not independent confirmation, a clinical result, or a global SOTA claim",strict score match requires the exact selected Cartesian replay and checks accuracy plus balanced accuracy; it does not imply bit-exact predictions,"rank is sealed-table context, not established by replaying one cell or one model; rank confirmation requires all 43 complete model rows","fixed-protocol replication is not exact execution identity unless source, cache, split, lock, CUDA, driver, and physical GPU identities all match",65b93b7e5d09cfc30fb6ce28156368e66aec1503f4efa37faa3189e25ebbc3b1,548c0bb707ac99debfafbc9082dd322aec7eb799e69f1ad69e25231eeb75873f,ed1070f69367e36109c473c193b4f898de40ad689a8d367ac3d9e7471a82a1cd,results/common_grid_v6/analysis/dataset_summary.csv,0f24934e47c275ffb66b06e78266cb7fc1883f3046da876a5ed50089c09686cf,results/common_grid_v6/analysis/model_ranking.csv,adddfd4687e09710b2867252fc873687f48ef073c555a9c0b604af9dd31e4e32,results/common_grid_v6/analysis/job_metrics.csv,fda26e3a545811d1f9d4b4ed2b9885cff0bab3505f6be8e6eb97491bb3355e1d,model::cardinal_fbc_compactdyn_extended,false,${CACHE_ROOT:?set CACHE_ROOT},${REVIEWER_ROOT:?set REVIEWER_ROOT},${REVIEWER_ROOT:?set REVIEWER_ROOT}/cardinal_fbc_compactdyn_extended__physionet_mi,${GPU:?set GPU},scripts/reproduce.sh reviewer estimate --scope dataset --model cardinal_fbc_compactdyn_extended --dataset physionet_mi,"scripts/reproduce.sh reviewer run --scope dataset --model cardinal_fbc_compactdyn_extended --dataset physionet_mi --cache-root ""${CACHE_ROOT:?set CACHE_ROOT}"" --run-root ""${REVIEWER_ROOT:?set REVIEWER_ROOT}/cardinal_fbc_compactdyn_extended__physionet_mi"" --gpu ""${GPU:?set GPU}""","scripts/reproduce.sh reviewer status --run-root ""${REVIEWER_ROOT:?set REVIEWER_ROOT}/cardinal_fbc_compactdyn_extended__physionet_mi""","scripts/reproduce.sh reviewer compare --run-root ""${REVIEWER_ROOT:?set REVIEWER_ROOT}/cardinal_fbc_compactdyn_extended__physionet_mi"" --cache-root ""${CACHE_ROOT:?set CACHE_ROOT}"""
model::cardinal_fbc_compactdyn_extended,cardinal_fbc_compactdyn_extended::overall,cardinal_fbc_compactdyn_extended,2,equal_dataset_macro_balanced_accuracy,descriptive_opened_development_suite_only,2,sealed overall accuracy descending; frozen plan architecture order breaks exact ties,overall,overall,model,132,by_dataset:1|1|1|5|3,448,5,2240,0.737651271876272,0.737570631099979,73.77%,73.765%,73.76%,73.757%,fold_concatenation_then_seed_mean_then_subject_mean_then_equal_dataset_mean,2.653271677483,sum of sealed job_total_seconds measured on the formal four-RTX-A5000 workstation; not a wall-clock estimate or cross-hardware promise,mixed_includes_private_local_exp4_authorization_required,false,false,"opened-development evidence only; not independent confirmation, a clinical result, or a global SOTA claim",strict score match requires the exact selected Cartesian replay and checks accuracy plus balanced accuracy; it does not imply bit-exact predictions,"rank is sealed-table context, not established by replaying one cell or one model; rank confirmation requires all 43 complete model rows","fixed-protocol replication is not exact execution identity unless source, cache, split, lock, CUDA, driver, and physical GPU identities all match",65b93b7e5d09cfc30fb6ce28156368e66aec1503f4efa37faa3189e25ebbc3b1,548c0bb707ac99debfafbc9082dd322aec7eb799e69f1ad69e25231eeb75873f,ed1070f69367e36109c473c193b4f898de40ad689a8d367ac3d9e7471a82a1cd,results/common_grid_v6/analysis/overall_summary.csv,d45dd54801f4ba9074bba808cd7076bd04c9a5267944ec4f7af274de96a11c6f,results/common_grid_v6/analysis/model_ranking.csv,adddfd4687e09710b2867252fc873687f48ef073c555a9c0b604af9dd31e4e32,results/common_grid_v6/analysis/job_metrics.csv,fda26e3a545811d1f9d4b4ed2b9885cff0bab3505f6be8e6eb97491bb3355e1d,model::cardinal_fbc_compactdyn_extended,true,${CACHE_ROOT:?set CACHE_ROOT},${REVIEWER_ROOT:?set REVIEWER_ROOT},${REVIEWER_ROOT:?set REVIEWER_ROOT}/cardinal_fbc_compactdyn_extended__overall,${GPU:?set GPU},scripts/reproduce.sh reviewer estimate --scope model --model cardinal_fbc_compactdyn_extended,"scripts/reproduce.sh reviewer run --scope model --model cardinal_fbc_compactdyn_extended --cache-root ""${CACHE_ROOT:?set CACHE_ROOT}"" --run-root ""${REVIEWER_ROOT:?set REVIEWER_ROOT}/cardinal_fbc_compactdyn_extended__overall"" --gpu ""${GPU:?set GPU}""","scripts/reproduce.sh reviewer status --run-root ""${REVIEWER_ROOT:?set REVIEWER_ROOT}/cardinal_fbc_compactdyn_extended__overall""","scripts/reproduce.sh reviewer compare --run-root ""${REVIEWER_ROOT:?set REVIEWER_ROOT}/cardinal_fbc_compactdyn_extended__overall"" --cache-root ""${CACHE_ROOT:?set CACHE_ROOT}"""
dataset::cardinal_dynamics_sinc_extended::local_exp4,cardinal_dynamics_sinc_extended::local_exp4,cardinal_dynamics_sinc_extended,3,equal_dataset_macro_balanced_accuracy,descriptive_opened_development_suite_only,3,sealed overall accuracy descending; frozen plan architecture order breaks exact ties,dataset,local_exp4,dataset,8,1,8,5,40,0.91625,0.91625,91.62%,91.625%,91.62%,91.625%,mean_seeds_within_subject_then_mean_subjects,0.066063477127,sum of sealed job_total_seconds measured on the formal four-RTX-A5000 workstation; not a wall-clock estimate or cross-hardware promise,private_institutional_authorization_required,false,false,"opened-development evidence only; not independent confirmation, a clinical result, or a global SOTA claim",strict score match requires the exact selected Cartesian replay and checks accuracy plus balanced accuracy; it does not imply bit-exact predictions,"rank is sealed-table context, not established by replaying one cell or one model; rank confirmation requires all 43 complete model rows","fixed-protocol replication is not exact execution identity unless source, cache, split, lock, CUDA, driver, and physical GPU identities all match",65b93b7e5d09cfc30fb6ce28156368e66aec1503f4efa37faa3189e25ebbc3b1,548c0bb707ac99debfafbc9082dd322aec7eb799e69f1ad69e25231eeb75873f,ed1070f69367e36109c473c193b4f898de40ad689a8d367ac3d9e7471a82a1cd,results/common_grid_v6/analysis/dataset_summary.csv,0f24934e47c275ffb66b06e78266cb7fc1883f3046da876a5ed50089c09686cf,results/common_grid_v6/analysis/model_ranking.csv,adddfd4687e09710b2867252fc873687f48ef073c555a9c0b604af9dd31e4e32,results/common_grid_v6/analysis/job_metrics.csv,fda26e3a545811d1f9d4b4ed2b9885cff0bab3505f6be8e6eb97491bb3355e1d,model::cardinal_dynamics_sinc_extended,false,${CACHE_ROOT:?set CACHE_ROOT},${REVIEWER_ROOT:?set REVIEWER_ROOT},${REVIEWER_ROOT:?set REVIEWER_ROOT}/cardinal_dynamics_sinc_extended__local_exp4,${GPU:?set GPU},scripts/reproduce.sh reviewer estimate --scope dataset --model cardinal_dynamics_sinc_extended --dataset local_exp4,"scripts/reproduce.sh reviewer run --scope dataset --model cardinal_dynamics_sinc_extended --dataset local_exp4 --cache-root ""${CACHE_ROOT:?set CACHE_ROOT}"" --run-root ""${REVIEWER_ROOT:?set REVIEWER_ROOT}/cardinal_dynamics_sinc_extended__local_exp4"" --gpu ""${GPU:?set GPU}""","scripts/reproduce.sh reviewer status --run-root ""${REVIEWER_ROOT:?set REVIEWER_ROOT}/cardinal_dynamics_sinc_extended__local_exp4""","scripts/reproduce.sh reviewer compare --run-root ""${REVIEWER_ROOT:?set REVIEWER_ROOT}/cardinal_dynamics_sinc_extended__local_exp4"" --cache-root ""${CACHE_ROOT:?set CACHE_ROOT}"""
dataset::cardinal_dynamics_sinc_extended::bnci2014_001,cardinal_dynamics_sinc_extended::bnci2014_001,cardinal_dynamics_sinc_extended,3,equal_dataset_macro_balanced_accuracy,descriptive_opened_development_suite_only,3,sealed overall accuracy descending; frozen plan architecture order breaks exact ties,dataset,bnci2014_001,dataset,9,1,9,5,45,0.7101851851851851,0.7101851851851851,71.02%,71.019%,71.02%,71.019%,mean_seeds_within_subject_then_mean_subjects,0.178495735630,sum of sealed job_total_seconds measured on the formal four-RTX-A5000 workstation; not a wall-clock estimate or cross-hardware promise,public_official_record_cc_by_nd_4_0_subject_to_terms,true,false,"opened-development evidence only; not independent confirmation, a clinical result, or a global SOTA claim",strict score match requires the exact selected Cartesian replay and checks accuracy plus balanced accuracy; it does not imply bit-exact predictions,"rank is sealed-table context, not established by replaying one cell or one model; rank confirmation requires all 43 complete model rows","fixed-protocol replication is not exact execution identity unless source, cache, split, lock, CUDA, driver, and physical GPU identities all match",65b93b7e5d09cfc30fb6ce28156368e66aec1503f4efa37faa3189e25ebbc3b1,548c0bb707ac99debfafbc9082dd322aec7eb799e69f1ad69e25231eeb75873f,ed1070f69367e36109c473c193b4f898de40ad689a8d367ac3d9e7471a82a1cd,results/common_grid_v6/analysis/dataset_summary.csv,0f24934e47c275ffb66b06e78266cb7fc1883f3046da876a5ed50089c09686cf,results/common_grid_v6/analysis/model_ranking.csv,adddfd4687e09710b2867252fc873687f48ef073c555a9c0b604af9dd31e4e32,results/common_grid_v6/analysis/job_metrics.csv,fda26e3a545811d1f9d4b4ed2b9885cff0bab3505f6be8e6eb97491bb3355e1d,model::cardinal_dynamics_sinc_extended,false,${CACHE_ROOT:?set CACHE_ROOT},${REVIEWER_ROOT:?set REVIEWER_ROOT},${REVIEWER_ROOT:?set REVIEWER_ROOT}/cardinal_dynamics_sinc_extended__bnci2014_001,${GPU:?set GPU},scripts/reproduce.sh reviewer estimate --scope dataset --model cardinal_dynamics_sinc_extended --dataset bnci2014_001,"scripts/reproduce.sh reviewer run --scope dataset --model cardinal_dynamics_sinc_extended --dataset bnci2014_001 --cache-root ""${CACHE_ROOT:?set CACHE_ROOT}"" --run-root ""${REVIEWER_ROOT:?set REVIEWER_ROOT}/cardinal_dynamics_sinc_extended__bnci2014_001"" --gpu ""${GPU:?set GPU}""","scripts/reproduce.sh reviewer status --run-root ""${REVIEWER_ROOT:?set REVIEWER_ROOT}/cardinal_dynamics_sinc_extended__bnci2014_001""","scripts/reproduce.sh reviewer compare --run-root ""${REVIEWER_ROOT:?set REVIEWER_ROOT}/cardinal_dynamics_sinc_extended__bnci2014_001"" --cache-root ""${CACHE_ROOT:?set CACHE_ROOT}"""
dataset::cardinal_dynamics_sinc_extended::bnci2014_004,cardinal_dynamics_sinc_extended::bnci2014_004,cardinal_dynamics_sinc_extended,3,equal_dataset_macro_balanced_accuracy,descriptive_opened_development_suite_only,3,sealed overall accuracy descending; frozen plan architecture order breaks exact ties,dataset,bnci2014_004,dataset,9,1,9,5,45,0.789623015873016,0.789623015873016,78.96%,78.962%,78.96%,78.962%,mean_seeds_within_subject_then_mean_subjects,0.087296361074,sum of sealed job_total_seconds measured on the formal four-RTX-A5000 workstation; not a wall-clock estimate or cross-hardware promise,public_official_record_cc_by_nd_4_0_subject_to_terms,true,false,"opened-development evidence only; not independent confirmation, a clinical result, or a global SOTA claim",strict score match requires the exact selected Cartesian replay and checks accuracy plus balanced accuracy; it does not imply bit-exact predictions,"rank is sealed-table context, not established by replaying one cell or one model; rank confirmation requires all 43 complete model rows","fixed-protocol replication is not exact execution identity unless source, cache, split, lock, CUDA, driver, and physical GPU identities all match",65b93b7e5d09cfc30fb6ce28156368e66aec1503f4efa37faa3189e25ebbc3b1,548c0bb707ac99debfafbc9082dd322aec7eb799e69f1ad69e25231eeb75873f,ed1070f69367e36109c473c193b4f898de40ad689a8d367ac3d9e7471a82a1cd,results/common_grid_v6/analysis/dataset_summary.csv,0f24934e47c275ffb66b06e78266cb7fc1883f3046da876a5ed50089c09686cf,results/common_grid_v6/analysis/model_ranking.csv,adddfd4687e09710b2867252fc873687f48ef073c555a9c0b604af9dd31e4e32,results/common_grid_v6/analysis/job_metrics.csv,fda26e3a545811d1f9d4b4ed2b9885cff0bab3505f6be8e6eb97491bb3355e1d,model::cardinal_dynamics_sinc_extended,false,${CACHE_ROOT:?set CACHE_ROOT},${REVIEWER_ROOT:?set REVIEWER_ROOT},${REVIEWER_ROOT:?set REVIEWER_ROOT}/cardinal_dynamics_sinc_extended__bnci2014_004,${GPU:?set GPU},scripts/reproduce.sh reviewer estimate --scope dataset --model cardinal_dynamics_sinc_extended --dataset bnci2014_004,"scripts/reproduce.sh reviewer run --scope dataset --model cardinal_dynamics_sinc_extended --dataset bnci2014_004 --cache-root ""${CACHE_ROOT:?set CACHE_ROOT}"" --run-root ""${REVIEWER_ROOT:?set REVIEWER_ROOT}/cardinal_dynamics_sinc_extended__bnci2014_004"" --gpu ""${GPU:?set GPU}""","scripts/reproduce.sh reviewer status --run-root ""${REVIEWER_ROOT:?set REVIEWER_ROOT}/cardinal_dynamics_sinc_extended__bnci2014_004""","scripts/reproduce.sh reviewer compare --run-root ""${REVIEWER_ROOT:?set REVIEWER_ROOT}/cardinal_dynamics_sinc_extended__bnci2014_004"" --cache-root ""${CACHE_ROOT:?set CACHE_ROOT}"""
dataset::cardinal_dynamics_sinc_extended::cho2017,cardinal_dynamics_sinc_extended::cho2017,cardinal_dynamics_sinc_extended,3,equal_dataset_macro_balanced_accuracy,descriptive_opened_development_suite_only,3,sealed overall accuracy descending; frozen plan architecture order breaks exact ties,dataset,cho2017,dataset,52,5,260,5,1300,0.6923461538461539,0.6923461538461539,69.23%,69.235%,69.23%,69.235%,mean_seeds_within_subject_then_mean_subjects,1.511500282698,sum of sealed job_total_seconds measured on the formal four-RTX-A5000 workstation; not a wall-clock estimate or cross-hardware promise,public_record_exact_acquired_byte_terms_unresolved,true,false,"opened-development evidence only; not independent confirmation, a clinical result, or a global SOTA claim",strict score match requires the exact selected Cartesian replay and checks accuracy plus balanced accuracy; it does not imply bit-exact predictions,"rank is sealed-table context, not established by replaying one cell or one model; rank confirmation requires all 43 complete model rows","fixed-protocol replication is not exact execution identity unless source, cache, split, lock, CUDA, driver, and physical GPU identities all match",65b93b7e5d09cfc30fb6ce28156368e66aec1503f4efa37faa3189e25ebbc3b1,548c0bb707ac99debfafbc9082dd322aec7eb799e69f1ad69e25231eeb75873f,ed1070f69367e36109c473c193b4f898de40ad689a8d367ac3d9e7471a82a1cd,results/common_grid_v6/analysis/dataset_summary.csv,0f24934e47c275ffb66b06e78266cb7fc1883f3046da876a5ed50089c09686cf,results/common_grid_v6/analysis/model_ranking.csv,adddfd4687e09710b2867252fc873687f48ef073c555a9c0b604af9dd31e4e32,results/common_grid_v6/analysis/job_metrics.csv,fda26e3a545811d1f9d4b4ed2b9885cff0bab3505f6be8e6eb97491bb3355e1d,model::cardinal_dynamics_sinc_extended,false,${CACHE_ROOT:?set CACHE_ROOT},${REVIEWER_ROOT:?set REVIEWER_ROOT},${REVIEWER_ROOT:?set REVIEWER_ROOT}/cardinal_dynamics_sinc_extended__cho2017,${GPU:?set GPU},scripts/reproduce.sh reviewer estimate --scope dataset --model cardinal_dynamics_sinc_extended --dataset cho2017,"scripts/reproduce.sh reviewer run --scope dataset --model cardinal_dynamics_sinc_extended --dataset cho2017 --cache-root ""${CACHE_ROOT:?set CACHE_ROOT}"" --run-root ""${REVIEWER_ROOT:?set REVIEWER_ROOT}/cardinal_dynamics_sinc_extended__cho2017"" --gpu ""${GPU:?set GPU}""","scripts/reproduce.sh reviewer status --run-root ""${REVIEWER_ROOT:?set REVIEWER_ROOT}/cardinal_dynamics_sinc_extended__cho2017""","scripts/reproduce.sh reviewer compare --run-root ""${REVIEWER_ROOT:?set REVIEWER_ROOT}/cardinal_dynamics_sinc_extended__cho2017"" --cache-root ""${CACHE_ROOT:?set CACHE_ROOT}"""
dataset::cardinal_dynamics_sinc_extended::physionet_mi,cardinal_dynamics_sinc_extended::physionet_mi,cardinal_dynamics_sinc_extended,3,equal_dataset_macro_balanced_accuracy,descriptive_opened_development_suite_only,3,sealed overall accuracy descending; frozen plan architecture order breaks exact ties,dataset,physionet_mi,dataset,54,3,162,5,810,0.5753086419753086,0.5749633585684312,57.53%,57.531%,57.50%,57.496%,mean_seeds_within_subject_then_mean_subjects,0.253505540706,sum of sealed job_total_seconds measured on the formal four-RTX-A5000 workstation; not a wall-clock estimate or cross-hardware promise,public_official_record_odc_by_1_0_subject_to_terms,true,false,"opened-development evidence only; not independent confirmation, a clinical result, or a global SOTA claim",strict score match requires the exact selected Cartesian replay and checks accuracy plus balanced accuracy; it does not imply bit-exact predictions,"rank is sealed-table context, not established by replaying one cell or one model; rank confirmation requires all 43 complete model rows","fixed-protocol replication is not exact execution identity unless source, cache, split, lock, CUDA, driver, and physical GPU identities all match",65b93b7e5d09cfc30fb6ce28156368e66aec1503f4efa37faa3189e25ebbc3b1,548c0bb707ac99debfafbc9082dd322aec7eb799e69f1ad69e25231eeb75873f,ed1070f69367e36109c473c193b4f898de40ad689a8d367ac3d9e7471a82a1cd,results/common_grid_v6/analysis/dataset_summary.csv,0f24934e47c275ffb66b06e78266cb7fc1883f3046da876a5ed50089c09686cf,results/common_grid_v6/analysis/model_ranking.csv,adddfd4687e09710b2867252fc873687f48ef073c555a9c0b604af9dd31e4e32,results/common_grid_v6/analysis/job_metrics.csv,fda26e3a545811d1f9d4b4ed2b9885cff0bab3505f6be8e6eb97491bb3355e1d,model::cardinal_dynamics_sinc_extended,false,${CACHE_ROOT:?set CACHE_ROOT},${REVIEWER_ROOT:?set REVIEWER_ROOT},${REVIEWER_ROOT:?set REVIEWER_ROOT}/cardinal_dynamics_sinc_extended__physionet_mi,${GPU:?set GPU},scripts/reproduce.sh reviewer estimate --scope dataset --model cardinal_dynamics_sinc_extended --dataset physionet_mi,"scripts/reproduce.sh reviewer run --scope dataset --model cardinal_dynamics_sinc_extended --dataset physionet_mi --cache-root ""${CACHE_ROOT:?set CACHE_ROOT}"" --run-root ""${REVIEWER_ROOT:?set REVIEWER_ROOT}/cardinal_dynamics_sinc_extended__physionet_mi"" --gpu ""${GPU:?set GPU}""","scripts/reproduce.sh reviewer status --run-root ""${REVIEWER_ROOT:?set REVIEWER_ROOT}/cardinal_dynamics_sinc_extended__physionet_mi""","scripts/reproduce.sh reviewer compare --run-root ""${REVIEWER_ROOT:?set REVIEWER_ROOT}/cardinal_dynamics_sinc_extended__physionet_mi"" --cache-root ""${CACHE_ROOT:?set CACHE_ROOT}"""
model::cardinal_dynamics_sinc_extended,cardinal_dynamics_sinc_extended::overall,cardinal_dynamics_sinc_extended,3,equal_dataset_macro_balanced_accuracy,descriptive_opened_development_suite_only,3,sealed overall accuracy descending; frozen plan architecture order breaks exact ties,overall,overall,model,132,by_dataset:1|1|1|5|3,448,5,2240,0.7367425993759327,0.7366735426945572,73.67%,73.674%,73.67%,73.667%,fold_concatenation_then_seed_mean_then_subject_mean_then_equal_dataset_mean,2.096861397235,sum of sealed job_total_seconds measured on the formal four-RTX-A5000 workstation; not a wall-clock estimate or cross-hardware promise,mixed_includes_private_local_exp4_authorization_required,false,false,"opened-development evidence only; not independent confirmation, a clinical result, or a global SOTA claim",strict score match requires the exact selected Cartesian replay and checks accuracy plus balanced accuracy; it does not imply bit-exact predictions,"rank is sealed-table context, not established by replaying one cell or one model; rank confirmation requires all 43 complete model rows","fixed-protocol replication is not exact execution identity unless source, cache, split, lock, CUDA, driver, and physical GPU identities all match",65b93b7e5d09cfc30fb6ce28156368e66aec1503f4efa37faa3189e25ebbc3b1,548c0bb707ac99debfafbc9082dd322aec7eb799e69f1ad69e25231eeb75873f,ed1070f69367e36109c473c193b4f898de40ad689a8d367ac3d9e7471a82a1cd,results/common_grid_v6/analysis/overall_summary.csv,d45dd54801f4ba9074bba808cd7076bd04c9a5267944ec4f7af274de96a11c6f,results/common_grid_v6/analysis/model_ranking.csv,adddfd4687e09710b2867252fc873687f48ef073c555a9c0b604af9dd31e4e32,results/common_grid_v6/analysis/job_metrics.csv,fda26e3a545811d1f9d4b4ed2b9885cff0bab3505f6be8e6eb97491bb3355e1d,model::cardinal_dynamics_sinc_extended,true,${CACHE_ROOT:?set CACHE_ROOT},${REVIEWER_ROOT:?set REVIEWER_ROOT},${REVIEWER_ROOT:?set REVIEWER_ROOT}/cardinal_dynamics_sinc_extended__overall,${GPU:?set GPU},scripts/reproduce.sh reviewer estimate --scope model --model cardinal_dynamics_sinc_extended,"scripts/reproduce.sh reviewer run --scope model --model cardinal_dynamics_sinc_extended --cache-root ""${CACHE_ROOT:?set CACHE_ROOT}"" --run-root ""${REVIEWER_ROOT:?set REVIEWER_ROOT}/cardinal_dynamics_sinc_extended__overall"" --gpu ""${GPU:?set GPU}""","scripts/reproduce.sh reviewer status --run-root ""${REVIEWER_ROOT:?set REVIEWER_ROOT}/cardinal_dynamics_sinc_extended__overall""","scripts/reproduce.sh reviewer compare --run-root ""${REVIEWER_ROOT:?set REVIEWER_ROOT}/cardinal_dynamics_sinc_extended__overall"" --cache-root ""${CACHE_ROOT:?set CACHE_ROOT}"""
dataset::cardinal_dynamics_extended::local_exp4,cardinal_dynamics_extended::local_exp4,cardinal_dynamics_extended,4,equal_dataset_macro_balanced_accuracy,descriptive_opened_development_suite_only,4,sealed overall accuracy descending; frozen plan architecture order breaks exact ties,dataset,local_exp4,dataset,8,1,8,5,40,0.90625,0.90625,90.62%,90.625%,90.62%,90.625%,mean_seeds_within_subject_then_mean_subjects,0.038411087569,sum of sealed job_total_seconds measured on the formal four-RTX-A5000 workstation; not a wall-clock estimate or cross-hardware promise,private_institutional_authorization_required,false,false,"opened-development evidence only; not independent confirmation, a clinical result, or a global SOTA claim",strict score match requires the exact selected Cartesian replay and checks accuracy plus balanced accuracy; it does not imply bit-exact predictions,"rank is sealed-table context, not established by replaying one cell or one model; rank confirmation requires all 43 complete model rows","fixed-protocol replication is not exact execution identity unless source, cache, split, lock, CUDA, driver, and physical GPU identities all match",65b93b7e5d09cfc30fb6ce28156368e66aec1503f4efa37faa3189e25ebbc3b1,548c0bb707ac99debfafbc9082dd322aec7eb799e69f1ad69e25231eeb75873f,ed1070f69367e36109c473c193b4f898de40ad689a8d367ac3d9e7471a82a1cd,results/common_grid_v6/analysis/dataset_summary.csv,0f24934e47c275ffb66b06e78266cb7fc1883f3046da876a5ed50089c09686cf,results/common_grid_v6/analysis/model_ranking.csv,adddfd4687e09710b2867252fc873687f48ef073c555a9c0b604af9dd31e4e32,results/common_grid_v6/analysis/job_metrics.csv,fda26e3a545811d1f9d4b4ed2b9885cff0bab3505f6be8e6eb97491bb3355e1d,model::cardinal_dynamics_extended,false,${CACHE_ROOT:?set CACHE_ROOT},${REVIEWER_ROOT:?set REVIEWER_ROOT},${REVIEWER_ROOT:?set REVIEWER_ROOT}/cardinal_dynamics_extended__local_exp4,${GPU:?set GPU},scripts/reproduce.sh reviewer estimate --scope dataset --model cardinal_dynamics_extended --dataset local_exp4,"scripts/reproduce.sh reviewer run --scope dataset --model cardinal_dynamics_extended --dataset local_exp4 --cache-root ""${CACHE_ROOT:?set CACHE_ROOT}"" --run-root ""${REVIEWER_ROOT:?set REVIEWER_ROOT}/cardinal_dynamics_extended__local_exp4"" --gpu ""${GPU:?set GPU}""","scripts/reproduce.sh reviewer status --run-root ""${REVIEWER_ROOT:?set REVIEWER_ROOT}/cardinal_dynamics_extended__local_exp4""","scripts/reproduce.sh reviewer compare --run-root ""${REVIEWER_ROOT:?set REVIEWER_ROOT}/cardinal_dynamics_extended__local_exp4"" --cache-root ""${CACHE_ROOT:?set CACHE_ROOT}"""
dataset::cardinal_dynamics_extended::bnci2014_001,cardinal_dynamics_extended::bnci2014_001,cardinal_dynamics_extended,4,equal_dataset_macro_balanced_accuracy,descriptive_opened_development_suite_only,4,sealed overall accuracy descending; frozen plan architecture order breaks exact ties,dataset,bnci2014_001,dataset,9,1,9,5,45,0.7060956790123457,0.7060956790123457,70.61%,70.610%,70.61%,70.610%,mean_seeds_within_subject_then_mean_subjects,0.137005312171,sum of sealed job_total_seconds measured on the formal four-RTX-A5000 workstation; not a wall-clock estimate or cross-hardware promise,public_official_record_cc_by_nd_4_0_subject_to_terms,true,false,"opened-development evidence only; not independent confirmation, a clinical result, or a global SOTA claim",strict score match requires the exact selected Cartesian replay and checks accuracy plus balanced accuracy; it does not imply bit-exact predictions,"rank is sealed-table context, not established by replaying one cell or one model; rank confirmation requires all 43 complete model rows","fixed-protocol replication is not exact execution identity unless source, cache, split, lock, CUDA, driver, and physical GPU identities all match",65b93b7e5d09cfc30fb6ce28156368e66aec1503f4efa37faa3189e25ebbc3b1,548c0bb707ac99debfafbc9082dd322aec7eb799e69f1ad69e25231eeb75873f,ed1070f69367e36109c473c193b4f898de40ad689a8d367ac3d9e7471a82a1cd,results/common_grid_v6/analysis/dataset_summary.csv,0f24934e47c275ffb66b06e78266cb7fc1883f3046da876a5ed50089c09686cf,results/common_grid_v6/analysis/model_ranking.csv,adddfd4687e09710b2867252fc873687f48ef073c555a9c0b604af9dd31e4e32,results/common_grid_v6/analysis/job_metrics.csv,fda26e3a545811d1f9d4b4ed2b9885cff0bab3505f6be8e6eb97491bb3355e1d,model::cardinal_dynamics_extended,false,${CACHE_ROOT:?set CACHE_ROOT},${REVIEWER_ROOT:?set REVIEWER_ROOT},${REVIEWER_ROOT:?set REVIEWER_ROOT}/cardinal_dynamics_extended__bnci2014_001,${GPU:?set GPU},scripts/reproduce.sh reviewer estimate --scope dataset --model cardinal_dynamics_extended --dataset bnci2014_001,"scripts/reproduce.sh reviewer run --scope dataset --model cardinal_dynamics_extended --dataset bnci2014_001 --cache-root ""${CACHE_ROOT:?set CACHE_ROOT}"" --run-root ""${REVIEWER_ROOT:?set REVIEWER_ROOT}/cardinal_dynamics_extended__bnci2014_001"" --gpu ""${GPU:?set GPU}""","scripts/reproduce.sh reviewer status --run-root ""${REVIEWER_ROOT:?set REVIEWER_ROOT}/cardinal_dynamics_extended__bnci2014_001""","scripts/reproduce.sh reviewer compare --run-root ""${REVIEWER_ROOT:?set REVIEWER_ROOT}/cardinal_dynamics_extended__bnci2014_001"" --cache-root ""${CACHE_ROOT:?set CACHE_ROOT}"""
dataset::cardinal_dynamics_extended::bnci2014_004,cardinal_dynamics_extended::bnci2014_004,cardinal_dynamics_extended,4,equal_dataset_macro_balanced_accuracy,descriptive_opened_development_suite_only,4,sealed overall accuracy descending; frozen plan architecture order breaks exact ties,dataset,bnci2014_004,dataset,9,1,9,5,45,0.7813492063492063,0.7813492063492063,78.13%,78.135%,78.13%,78.135%,mean_seeds_within_subject_then_mean_subjects,0.058518613533,sum of sealed job_total_seconds measured on the formal four-RTX-A5000 workstation; not a wall-clock estimate or cross-hardware promise,public_official_record_cc_by_nd_4_0_subject_to_terms,true,false,"opened-development evidence only; not independent confirmation, a clinical result, or a global SOTA claim",strict score match requires the exact selected Cartesian replay and checks accuracy plus balanced accuracy; it does not imply bit-exact predictions,"rank is sealed-table context, not established by replaying one cell or one model; rank confirmation requires all 43 complete model rows","fixed-protocol replication is not exact execution identity unless source, cache, split, lock, CUDA, driver, and physical GPU identities all match",65b93b7e5d09cfc30fb6ce28156368e66aec1503f4efa37faa3189e25ebbc3b1,548c0bb707ac99debfafbc9082dd322aec7eb799e69f1ad69e25231eeb75873f,ed1070f69367e36109c473c193b4f898de40ad689a8d367ac3d9e7471a82a1cd,results/common_grid_v6/analysis/dataset_summary.csv,0f24934e47c275ffb66b06e78266cb7fc1883f3046da876a5ed50089c09686cf,results/common_grid_v6/analysis/model_ranking.csv,adddfd4687e09710b2867252fc873687f48ef073c555a9c0b604af9dd31e4e32,results/common_grid_v6/analysis/job_metrics.csv,fda26e3a545811d1f9d4b4ed2b9885cff0bab3505f6be8e6eb97491bb3355e1d,model::cardinal_dynamics_extended,false,${CACHE_ROOT:?set CACHE_ROOT},${REVIEWER_ROOT:?set REVIEWER_ROOT},${REVIEWER_ROOT:?set REVIEWER_ROOT}/cardinal_dynamics_extended__bnci2014_004,${GPU:?set GPU},scripts/reproduce.sh reviewer estimate --scope dataset --model cardinal_dynamics_extended --dataset bnci2014_004,"scripts/reproduce.sh reviewer run --scope dataset --model cardinal_dynamics_extended --dataset bnci2014_004 --cache-root ""${CACHE_ROOT:?set CACHE_ROOT}"" --run-root ""${REVIEWER_ROOT:?set REVIEWER_ROOT}/cardinal_dynamics_extended__bnci2014_004"" --gpu ""${GPU:?set GPU}""","scripts/reproduce.sh reviewer status --run-root ""${REVIEWER_ROOT:?set REVIEWER_ROOT}/cardinal_dynamics_extended__bnci2014_004""","scripts/reproduce.sh reviewer compare --run-root ""${REVIEWER_ROOT:?set REVIEWER_ROOT}/cardinal_dynamics_extended__bnci2014_004"" --cache-root ""${CACHE_ROOT:?set CACHE_ROOT}"""
dataset::cardinal_dynamics_extended::cho2017,cardinal_dynamics_extended::cho2017,cardinal_dynamics_extended,4,equal_dataset_macro_balanced_accuracy,descriptive_opened_development_suite_only,4,sealed overall accuracy descending; frozen plan architecture order breaks exact ties,dataset,cho2017,dataset,52,5,260,5,1300,0.7021378205128204,0.7021378205128206,70.21%,70.214%,70.21%,70.214%,mean_seeds_within_subject_then_mean_subjects,1.039605715819,sum of sealed job_total_seconds measured on the formal four-RTX-A5000 workstation; not a wall-clock estimate or cross-hardware promise,public_record_exact_acquired_byte_terms_unresolved,true,false,"opened-development evidence only; not independent confirmation, a clinical result, or a global SOTA claim",strict score match requires the exact selected Cartesian replay and checks accuracy plus balanced accuracy; it does not imply bit-exact predictions,"rank is sealed-table context, not established by replaying one cell or one model; rank confirmation requires all 43 complete model rows","fixed-protocol replication is not exact execution identity unless source, cache, split, lock, CUDA, driver, and physical GPU identities all match",65b93b7e5d09cfc30fb6ce28156368e66aec1503f4efa37faa3189e25ebbc3b1,548c0bb707ac99debfafbc9082dd322aec7eb799e69f1ad69e25231eeb75873f,ed1070f69367e36109c473c193b4f898de40ad689a8d367ac3d9e7471a82a1cd,results/common_grid_v6/analysis/dataset_summary.csv,0f24934e47c275ffb66b06e78266cb7fc1883f3046da876a5ed50089c09686cf,results/common_grid_v6/analysis/model_ranking.csv,adddfd4687e09710b2867252fc873687f48ef073c555a9c0b604af9dd31e4e32,results/common_grid_v6/analysis/job_metrics.csv,fda26e3a545811d1f9d4b4ed2b9885cff0bab3505f6be8e6eb97491bb3355e1d,model::cardinal_dynamics_extended,false,${CACHE_ROOT:?set CACHE_ROOT},${REVIEWER_ROOT:?set REVIEWER_ROOT},${REVIEWER_ROOT:?set REVIEWER_ROOT}/cardinal_dynamics_extended__cho2017,${GPU:?set GPU},scripts/reproduce.sh reviewer estimate --scope dataset --model cardinal_dynamics_extended --dataset cho2017,"scripts/reproduce.sh reviewer run --scope dataset --model cardinal_dynamics_extended --dataset cho2017 --cache-root ""${CACHE_ROOT:?set CACHE_ROOT}"" --run-root ""${REVIEWER_ROOT:?set REVIEWER_ROOT}/cardinal_dynamics_extended__cho2017"" --gpu ""${GPU:?set GPU}""","scripts/reproduce.sh reviewer status --run-root ""${REVIEWER_ROOT:?set REVIEWER_ROOT}/cardinal_dynamics_extended__cho2017""","scripts/reproduce.sh reviewer compare --run-root ""${REVIEWER_ROOT:?set REVIEWER_ROOT}/cardinal_dynamics_extended__cho2017"" --cache-root ""${CACHE_ROOT:?set CACHE_ROOT}"""
dataset::cardinal_dynamics_extended::physionet_mi,cardinal_dynamics_extended::physionet_mi,cardinal_dynamics_extended,4,equal_dataset_macro_balanced_accuracy,descriptive_opened_development_suite_only,4,sealed overall accuracy descending; frozen plan architecture order breaks exact ties,dataset,physionet_mi,dataset,54,3,162,5,810,0.5874074074074074,0.5857358958808234,58.74%,58.741%,58.57%,58.574%,mean_seeds_within_subject_then_mean_subjects,0.187804804746,sum of sealed job_total_seconds measured on the formal four-RTX-A5000 workstation; not a wall-clock estimate or cross-hardware promise,public_official_record_odc_by_1_0_subject_to_terms,true,false,"opened-development evidence only; not independent confirmation, a clinical result, or a global SOTA claim",strict score match requires the exact selected Cartesian replay and checks accuracy plus balanced accuracy; it does not imply bit-exact predictions,"rank is sealed-table context, not established by replaying one cell or one model; rank confirmation requires all 43 complete model rows","fixed-protocol replication is not exact execution identity unless source, cache, split, lock, CUDA, driver, and physical GPU identities all match",65b93b7e5d09cfc30fb6ce28156368e66aec1503f4efa37faa3189e25ebbc3b1,548c0bb707ac99debfafbc9082dd322aec7eb799e69f1ad69e25231eeb75873f,ed1070f69367e36109c473c193b4f898de40ad689a8d367ac3d9e7471a82a1cd,results/common_grid_v6/analysis/dataset_summary.csv,0f24934e47c275ffb66b06e78266cb7fc1883f3046da876a5ed50089c09686cf,results/common_grid_v6/analysis/model_ranking.csv,adddfd4687e09710b2867252fc873687f48ef073c555a9c0b604af9dd31e4e32,results/common_grid_v6/analysis/job_metrics.csv,fda26e3a545811d1f9d4b4ed2b9885cff0bab3505f6be8e6eb97491bb3355e1d,model::cardinal_dynamics_extended,false,${CACHE_ROOT:?set CACHE_ROOT},${REVIEWER_ROOT:?set REVIEWER_ROOT},${REVIEWER_ROOT:?set REVIEWER_ROOT}/cardinal_dynamics_extended__physionet_mi,${GPU:?set GPU},scripts/reproduce.sh reviewer estimate --scope dataset --model cardinal_dynamics_extended --dataset physionet_mi,"scripts/reproduce.sh reviewer run --scope dataset --model cardinal_dynamics_extended --dataset physionet_mi --cache-root ""${CACHE_ROOT:?set CACHE_ROOT}"" --run-root ""${REVIEWER_ROOT:?set REVIEWER_ROOT}/cardinal_dynamics_extended__physionet_mi"" --gpu ""${GPU:?set GPU}""","scripts/reproduce.sh reviewer status --run-root ""${REVIEWER_ROOT:?set REVIEWER_ROOT}/cardinal_dynamics_extended__physionet_mi""","scripts/reproduce.sh reviewer compare --run-root ""${REVIEWER_ROOT:?set REVIEWER_ROOT}/cardinal_dynamics_extended__physionet_mi"" --cache-root ""${CACHE_ROOT:?set CACHE_ROOT}"""
model::cardinal_dynamics_extended,cardinal_dynamics_extended::overall,cardinal_dynamics_extended,4,equal_dataset_macro_balanced_accuracy,descriptive_opened_development_suite_only,4,sealed overall accuracy descending; frozen plan architecture order breaks exact ties,overall,overall,model,132,by_dataset:1|1|1|5|3,448,5,2240,0.736648022656356,0.7363137203510393,73.66%,73.665%,73.63%,73.631%,fold_concatenation_then_seed_mean_then_subject_mean_then_equal_dataset_mean,1.461345533838,sum of sealed job_total_seconds measured on the formal four-RTX-A5000 workstation; not a wall-clock estimate or cross-hardware promise,mixed_includes_private_local_exp4_authorization_required,false,false,"opened-development evidence only; not independent confirmation, a clinical result, or a global SOTA claim",strict score match requires the exact selected Cartesian replay and checks accuracy plus balanced accuracy; it does not imply bit-exact predictions,"rank is sealed-table context, not established by replaying one cell or one model; rank confirmation requires all 43 complete model rows","fixed-protocol replication is not exact execution identity unless source, cache, split, lock, CUDA, driver, and physical GPU identities all match",65b93b7e5d09cfc30fb6ce28156368e66aec1503f4efa37faa3189e25ebbc3b1,548c0bb707ac99debfafbc9082dd322aec7eb799e69f1ad69e25231eeb75873f,ed1070f69367e36109c473c193b4f898de40ad689a8d367ac3d9e7471a82a1cd,results/common_grid_v6/analysis/overall_summary.csv,d45dd54801f4ba9074bba808cd7076bd04c9a5267944ec4f7af274de96a11c6f,results/common_grid_v6/analysis/model_ranking.csv,adddfd4687e09710b2867252fc873687f48ef073c555a9c0b604af9dd31e4e32,results/common_grid_v6/analysis/job_metrics.csv,fda26e3a545811d1f9d4b4ed2b9885cff0bab3505f6be8e6eb97491bb3355e1d,model::cardinal_dynamics_extended,true,${CACHE_ROOT:?set CACHE_ROOT},${REVIEWER_ROOT:?set REVIEWER_ROOT},${REVIEWER_ROOT:?set REVIEWER_ROOT}/cardinal_dynamics_extended__overall,${GPU:?set GPU},scripts/reproduce.sh reviewer estimate --scope model --model cardinal_dynamics_extended,"scripts/reproduce.sh reviewer run --scope model --model cardinal_dynamics_extended --cache-root ""${CACHE_ROOT:?set CACHE_ROOT}"" --run-root ""${REVIEWER_ROOT:?set REVIEWER_ROOT}/cardinal_dynamics_extended__overall"" --gpu ""${GPU:?set GPU}""","scripts/reproduce.sh reviewer status --run-root ""${REVIEWER_ROOT:?set REVIEWER_ROOT}/cardinal_dynamics_extended__overall""","scripts/reproduce.sh reviewer compare --run-root ""${REVIEWER_ROOT:?set REVIEWER_ROOT}/cardinal_dynamics_extended__overall"" --cache-root ""${CACHE_ROOT:?set CACHE_ROOT}"""
dataset::cardinal_fbc_compactdyn_scale010_extended::local_exp4,cardinal_fbc_compactdyn_scale010_extended::local_exp4,cardinal_fbc_compactdyn_scale010_extended,5,equal_dataset_macro_balanced_accuracy,descriptive_opened_development_suite_only,5,sealed overall accuracy descending; frozen plan architecture order breaks exact ties,dataset,local_exp4,dataset,8,1,8,5,40,0.91,0.91,91.00%,91.000%,91.00%,91.000%,mean_seeds_within_subject_then_mean_subjects,0.102956805511,sum of sealed job_total_seconds measured on the formal four-RTX-A5000 workstation; not a wall-clock estimate or cross-hardware promise,private_institutional_authorization_required,false,false,"opened-development evidence only; not independent confirmation, a clinical result, or a global SOTA claim",strict score match requires the exact selected Cartesian replay and checks accuracy plus balanced accuracy; it does not imply bit-exact predictions,"rank is sealed-table context, not established by replaying one cell or one model; rank confirmation requires all 43 complete model rows","fixed-protocol replication is not exact execution identity unless source, cache, split, lock, CUDA, driver, and physical GPU identities all match",65b93b7e5d09cfc30fb6ce28156368e66aec1503f4efa37faa3189e25ebbc3b1,548c0bb707ac99debfafbc9082dd322aec7eb799e69f1ad69e25231eeb75873f,ed1070f69367e36109c473c193b4f898de40ad689a8d367ac3d9e7471a82a1cd,results/common_grid_v6/analysis/dataset_summary.csv,0f24934e47c275ffb66b06e78266cb7fc1883f3046da876a5ed50089c09686cf,results/common_grid_v6/analysis/model_ranking.csv,adddfd4687e09710b2867252fc873687f48ef073c555a9c0b604af9dd31e4e32,results/common_grid_v6/analysis/job_metrics.csv,fda26e3a545811d1f9d4b4ed2b9885cff0bab3505f6be8e6eb97491bb3355e1d,model::cardinal_fbc_compactdyn_scale010_extended,false,${CACHE_ROOT:?set CACHE_ROOT},${REVIEWER_ROOT:?set REVIEWER_ROOT},${REVIEWER_ROOT:?set REVIEWER_ROOT}/cardinal_fbc_compactdyn_scale010_extended__local_exp4,${GPU:?set GPU},scripts/reproduce.sh reviewer estimate --scope dataset --model cardinal_fbc_compactdyn_scale010_extended --dataset local_exp4,"scripts/reproduce.sh reviewer run --scope dataset --model cardinal_fbc_compactdyn_scale010_extended --dataset local_exp4 --cache-root ""${CACHE_ROOT:?set CACHE_ROOT}"" --run-root ""${REVIEWER_ROOT:?set REVIEWER_ROOT}/cardinal_fbc_compactdyn_scale010_extended__local_exp4"" --gpu ""${GPU:?set GPU}""","scripts/reproduce.sh reviewer status --run-root ""${REVIEWER_ROOT:?set REVIEWER_ROOT}/cardinal_fbc_compactdyn_scale010_extended__local_exp4""","scripts/reproduce.sh reviewer compare --run-root ""${REVIEWER_ROOT:?set REVIEWER_ROOT}/cardinal_fbc_compactdyn_scale010_extended__local_exp4"" --cache-root ""${CACHE_ROOT:?set CACHE_ROOT}"""
dataset::cardinal_fbc_compactdyn_scale010_extended::bnci2014_001,cardinal_fbc_compactdyn_scale010_extended::bnci2014_001,cardinal_fbc_compactdyn_scale010_extended,5,equal_dataset_macro_balanced_accuracy,descriptive_opened_development_suite_only,5,sealed overall accuracy descending; frozen plan architecture order breaks exact ties,dataset,bnci2014_001,dataset,9,1,9,5,45,0.748070987654321,0.7480709876543209,74.81%,74.807%,74.81%,74.807%,mean_seeds_within_subject_then_mean_subjects,0.268565968536,sum of sealed job_total_seconds measured on the formal four-RTX-A5000 workstation; not a wall-clock estimate or cross-hardware promise,public_official_record_cc_by_nd_4_0_subject_to_terms,true,false,"opened-development evidence only; not independent confirmation, a clinical result, or a global SOTA claim",strict score match requires the exact selected Cartesian replay and checks accuracy plus balanced accuracy; it does not imply bit-exact predictions,"rank is sealed-table context, not established by replaying one cell or one model; rank confirmation requires all 43 complete model rows","fixed-protocol replication is not exact execution identity unless source, cache, split, lock, CUDA, driver, and physical GPU identities all match",65b93b7e5d09cfc30fb6ce28156368e66aec1503f4efa37faa3189e25ebbc3b1,548c0bb707ac99debfafbc9082dd322aec7eb799e69f1ad69e25231eeb75873f,ed1070f69367e36109c473c193b4f898de40ad689a8d367ac3d9e7471a82a1cd,results/common_grid_v6/analysis/dataset_summary.csv,0f24934e47c275ffb66b06e78266cb7fc1883f3046da876a5ed50089c09686cf,results/common_grid_v6/analysis/model_ranking.csv,adddfd4687e09710b2867252fc873687f48ef073c555a9c0b604af9dd31e4e32,results/common_grid_v6/analysis/job_metrics.csv,fda26e3a545811d1f9d4b4ed2b9885cff0bab3505f6be8e6eb97491bb3355e1d,model::cardinal_fbc_compactdyn_scale010_extended,false,${CACHE_ROOT:?set CACHE_ROOT},${REVIEWER_ROOT:?set REVIEWER_ROOT},${REVIEWER_ROOT:?set REVIEWER_ROOT}/cardinal_fbc_compactdyn_scale010_extended__bnci2014_001,${GPU:?set GPU},scripts/reproduce.sh reviewer estimate --scope dataset --model cardinal_fbc_compactdyn_scale010_extended --dataset bnci2014_001,"scripts/reproduce.sh reviewer run --scope dataset --model cardinal_fbc_compactdyn_scale010_extended --dataset bnci2014_001 --cache-root ""${CACHE_ROOT:?set CACHE_ROOT}"" --run-root ""${REVIEWER_ROOT:?set REVIEWER_ROOT}/cardinal_fbc_compactdyn_scale010_extended__bnci2014_001"" --gpu ""${GPU:?set GPU}""","scripts/reproduce.sh reviewer status --run-root ""${REVIEWER_ROOT:?set REVIEWER_ROOT}/cardinal_fbc_compactdyn_scale010_extended__bnci2014_001""","scripts/reproduce.sh reviewer compare --run-root ""${REVIEWER_ROOT:?set REVIEWER_ROOT}/cardinal_fbc_compactdyn_scale010_extended__bnci2014_001"" --cache-root ""${CACHE_ROOT:?set CACHE_ROOT}"""
dataset::cardinal_fbc_compactdyn_scale010_extended::bnci2014_004,cardinal_fbc_compactdyn_scale010_extended::bnci2014_004,cardinal_fbc_compactdyn_scale010_extended,5,equal_dataset_macro_balanced_accuracy,descriptive_opened_development_suite_only,5,sealed overall accuracy descending; frozen plan architecture order breaks exact ties,dataset,bnci2014_004,dataset,9,1,9,5,45,0.7733829365079364,0.7733829365079364,77.34%,77.338%,77.34%,77.338%,mean_seeds_within_subject_then_mean_subjects,0.106759771942,sum of sealed job_total_seconds measured on the formal four-RTX-A5000 workstation; not a wall-clock estimate or cross-hardware promise,public_official_record_cc_by_nd_4_0_subject_to_terms,true,false,"opened-development evidence only; not independent confirmation, a clinical result, or a global SOTA claim",strict score match requires the exact selected Cartesian replay and checks accuracy plus balanced accuracy; it does not imply bit-exact predictions,"rank is sealed-table context, not established by replaying one cell or one model; rank confirmation requires all 43 complete model rows","fixed-protocol replication is not exact execution identity unless source, cache, split, lock, CUDA, driver, and physical GPU identities all match",65b93b7e5d09cfc30fb6ce28156368e66aec1503f4efa37faa3189e25ebbc3b1,548c0bb707ac99debfafbc9082dd322aec7eb799e69f1ad69e25231eeb75873f,ed1070f69367e36109c473c193b4f898de40ad689a8d367ac3d9e7471a82a1cd,results/common_grid_v6/analysis/dataset_summary.csv,0f24934e47c275ffb66b06e78266cb7fc1883f3046da876a5ed50089c09686cf,results/common_grid_v6/analysis/model_ranking.csv,adddfd4687e09710b2867252fc873687f48ef073c555a9c0b604af9dd31e4e32,results/common_grid_v6/analysis/job_metrics.csv,fda26e3a545811d1f9d4b4ed2b9885cff0bab3505f6be8e6eb97491bb3355e1d,model::cardinal_fbc_compactdyn_scale010_extended,false,${CACHE_ROOT:?set CACHE_ROOT},${REVIEWER_ROOT:?set REVIEWER_ROOT},${REVIEWER_ROOT:?set REVIEWER_ROOT}/cardinal_fbc_compactdyn_scale010_extended__bnci2014_004,${GPU:?set GPU},scripts/reproduce.sh reviewer estimate --scope dataset --model cardinal_fbc_compactdyn_scale010_extended --dataset bnci2014_004,"scripts/reproduce.sh reviewer run --scope dataset --model cardinal_fbc_compactdyn_scale010_extended --dataset bnci2014_004 --cache-root ""${CACHE_ROOT:?set CACHE_ROOT}"" --run-root ""${REVIEWER_ROOT:?set REVIEWER_ROOT}/cardinal_fbc_compactdyn_scale010_extended__bnci2014_004"" --gpu ""${GPU:?set GPU}""","scripts/reproduce.sh reviewer status --run-root ""${REVIEWER_ROOT:?set REVIEWER_ROOT}/cardinal_fbc_compactdyn_scale010_extended__bnci2014_004""","scripts/reproduce.sh reviewer compare --run-root ""${REVIEWER_ROOT:?set REVIEWER_ROOT}/cardinal_fbc_compactdyn_scale010_extended__bnci2014_004"" --cache-root ""${CACHE_ROOT:?set CACHE_ROOT}"""
dataset::cardinal_fbc_compactdyn_scale010_extended::cho2017,cardinal_fbc_compactdyn_scale010_extended::cho2017,cardinal_fbc_compactdyn_scale010_extended,5,equal_dataset_macro_balanced_accuracy,descriptive_opened_development_suite_only,5,sealed overall accuracy descending; frozen plan architecture order breaks exact ties,dataset,cho2017,dataset,52,5,260,5,1300,0.6999391025641025,0.6999391025641025,69.99%,69.994%,69.99%,69.994%,mean_seeds_within_subject_then_mean_subjects,2.380631446505,sum of sealed job_total_seconds measured on the formal four-RTX-A5000 workstation; not a wall-clock estimate or cross-hardware promise,public_record_exact_acquired_byte_terms_unresolved,true,false,"opened-development evidence only; not independent confirmation, a clinical result, or a global SOTA claim",strict score match requires the exact selected Cartesian replay and checks accuracy plus balanced accuracy; it does not imply bit-exact predictions,"rank is sealed-table context, not established by replaying one cell or one model; rank confirmation requires all 43 complete model rows","fixed-protocol replication is not exact execution identity unless source, cache, split, lock, CUDA, driver, and physical GPU identities all match",65b93b7e5d09cfc30fb6ce28156368e66aec1503f4efa37faa3189e25ebbc3b1,548c0bb707ac99debfafbc9082dd322aec7eb799e69f1ad69e25231eeb75873f,ed1070f69367e36109c473c193b4f898de40ad689a8d367ac3d9e7471a82a1cd,results/common_grid_v6/analysis/dataset_summary.csv,0f24934e47c275ffb66b06e78266cb7fc1883f3046da876a5ed50089c09686cf,results/common_grid_v6/analysis/model_ranking.csv,adddfd4687e09710b2867252fc873687f48ef073c555a9c0b604af9dd31e4e32,results/common_grid_v6/analysis/job_metrics.csv,fda26e3a545811d1f9d4b4ed2b9885cff0bab3505f6be8e6eb97491bb3355e1d,model::cardinal_fbc_compactdyn_scale010_extended,false,${CACHE_ROOT:?set CACHE_ROOT},${REVIEWER_ROOT:?set REVIEWER_ROOT},${REVIEWER_ROOT:?set REVIEWER_ROOT}/cardinal_fbc_compactdyn_scale010_extended__cho2017,${GPU:?set GPU},scripts/reproduce.sh reviewer estimate --scope dataset --model cardinal_fbc_compactdyn_scale010_extended --dataset cho2017,"scripts/reproduce.sh reviewer run --scope dataset --model cardinal_fbc_compactdyn_scale010_extended --dataset cho2017 --cache-root ""${CACHE_ROOT:?set CACHE_ROOT}"" --run-root ""${REVIEWER_ROOT:?set REVIEWER_ROOT}/cardinal_fbc_compactdyn_scale010_extended__cho2017"" --gpu ""${GPU:?set GPU}""","scripts/reproduce.sh reviewer status --run-root ""${REVIEWER_ROOT:?set REVIEWER_ROOT}/cardinal_fbc_compactdyn_scale010_extended__cho2017""","scripts/reproduce.sh reviewer compare --run-root ""${REVIEWER_ROOT:?set REVIEWER_ROOT}/cardinal_fbc_compactdyn_scale010_extended__cho2017"" --cache-root ""${CACHE_ROOT:?set CACHE_ROOT}"""
dataset::cardinal_fbc_compactdyn_scale010_extended::physionet_mi,cardinal_fbc_compactdyn_scale010_extended::physionet_mi,cardinal_fbc_compactdyn_scale010_extended,5,equal_dataset_macro_balanced_accuracy,descriptive_opened_development_suite_only,5,sealed overall accuracy descending; frozen plan architecture order breaks exact ties,dataset,physionet_mi,dataset,54,3,162,5,810,0.5474897119341563,0.5455146705146705,54.75%,54.749%,54.55%,54.551%,mean_seeds_within_subject_then_mean_subjects,0.329783597608,sum of sealed job_total_seconds measured on the formal four-RTX-A5000 workstation; not a wall-clock estimate or cross-hardware promise,public_official_record_odc_by_1_0_subject_to_terms,true,false,"opened-development evidence only; not independent confirmation, a clinical result, or a global SOTA claim",strict score match requires the exact selected Cartesian replay and checks accuracy plus balanced accuracy; it does not imply bit-exact predictions,"rank is sealed-table context, not established by replaying one cell or one model; rank confirmation requires all 43 complete model rows","fixed-protocol replication is not exact execution identity unless source, cache, split, lock, CUDA, driver, and physical GPU identities all match",65b93b7e5d09cfc30fb6ce28156368e66aec1503f4efa37faa3189e25ebbc3b1,548c0bb707ac99debfafbc9082dd322aec7eb799e69f1ad69e25231eeb75873f,ed1070f69367e36109c473c193b4f898de40ad689a8d367ac3d9e7471a82a1cd,results/common_grid_v6/analysis/dataset_summary.csv,0f24934e47c275ffb66b06e78266cb7fc1883f3046da876a5ed50089c09686cf,results/common_grid_v6/analysis/model_ranking.csv,adddfd4687e09710b2867252fc873687f48ef073c555a9c0b604af9dd31e4e32,results/common_grid_v6/analysis/job_metrics.csv,fda26e3a545811d1f9d4b4ed2b9885cff0bab3505f6be8e6eb97491bb3355e1d,model::cardinal_fbc_compactdyn_scale010_extended,false,${CACHE_ROOT:?set CACHE_ROOT},${REVIEWER_ROOT:?set REVIEWER_ROOT},${REVIEWER_ROOT:?set REVIEWER_ROOT}/cardinal_fbc_compactdyn_scale010_extended__physionet_mi,${GPU:?set GPU},scripts/reproduce.sh reviewer estimate --scope dataset --model cardinal_fbc_compactdyn_scale010_extended --dataset physionet_mi,"scripts/reproduce.sh reviewer run --scope dataset --model cardinal_fbc_compactdyn_scale010_extended --dataset physionet_mi --cache-root ""${CACHE_ROOT:?set CACHE_ROOT}"" --run-root ""${REVIEWER_ROOT:?set REVIEWER_ROOT}/cardinal_fbc_compactdyn_scale010_extended__physionet_mi"" --gpu ""${GPU:?set GPU}""","scripts/reproduce.sh reviewer status --run-root ""${REVIEWER_ROOT:?set REVIEWER_ROOT}/cardinal_fbc_compactdyn_scale010_extended__physionet_mi""","scripts/reproduce.sh reviewer compare --run-root ""${REVIEWER_ROOT:?set REVIEWER_ROOT}/cardinal_fbc_compactdyn_scale010_extended__physionet_mi"" --cache-root ""${CACHE_ROOT:?set CACHE_ROOT}"""
model::cardinal_fbc_compactdyn_scale010_extended,cardinal_fbc_compactdyn_scale010_extended::overall,cardinal_fbc_compactdyn_scale010_extended,5,equal_dataset_macro_balanced_accuracy,descriptive_opened_development_suite_only,5,sealed overall accuracy descending; frozen plan architecture order breaks exact ties,overall,overall,model,132,by_dataset:1|1|1|5|3,448,5,2240,0.7357765477321032,0.7353815394482061,73.58%,73.578%,73.54%,73.538%,fold_concatenation_then_seed_mean_then_subject_mean_then_equal_dataset_mean,3.188697590102,sum of sealed job_total_seconds measured on the formal four-RTX-A5000 workstation; not a wall-clock estimate or cross-hardware promise,mixed_includes_private_local_exp4_authorization_required,false,false,"opened-development evidence only; not independent confirmation, a clinical result, or a global SOTA claim",strict score match requires the exact selected Cartesian replay and checks accuracy plus balanced accuracy; it does not imply bit-exact predictions,"rank is sealed-table context, not established by replaying one cell or one model; rank confirmation requires all 43 complete model rows","fixed-protocol replication is not exact execution identity unless source, cache, split, lock, CUDA, driver, and physical GPU identities all match",65b93b7e5d09cfc30fb6ce28156368e66aec1503f4efa37faa3189e25ebbc3b1,548c0bb707ac99debfafbc9082dd322aec7eb799e69f1ad69e25231eeb75873f,ed1070f69367e36109c473c193b4f898de40ad689a8d367ac3d9e7471a82a1cd,results/common_grid_v6/analysis/overall_summary.csv,d45dd54801f4ba9074bba808cd7076bd04c9a5267944ec4f7af274de96a11c6f,results/common_grid_v6/analysis/model_ranking.csv,adddfd4687e09710b2867252fc873687f48ef073c555a9c0b604af9dd31e4e32,results/common_grid_v6/analysis/job_metrics.csv,fda26e3a545811d1f9d4b4ed2b9885cff0bab3505f6be8e6eb97491bb3355e1d,model::cardinal_fbc_compactdyn_scale010_extended,true,${CACHE_ROOT:?set CACHE_ROOT},${REVIEWER_ROOT:?set REVIEWER_ROOT},${REVIEWER_ROOT:?set REVIEWER_ROOT}/cardinal_fbc_compactdyn_scale010_extended__overall,${GPU:?set GPU},scripts/reproduce.sh reviewer estimate --scope model --model cardinal_fbc_compactdyn_scale010_extended,"scripts/reproduce.sh reviewer run --scope model --model cardinal_fbc_compactdyn_scale010_extended --cache-root ""${CACHE_ROOT:?set CACHE_ROOT}"" --run-root ""${REVIEWER_ROOT:?set REVIEWER_ROOT}/cardinal_fbc_compactdyn_scale010_extended__overall"" --gpu ""${GPU:?set GPU}""","scripts/reproduce.sh reviewer status --run-root ""${REVIEWER_ROOT:?set REVIEWER_ROOT}/cardinal_fbc_compactdyn_scale010_extended__overall""","scripts/reproduce.sh reviewer compare --run-root ""${REVIEWER_ROOT:?set REVIEWER_ROOT}/cardinal_fbc_compactdyn_scale010_extended__overall"" --cache-root ""${CACHE_ROOT:?set CACHE_ROOT}"""
dataset::cardinal_fbc_physical_extended::local_exp4,cardinal_fbc_physical_extended::local_exp4,cardinal_fbc_physical_extended,6,equal_dataset_macro_balanced_accuracy,descriptive_opened_development_suite_only,6,sealed overall accuracy descending; frozen plan architecture order breaks exact ties,dataset,local_exp4,dataset,8,1,8,5,40,0.9079166666666667,0.9079166666666667,90.79%,90.792%,90.79%,90.792%,mean_seeds_within_subject_then_mean_subjects,0.123363387509,sum of sealed job_total_seconds measured on the formal four-RTX-A5000 workstation; not a wall-clock estimate or cross-hardware promise,private_institutional_authorization_required,false,false,"opened-development evidence only; not independent confirmation, a clinical result, or a global SOTA claim",strict score match requires the exact selected Cartesian replay and checks accuracy plus balanced accuracy; it does not imply bit-exact predictions,"rank is sealed-table context, not established by replaying one cell or one model; rank confirmation requires all 43 complete model rows","fixed-protocol replication is not exact execution identity unless source, cache, split, lock, CUDA, driver, and physical GPU identities all match",65b93b7e5d09cfc30fb6ce28156368e66aec1503f4efa37faa3189e25ebbc3b1,548c0bb707ac99debfafbc9082dd322aec7eb799e69f1ad69e25231eeb75873f,ed1070f69367e36109c473c193b4f898de40ad689a8d367ac3d9e7471a82a1cd,results/common_grid_v6/analysis/dataset_summary.csv,0f24934e47c275ffb66b06e78266cb7fc1883f3046da876a5ed50089c09686cf,results/common_grid_v6/analysis/model_ranking.csv,adddfd4687e09710b2867252fc873687f48ef073c555a9c0b604af9dd31e4e32,results/common_grid_v6/analysis/job_metrics.csv,fda26e3a545811d1f9d4b4ed2b9885cff0bab3505f6be8e6eb97491bb3355e1d,model::cardinal_fbc_physical_extended,false,${CACHE_ROOT:?set CACHE_ROOT},${REVIEWER_ROOT:?set REVIEWER_ROOT},${REVIEWER_ROOT:?set REVIEWER_ROOT}/cardinal_fbc_physical_extended__local_exp4,${GPU:?set GPU},scripts/reproduce.sh reviewer estimate --scope dataset --model cardinal_fbc_physical_extended --dataset local_exp4,"scripts/reproduce.sh reviewer run --scope dataset --model cardinal_fbc_physical_extended --dataset local_exp4 --cache-root ""${CACHE_ROOT:?set CACHE_ROOT}"" --run-root ""${REVIEWER_ROOT:?set REVIEWER_ROOT}/cardinal_fbc_physical_extended__local_exp4"" --gpu ""${GPU:?set GPU}""","scripts/reproduce.sh reviewer status --run-root ""${REVIEWER_ROOT:?set REVIEWER_ROOT}/cardinal_fbc_physical_extended__local_exp4""","scripts/reproduce.sh reviewer compare --run-root ""${REVIEWER_ROOT:?set REVIEWER_ROOT}/cardinal_fbc_physical_extended__local_exp4"" --cache-root ""${CACHE_ROOT:?set CACHE_ROOT}"""
dataset::cardinal_fbc_physical_extended::bnci2014_001,cardinal_fbc_physical_extended::bnci2014_001,cardinal_fbc_physical_extended,6,equal_dataset_macro_balanced_accuracy,descriptive_opened_development_suite_only,6,sealed overall accuracy descending; frozen plan architecture order breaks exact ties,dataset,bnci2014_001,dataset,9,1,9,5,45,0.7478395061728395,0.7478395061728396,74.78%,74.784%,74.78%,74.784%,mean_seeds_within_subject_then_mean_subjects,0.328456798062,sum of sealed job_total_seconds measured on the formal four-RTX-A5000 workstation; not a wall-clock estimate or cross-hardware promise,public_official_record_cc_by_nd_4_0_subject_to_terms,true,false,"opened-development evidence only; not independent confirmation, a clinical result, or a global SOTA claim",strict score match requires the exact selected Cartesian replay and checks accuracy plus balanced accuracy; it does not imply bit-exact predictions,"rank is sealed-table context, not established by replaying one cell or one model; rank confirmation requires all 43 complete model rows","fixed-protocol replication is not exact execution identity unless source, cache, split, lock, CUDA, driver, and physical GPU identities all match",65b93b7e5d09cfc30fb6ce28156368e66aec1503f4efa37faa3189e25ebbc3b1,548c0bb707ac99debfafbc9082dd322aec7eb799e69f1ad69e25231eeb75873f,ed1070f69367e36109c473c193b4f898de40ad689a8d367ac3d9e7471a82a1cd,results/common_grid_v6/analysis/dataset_summary.csv,0f24934e47c275ffb66b06e78266cb7fc1883f3046da876a5ed50089c09686cf,results/common_grid_v6/analysis/model_ranking.csv,adddfd4687e09710b2867252fc873687f48ef073c555a9c0b604af9dd31e4e32,results/common_grid_v6/analysis/job_metrics.csv,fda26e3a545811d1f9d4b4ed2b9885cff0bab3505f6be8e6eb97491bb3355e1d,model::cardinal_fbc_physical_extended,false,${CACHE_ROOT:?set CACHE_ROOT},${REVIEWER_ROOT:?set REVIEWER_ROOT},${REVIEWER_ROOT:?set REVIEWER_ROOT}/cardinal_fbc_physical_extended__bnci2014_001,${GPU:?set GPU},scripts/reproduce.sh reviewer estimate --scope dataset --model cardinal_fbc_physical_extended --dataset bnci2014_001,"scripts/reproduce.sh reviewer run --scope dataset --model cardinal_fbc_physical_extended --dataset bnci2014_001 --cache-root ""${CACHE_ROOT:?set CACHE_ROOT}"" --run-root ""${REVIEWER_ROOT:?set REVIEWER_ROOT}/cardinal_fbc_physical_extended__bnci2014_001"" --gpu ""${GPU:?set GPU}""","scripts/reproduce.sh reviewer status --run-root ""${REVIEWER_ROOT:?set REVIEWER_ROOT}/cardinal_fbc_physical_extended__bnci2014_001""","scripts/reproduce.sh reviewer compare --run-root ""${REVIEWER_ROOT:?set REVIEWER_ROOT}/cardinal_fbc_physical_extended__bnci2014_001"" --cache-root ""${CACHE_ROOT:?set CACHE_ROOT}"""
dataset::cardinal_fbc_physical_extended::bnci2014_004,cardinal_fbc_physical_extended::bnci2014_004,cardinal_fbc_physical_extended,6,equal_dataset_macro_balanced_accuracy,descriptive_opened_development_suite_only,6,sealed overall accuracy descending; frozen plan architecture order breaks exact ties,dataset,bnci2014_004,dataset,9,1,9,5,45,0.7761706349206349,0.7761706349206349,77.62%,77.617%,77.62%,77.617%,mean_seeds_within_subject_then_mean_subjects,0.151836019060,sum of sealed job_total_seconds measured on the formal four-RTX-A5000 workstation; not a wall-clock estimate or cross-hardware promise,public_official_record_cc_by_nd_4_0_subject_to_terms,true,false,"opened-development evidence only; not independent confirmation, a clinical result, or a global SOTA claim",strict score match requires the exact selected Cartesian replay and checks accuracy plus balanced accuracy; it does not imply bit-exact predictions,"rank is sealed-table context, not established by replaying one cell or one model; rank confirmation requires all 43 complete model rows","fixed-protocol replication is not exact execution identity unless source, cache, split, lock, CUDA, driver, and physical GPU identities all match",65b93b7e5d09cfc30fb6ce28156368e66aec1503f4efa37faa3189e25ebbc3b1,548c0bb707ac99debfafbc9082dd322aec7eb799e69f1ad69e25231eeb75873f,ed1070f69367e36109c473c193b4f898de40ad689a8d367ac3d9e7471a82a1cd,results/common_grid_v6/analysis/dataset_summary.csv,0f24934e47c275ffb66b06e78266cb7fc1883f3046da876a5ed50089c09686cf,results/common_grid_v6/analysis/model_ranking.csv,adddfd4687e09710b2867252fc873687f48ef073c555a9c0b604af9dd31e4e32,results/common_grid_v6/analysis/job_metrics.csv,fda26e3a545811d1f9d4b4ed2b9885cff0bab3505f6be8e6eb97491bb3355e1d,model::cardinal_fbc_physical_extended,false,${CACHE_ROOT:?set CACHE_ROOT},${REVIEWER_ROOT:?set REVIEWER_ROOT},${REVIEWER_ROOT:?set REVIEWER_ROOT}/cardinal_fbc_physical_extended__bnci2014_004,${GPU:?set GPU},scripts/reproduce.sh reviewer estimate --scope dataset --model cardinal_fbc_physical_extended --dataset bnci2014_004,"scripts/reproduce.sh reviewer run --scope dataset --model cardinal_fbc_physical_extended --dataset bnci2014_004 --cache-root ""${CACHE_ROOT:?set CACHE_ROOT}"" --run-root ""${REVIEWER_ROOT:?set REVIEWER_ROOT}/cardinal_fbc_physical_extended__bnci2014_004"" --gpu ""${GPU:?set GPU}""","scripts/reproduce.sh reviewer status --run-root ""${REVIEWER_ROOT:?set REVIEWER_ROOT}/cardinal_fbc_physical_extended__bnci2014_004""","scripts/reproduce.sh reviewer compare --run-root ""${REVIEWER_ROOT:?set REVIEWER_ROOT}/cardinal_fbc_physical_extended__bnci2014_004"" --cache-root ""${CACHE_ROOT:?set CACHE_ROOT}"""
dataset::cardinal_fbc_physical_extended::cho2017,cardinal_fbc_physical_extended::cho2017,cardinal_fbc_physical_extended,6,equal_dataset_macro_balanced_accuracy,descriptive_opened_development_suite_only,6,sealed overall accuracy descending; frozen plan architecture order breaks exact ties,dataset,cho2017,dataset,52,5,260,5,1300,0.7010705128205128,0.7010705128205128,70.11%,70.107%,70.11%,70.107%,mean_seeds_within_subject_then_mean_subjects,3.042406358665,sum of sealed job_total_seconds measured on the formal four-RTX-A5000 workstation; not a wall-clock estimate or cross-hardware promise,public_record_exact_acquired_byte_terms_unresolved,true,false,"opened-development evidence only; not independent confirmation, a clinical result, or a global SOTA claim",strict score match requires the exact selected Cartesian replay and checks accuracy plus balanced accuracy; it does not imply bit-exact predictions,"rank is sealed-table context, not established by replaying one cell or one model; rank confirmation requires all 43 complete model rows","fixed-protocol replication is not exact execution identity unless source, cache, split, lock, CUDA, driver, and physical GPU identities all match",65b93b7e5d09cfc30fb6ce28156368e66aec1503f4efa37faa3189e25ebbc3b1,548c0bb707ac99debfafbc9082dd322aec7eb799e69f1ad69e25231eeb75873f,ed1070f69367e36109c473c193b4f898de40ad689a8d367ac3d9e7471a82a1cd,results/common_grid_v6/analysis/dataset_summary.csv,0f24934e47c275ffb66b06e78266cb7fc1883f3046da876a5ed50089c09686cf,results/common_grid_v6/analysis/model_ranking.csv,adddfd4687e09710b2867252fc873687f48ef073c555a9c0b604af9dd31e4e32,results/common_grid_v6/analysis/job_metrics.csv,fda26e3a545811d1f9d4b4ed2b9885cff0bab3505f6be8e6eb97491bb3355e1d,model::cardinal_fbc_physical_extended,false,${CACHE_ROOT:?set CACHE_ROOT},${REVIEWER_ROOT:?set REVIEWER_ROOT},${REVIEWER_ROOT:?set REVIEWER_ROOT}/cardinal_fbc_physical_extended__cho2017,${GPU:?set GPU},scripts/reproduce.sh reviewer estimate --scope dataset --model cardinal_fbc_physical_extended --dataset cho2017,"scripts/reproduce.sh reviewer run --scope dataset --model cardinal_fbc_physical_extended --dataset cho2017 --cache-root ""${CACHE_ROOT:?set CACHE_ROOT}"" --run-root ""${REVIEWER_ROOT:?set REVIEWER_ROOT}/cardinal_fbc_physical_extended__cho2017"" --gpu ""${GPU:?set GPU}""","scripts/reproduce.sh reviewer status --run-root ""${REVIEWER_ROOT:?set REVIEWER_ROOT}/cardinal_fbc_physical_extended__cho2017""","scripts/reproduce.sh reviewer compare --run-root ""${REVIEWER_ROOT:?set REVIEWER_ROOT}/cardinal_fbc_physical_extended__cho2017"" --cache-root ""${CACHE_ROOT:?set CACHE_ROOT}"""
dataset::cardinal_fbc_physical_extended::physionet_mi,cardinal_fbc_physical_extended::physionet_mi,cardinal_fbc_physical_extended,6,equal_dataset_macro_balanced_accuracy,descriptive_opened_development_suite_only,6,sealed overall accuracy descending; frozen plan architecture order breaks exact ties,dataset,physionet_mi,dataset,54,3,162,5,810,0.5454320987654321,0.5437501307066525,54.54%,54.543%,54.38%,54.375%,mean_seeds_within_subject_then_mean_subjects,0.416404102719,sum of sealed job_total_seconds measured on the formal four-RTX-A5000 workstation; not a wall-clock estimate or cross-hardware promise,public_official_record_odc_by_1_0_subject_to_terms,true,false,"opened-development evidence only; not independent confirmation, a clinical result, or a global SOTA claim",strict score match requires the exact selected Cartesian replay and checks accuracy plus balanced accuracy; it does not imply bit-exact predictions,"rank is sealed-table context, not established by replaying one cell or one model; rank confirmation requires all 43 complete model rows","fixed-protocol replication is not exact execution identity unless source, cache, split, lock, CUDA, driver, and physical GPU identities all match",65b93b7e5d09cfc30fb6ce28156368e66aec1503f4efa37faa3189e25ebbc3b1,548c0bb707ac99debfafbc9082dd322aec7eb799e69f1ad69e25231eeb75873f,ed1070f69367e36109c473c193b4f898de40ad689a8d367ac3d9e7471a82a1cd,results/common_grid_v6/analysis/dataset_summary.csv,0f24934e47c275ffb66b06e78266cb7fc1883f3046da876a5ed50089c09686cf,results/common_grid_v6/analysis/model_ranking.csv,adddfd4687e09710b2867252fc873687f48ef073c555a9c0b604af9dd31e4e32,results/common_grid_v6/analysis/job_metrics.csv,fda26e3a545811d1f9d4b4ed2b9885cff0bab3505f6be8e6eb97491bb3355e1d,model::cardinal_fbc_physical_extended,false,${CACHE_ROOT:?set CACHE_ROOT},${REVIEWER_ROOT:?set REVIEWER_ROOT},${REVIEWER_ROOT:?set REVIEWER_ROOT}/cardinal_fbc_physical_extended__physionet_mi,${GPU:?set GPU},scripts/reproduce.sh reviewer estimate --scope dataset --model cardinal_fbc_physical_extended --dataset physionet_mi,"scripts/reproduce.sh reviewer run --scope dataset --model cardinal_fbc_physical_extended --dataset physionet_mi --cache-root ""${CACHE_ROOT:?set CACHE_ROOT}"" --run-root ""${REVIEWER_ROOT:?set REVIEWER_ROOT}/cardinal_fbc_physical_extended__physionet_mi"" --gpu ""${GPU:?set GPU}""","scripts/reproduce.sh reviewer status --run-root ""${REVIEWER_ROOT:?set REVIEWER_ROOT}/cardinal_fbc_physical_extended__physionet_mi""","scripts/reproduce.sh reviewer compare --run-root ""${REVIEWER_ROOT:?set REVIEWER_ROOT}/cardinal_fbc_physical_extended__physionet_mi"" --cache-root ""${CACHE_ROOT:?set CACHE_ROOT}"""
model::cardinal_fbc_physical_extended,cardinal_fbc_physical_extended::overall,cardinal_fbc_physical_extended,6,equal_dataset_macro_balanced_accuracy,descriptive_opened_development_suite_only,6,sealed overall accuracy descending; frozen plan architecture order breaks exact ties,overall,overall,model,132,by_dataset:1|1|1|5|3,448,5,2240,0.7356858838692172,0.7353494902574613,73.57%,73.569%,73.53%,73.535%,fold_concatenation_then_seed_mean_then_subject_mean_then_equal_dataset_mean,4.062466666016,sum of sealed job_total_seconds measured on the formal four-RTX-A5000 workstation; not a wall-clock estimate or cross-hardware promise,mixed_includes_private_local_exp4_authorization_required,false,false,"opened-development evidence only; not independent confirmation, a clinical result, or a global SOTA claim",strict score match requires the exact selected Cartesian replay and checks accuracy plus balanced accuracy; it does not imply bit-exact predictions,"rank is sealed-table context, not established by replaying one cell or one model; rank confirmation requires all 43 complete model rows","fixed-protocol replication is not exact execution identity unless source, cache, split, lock, CUDA, driver, and physical GPU identities all match",65b93b7e5d09cfc30fb6ce28156368e66aec1503f4efa37faa3189e25ebbc3b1,548c0bb707ac99debfafbc9082dd322aec7eb799e69f1ad69e25231eeb75873f,ed1070f69367e36109c473c193b4f898de40ad689a8d367ac3d9e7471a82a1cd,results/common_grid_v6/analysis/overall_summary.csv,d45dd54801f4ba9074bba808cd7076bd04c9a5267944ec4f7af274de96a11c6f,results/common_grid_v6/analysis/model_ranking.csv,adddfd4687e09710b2867252fc873687f48ef073c555a9c0b604af9dd31e4e32,results/common_grid_v6/analysis/job_metrics.csv,fda26e3a545811d1f9d4b4ed2b9885cff0bab3505f6be8e6eb97491bb3355e1d,model::cardinal_fbc_physical_extended,true,${CACHE_ROOT:?set CACHE_ROOT},${REVIEWER_ROOT:?set REVIEWER_ROOT},${REVIEWER_ROOT:?set REVIEWER_ROOT}/cardinal_fbc_physical_extended__overall,${GPU:?set GPU},scripts/reproduce.sh reviewer estimate --scope model --model cardinal_fbc_physical_extended,"scripts/reproduce.sh reviewer run --scope model --model cardinal_fbc_physical_extended --cache-root ""${CACHE_ROOT:?set CACHE_ROOT}"" --run-root ""${REVIEWER_ROOT:?set REVIEWER_ROOT}/cardinal_fbc_physical_extended__overall"" --gpu ""${GPU:?set GPU}""","scripts/reproduce.sh reviewer status --run-root ""${REVIEWER_ROOT:?set REVIEWER_ROOT}/cardinal_fbc_physical_extended__overall""","scripts/reproduce.sh reviewer compare --run-root ""${REVIEWER_ROOT:?set REVIEWER_ROOT}/cardinal_fbc_physical_extended__overall"" --cache-root ""${CACHE_ROOT:?set CACHE_ROOT}"""
dataset::cardinal_fbc_compactdyn::local_exp4,cardinal_fbc_compactdyn::local_exp4,cardinal_fbc_compactdyn,7,equal_dataset_macro_balanced_accuracy,descriptive_opened_development_suite_only,7,sealed overall accuracy descending; frozen plan architecture order breaks exact ties,dataset,local_exp4,dataset,8,1,8,5,40,0.8841666666666665,0.8841666666666668,88.42%,88.417%,88.42%,88.417%,mean_seeds_within_subject_then_mean_subjects,0.103410313049,sum of sealed job_total_seconds measured on the formal four-RTX-A5000 workstation; not a wall-clock estimate or cross-hardware promise,private_institutional_authorization_required,false,false,"opened-development evidence only; not independent confirmation, a clinical result, or a global SOTA claim",strict score match requires the exact selected Cartesian replay and checks accuracy plus balanced accuracy; it does not imply bit-exact predictions,"rank is sealed-table context, not established by replaying one cell or one model; rank confirmation requires all 43 complete model rows","fixed-protocol replication is not exact execution identity unless source, cache, split, lock, CUDA, driver, and physical GPU identities all match",65b93b7e5d09cfc30fb6ce28156368e66aec1503f4efa37faa3189e25ebbc3b1,548c0bb707ac99debfafbc9082dd322aec7eb799e69f1ad69e25231eeb75873f,ed1070f69367e36109c473c193b4f898de40ad689a8d367ac3d9e7471a82a1cd,results/common_grid_v6/analysis/dataset_summary.csv,0f24934e47c275ffb66b06e78266cb7fc1883f3046da876a5ed50089c09686cf,results/common_grid_v6/analysis/model_ranking.csv,adddfd4687e09710b2867252fc873687f48ef073c555a9c0b604af9dd31e4e32,results/common_grid_v6/analysis/job_metrics.csv,fda26e3a545811d1f9d4b4ed2b9885cff0bab3505f6be8e6eb97491bb3355e1d,model::cardinal_fbc_compactdyn,false,${CACHE_ROOT:?set CACHE_ROOT},${REVIEWER_ROOT:?set REVIEWER_ROOT},${REVIEWER_ROOT:?set REVIEWER_ROOT}/cardinal_fbc_compactdyn__local_exp4,${GPU:?set GPU},scripts/reproduce.sh reviewer estimate --scope dataset --model cardinal_fbc_compactdyn --dataset local_exp4,"scripts/reproduce.sh reviewer run --scope dataset --model cardinal_fbc_compactdyn --dataset local_exp4 --cache-root ""${CACHE_ROOT:?set CACHE_ROOT}"" --run-root ""${REVIEWER_ROOT:?set REVIEWER_ROOT}/cardinal_fbc_compactdyn__local_exp4"" --gpu ""${GPU:?set GPU}""","scripts/reproduce.sh reviewer status --run-root ""${REVIEWER_ROOT:?set REVIEWER_ROOT}/cardinal_fbc_compactdyn__local_exp4""","scripts/reproduce.sh reviewer compare --run-root ""${REVIEWER_ROOT:?set REVIEWER_ROOT}/cardinal_fbc_compactdyn__local_exp4"" --cache-root ""${CACHE_ROOT:?set CACHE_ROOT}"""
dataset::cardinal_fbc_compactdyn::bnci2014_001,cardinal_fbc_compactdyn::bnci2014_001,cardinal_fbc_compactdyn,7,equal_dataset_macro_balanced_accuracy,descriptive_opened_development_suite_only,7,sealed overall accuracy descending; frozen plan architecture order breaks exact ties,dataset,bnci2014_001,dataset,9,1,9,5,45,0.7535493827160494,0.7535493827160494,75.35%,75.355%,75.35%,75.355%,mean_seeds_within_subject_then_mean_subjects,0.230620550007,sum of sealed job_total_seconds measured on the formal four-RTX-A5000 workstation; not a wall-clock estimate or cross-hardware promise,public_official_record_cc_by_nd_4_0_subject_to_terms,true,false,"opened-development evidence only; not independent confirmation, a clinical result, or a global SOTA claim",strict score match requires the exact selected Cartesian replay and checks accuracy plus balanced accuracy; it does not imply bit-exact predictions,"rank is sealed-table context, not established by replaying one cell or one model; rank confirmation requires all 43 complete model rows","fixed-protocol replication is not exact execution identity unless source, cache, split, lock, CUDA, driver, and physical GPU identities all match",65b93b7e5d09cfc30fb6ce28156368e66aec1503f4efa37faa3189e25ebbc3b1,548c0bb707ac99debfafbc9082dd322aec7eb799e69f1ad69e25231eeb75873f,ed1070f69367e36109c473c193b4f898de40ad689a8d367ac3d9e7471a82a1cd,results/common_grid_v6/analysis/dataset_summary.csv,0f24934e47c275ffb66b06e78266cb7fc1883f3046da876a5ed50089c09686cf,results/common_grid_v6/analysis/model_ranking.csv,adddfd4687e09710b2867252fc873687f48ef073c555a9c0b604af9dd31e4e32,results/common_grid_v6/analysis/job_metrics.csv,fda26e3a545811d1f9d4b4ed2b9885cff0bab3505f6be8e6eb97491bb3355e1d,model::cardinal_fbc_compactdyn,false,${CACHE_ROOT:?set CACHE_ROOT},${REVIEWER_ROOT:?set REVIEWER_ROOT},${REVIEWER_ROOT:?set REVIEWER_ROOT}/cardinal_fbc_compactdyn__bnci2014_001,${GPU:?set GPU},scripts/reproduce.sh reviewer estimate --scope dataset --model cardinal_fbc_compactdyn --dataset bnci2014_001,"scripts/reproduce.sh reviewer run --scope dataset --model cardinal_fbc_compactdyn --dataset bnci2014_001 --cache-root ""${CACHE_ROOT:?set CACHE_ROOT}"" --run-root ""${REVIEWER_ROOT:?set REVIEWER_ROOT}/cardinal_fbc_compactdyn__bnci2014_001"" --gpu ""${GPU:?set GPU}""","scripts/reproduce.sh reviewer status --run-root ""${REVIEWER_ROOT:?set REVIEWER_ROOT}/cardinal_fbc_compactdyn__bnci2014_001""","scripts/reproduce.sh reviewer compare --run-root ""${REVIEWER_ROOT:?set REVIEWER_ROOT}/cardinal_fbc_compactdyn__bnci2014_001"" --cache-root ""${CACHE_ROOT:?set CACHE_ROOT}"""
dataset::cardinal_fbc_compactdyn::bnci2014_004,cardinal_fbc_compactdyn::bnci2014_004,cardinal_fbc_compactdyn,7,equal_dataset_macro_balanced_accuracy,descriptive_opened_development_suite_only,7,sealed overall accuracy descending; frozen plan architecture order breaks exact ties,dataset,bnci2014_004,dataset,9,1,9,5,45,0.7818749999999999,0.7818749999999999,78.19%,78.187%,78.19%,78.187%,mean_seeds_within_subject_then_mean_subjects,0.103146211587,sum of sealed job_total_seconds measured on the formal four-RTX-A5000 workstation; not a wall-clock estimate or cross-hardware promise,public_official_record_cc_by_nd_4_0_subject_to_terms,true,false,"opened-development evidence only; not independent confirmation, a clinical result, or a global SOTA claim",strict score match requires the exact selected Cartesian replay and checks accuracy plus balanced accuracy; it does not imply bit-exact predictions,"rank is sealed-table context, not established by replaying one cell or one model; rank confirmation requires all 43 complete model rows","fixed-protocol replication is not exact execution identity unless source, cache, split, lock, CUDA, driver, and physical GPU identities all match",65b93b7e5d09cfc30fb6ce28156368e66aec1503f4efa37faa3189e25ebbc3b1,548c0bb707ac99debfafbc9082dd322aec7eb799e69f1ad69e25231eeb75873f,ed1070f69367e36109c473c193b4f898de40ad689a8d367ac3d9e7471a82a1cd,results/common_grid_v6/analysis/dataset_summary.csv,0f24934e47c275ffb66b06e78266cb7fc1883f3046da876a5ed50089c09686cf,results/common_grid_v6/analysis/model_ranking.csv,adddfd4687e09710b2867252fc873687f48ef073c555a9c0b604af9dd31e4e32,results/common_grid_v6/analysis/job_metrics.csv,fda26e3a545811d1f9d4b4ed2b9885cff0bab3505f6be8e6eb97491bb3355e1d,model::cardinal_fbc_compactdyn,false,${CACHE_ROOT:?set CACHE_ROOT},${REVIEWER_ROOT:?set REVIEWER_ROOT},${REVIEWER_ROOT:?set REVIEWER_ROOT}/cardinal_fbc_compactdyn__bnci2014_004,${GPU:?set GPU},scripts/reproduce.sh reviewer estimate --scope dataset --model cardinal_fbc_compactdyn --dataset bnci2014_004,"scripts/reproduce.sh reviewer run --scope dataset --model cardinal_fbc_compactdyn --dataset bnci2014_004 --cache-root ""${CACHE_ROOT:?set CACHE_ROOT}"" --run-root ""${REVIEWER_ROOT:?set REVIEWER_ROOT}/cardinal_fbc_compactdyn__bnci2014_004"" --gpu ""${GPU:?set GPU}""","scripts/reproduce.sh reviewer status --run-root ""${REVIEWER_ROOT:?set REVIEWER_ROOT}/cardinal_fbc_compactdyn__bnci2014_004""","scripts/reproduce.sh reviewer compare --run-root ""${REVIEWER_ROOT:?set REVIEWER_ROOT}/cardinal_fbc_compactdyn__bnci2014_004"" --cache-root ""${CACHE_ROOT:?set CACHE_ROOT}"""
dataset::cardinal_fbc_compactdyn::cho2017,cardinal_fbc_compactdyn::cho2017,cardinal_fbc_compactdyn,7,equal_dataset_macro_balanced_accuracy,descriptive_opened_development_suite_only,7,sealed overall accuracy descending; frozen plan architecture order breaks exact ties,dataset,cho2017,dataset,52,5,260,5,1300,0.7111698717948719,0.7111698717948719,71.12%,71.117%,71.12%,71.117%,mean_seeds_within_subject_then_mean_subjects,1.996710952871,sum of sealed job_total_seconds measured on the formal four-RTX-A5000 workstation; not a wall-clock estimate or cross-hardware promise,public_record_exact_acquired_byte_terms_unresolved,true,false,"opened-development evidence only; not independent confirmation, a clinical result, or a global SOTA claim",strict score match requires the exact selected Cartesian replay and checks accuracy plus balanced accuracy; it does not imply bit-exact predictions,"rank is sealed-table context, not established by replaying one cell or one model; rank confirmation requires all 43 complete model rows","fixed-protocol replication is not exact execution identity unless source, cache, split, lock, CUDA, driver, and physical GPU identities all match",65b93b7e5d09cfc30fb6ce28156368e66aec1503f4efa37faa3189e25ebbc3b1,548c0bb707ac99debfafbc9082dd322aec7eb799e69f1ad69e25231eeb75873f,ed1070f69367e36109c473c193b4f898de40ad689a8d367ac3d9e7471a82a1cd,results/common_grid_v6/analysis/dataset_summary.csv,0f24934e47c275ffb66b06e78266cb7fc1883f3046da876a5ed50089c09686cf,results/common_grid_v6/analysis/model_ranking.csv,adddfd4687e09710b2867252fc873687f48ef073c555a9c0b604af9dd31e4e32,results/common_grid_v6/analysis/job_metrics.csv,fda26e3a545811d1f9d4b4ed2b9885cff0bab3505f6be8e6eb97491bb3355e1d,model::cardinal_fbc_compactdyn,false,${CACHE_ROOT:?set CACHE_ROOT},${REVIEWER_ROOT:?set REVIEWER_ROOT},${REVIEWER_ROOT:?set REVIEWER_ROOT}/cardinal_fbc_compactdyn__cho2017,${GPU:?set GPU},scripts/reproduce.sh reviewer estimate --scope dataset --model cardinal_fbc_compactdyn --dataset cho2017,"scripts/reproduce.sh reviewer run --scope dataset --model cardinal_fbc_compactdyn --dataset cho2017 --cache-root ""${CACHE_ROOT:?set CACHE_ROOT}"" --run-root ""${REVIEWER_ROOT:?set REVIEWER_ROOT}/cardinal_fbc_compactdyn__cho2017"" --gpu ""${GPU:?set GPU}""","scripts/reproduce.sh reviewer status --run-root ""${REVIEWER_ROOT:?set REVIEWER_ROOT}/cardinal_fbc_compactdyn__cho2017""","scripts/reproduce.sh reviewer compare --run-root ""${REVIEWER_ROOT:?set REVIEWER_ROOT}/cardinal_fbc_compactdyn__cho2017"" --cache-root ""${CACHE_ROOT:?set CACHE_ROOT}"""
dataset::cardinal_fbc_compactdyn::physionet_mi,cardinal_fbc_compactdyn::physionet_mi,cardinal_fbc_compactdyn,7,equal_dataset_macro_balanced_accuracy,descriptive_opened_development_suite_only,7,sealed overall accuracy descending; frozen plan architecture order breaks exact ties,dataset,physionet_mi,dataset,54,3,162,5,810,0.5431275720164609,0.5424496866525852,54.31%,54.313%,54.24%,54.245%,mean_seeds_within_subject_then_mean_subjects,0.300587544981,sum of sealed job_total_seconds measured on the formal four-RTX-A5000 workstation; not a wall-clock estimate or cross-hardware promise,public_official_record_odc_by_1_0_subject_to_terms,true,false,"opened-development evidence only; not independent confirmation, a clinical result, or a global SOTA claim",strict score match requires the exact selected Cartesian replay and checks accuracy plus balanced accuracy; it does not imply bit-exact predictions,"rank is sealed-table context, not established by replaying one cell or one model; rank confirmation requires all 43 complete model rows","fixed-protocol replication is not exact execution identity unless source, cache, split, lock, CUDA, driver, and physical GPU identities all match",65b93b7e5d09cfc30fb6ce28156368e66aec1503f4efa37faa3189e25ebbc3b1,548c0bb707ac99debfafbc9082dd322aec7eb799e69f1ad69e25231eeb75873f,ed1070f69367e36109c473c193b4f898de40ad689a8d367ac3d9e7471a82a1cd,results/common_grid_v6/analysis/dataset_summary.csv,0f24934e47c275ffb66b06e78266cb7fc1883f3046da876a5ed50089c09686cf,results/common_grid_v6/analysis/model_ranking.csv,adddfd4687e09710b2867252fc873687f48ef073c555a9c0b604af9dd31e4e32,results/common_grid_v6/analysis/job_metrics.csv,fda26e3a545811d1f9d4b4ed2b9885cff0bab3505f6be8e6eb97491bb3355e1d,model::cardinal_fbc_compactdyn,false,${CACHE_ROOT:?set CACHE_ROOT},${REVIEWER_ROOT:?set REVIEWER_ROOT},${REVIEWER_ROOT:?set REVIEWER_ROOT}/cardinal_fbc_compactdyn__physionet_mi,${GPU:?set GPU},scripts/reproduce.sh reviewer estimate --scope dataset --model cardinal_fbc_compactdyn --dataset physionet_mi,"scripts/reproduce.sh reviewer run --scope dataset --model cardinal_fbc_compactdyn --dataset physionet_mi --cache-root ""${CACHE_ROOT:?set CACHE_ROOT}"" --run-root ""${REVIEWER_ROOT:?set REVIEWER_ROOT}/cardinal_fbc_compactdyn__physionet_mi"" --gpu ""${GPU:?set GPU}""","scripts/reproduce.sh reviewer status --run-root ""${REVIEWER_ROOT:?set REVIEWER_ROOT}/cardinal_fbc_compactdyn__physionet_mi""","scripts/reproduce.sh reviewer compare --run-root ""${REVIEWER_ROOT:?set REVIEWER_ROOT}/cardinal_fbc_compactdyn__physionet_mi"" --cache-root ""${CACHE_ROOT:?set CACHE_ROOT}"""
model::cardinal_fbc_compactdyn,cardinal_fbc_compactdyn::overall,cardinal_fbc_compactdyn,7,equal_dataset_macro_balanced_accuracy,descriptive_opened_development_suite_only,7,sealed overall accuracy descending; frozen plan architecture order breaks exact ties,overall,overall,model,132,by_dataset:1|1|1|5|3,448,5,2240,0.7347776986388097,0.7346421215660346,73.48%,73.478%,73.46%,73.464%,fold_concatenation_then_seed_mean_then_subject_mean_then_equal_dataset_mean,2.734475572496,sum of sealed job_total_seconds measured on the formal four-RTX-A5000 workstation; not a wall-clock estimate or cross-hardware promise,mixed_includes_private_local_exp4_authorization_required,false,false,"opened-development evidence only; not independent confirmation, a clinical result, or a global SOTA claim",strict score match requires the exact selected Cartesian replay and checks accuracy plus balanced accuracy; it does not imply bit-exact predictions,"rank is sealed-table context, not established by replaying one cell or one model; rank confirmation requires all 43 complete model rows","fixed-protocol replication is not exact execution identity unless source, cache, split, lock, CUDA, driver, and physical GPU identities all match",65b93b7e5d09cfc30fb6ce28156368e66aec1503f4efa37faa3189e25ebbc3b1,548c0bb707ac99debfafbc9082dd322aec7eb799e69f1ad69e25231eeb75873f,ed1070f69367e36109c473c193b4f898de40ad689a8d367ac3d9e7471a82a1cd,results/common_grid_v6/analysis/overall_summary.csv,d45dd54801f4ba9074bba808cd7076bd04c9a5267944ec4f7af274de96a11c6f,results/common_grid_v6/analysis/model_ranking.csv,adddfd4687e09710b2867252fc873687f48ef073c555a9c0b604af9dd31e4e32,results/common_grid_v6/analysis/job_metrics.csv,fda26e3a545811d1f9d4b4ed2b9885cff0bab3505f6be8e6eb97491bb3355e1d,model::cardinal_fbc_compactdyn,true,${CACHE_ROOT:?set CACHE_ROOT},${REVIEWER_ROOT:?set REVIEWER_ROOT},${REVIEWER_ROOT:?set REVIEWER_ROOT}/cardinal_fbc_compactdyn__overall,${GPU:?set GPU},scripts/reproduce.sh reviewer estimate --scope model --model cardinal_fbc_compactdyn,"scripts/reproduce.sh reviewer run --scope model --model cardinal_fbc_compactdyn --cache-root ""${CACHE_ROOT:?set CACHE_ROOT}"" --run-root ""${REVIEWER_ROOT:?set REVIEWER_ROOT}/cardinal_fbc_compactdyn__overall"" --gpu ""${GPU:?set GPU}""","scripts/reproduce.sh reviewer status --run-root ""${REVIEWER_ROOT:?set REVIEWER_ROOT}/cardinal_fbc_compactdyn__overall""","scripts/reproduce.sh reviewer compare --run-root ""${REVIEWER_ROOT:?set REVIEWER_ROOT}/cardinal_fbc_compactdyn__overall"" --cache-root ""${CACHE_ROOT:?set CACHE_ROOT}"""
dataset::cardinal_fbc_compactdyn_scale025::local_exp4,cardinal_fbc_compactdyn_scale025::local_exp4,cardinal_fbc_compactdyn_scale025,8,equal_dataset_macro_balanced_accuracy,descriptive_opened_development_suite_only,8,sealed overall accuracy descending; frozen plan architecture order breaks exact ties,dataset,local_exp4,dataset,8,1,8,5,40,0.89625,0.89625,89.62%,89.625%,89.62%,89.625%,mean_seeds_within_subject_then_mean_subjects,0.114185550429,sum of sealed job_total_seconds measured on the formal four-RTX-A5000 workstation; not a wall-clock estimate or cross-hardware promise,private_institutional_authorization_required,false,false,"opened-development evidence only; not independent confirmation, a clinical result, or a global SOTA claim",strict score match requires the exact selected Cartesian replay and checks accuracy plus balanced accuracy; it does not imply bit-exact predictions,"rank is sealed-table context, not established by replaying one cell or one model; rank confirmation requires all 43 complete model rows","fixed-protocol replication is not exact execution identity unless source, cache, split, lock, CUDA, driver, and physical GPU identities all match",65b93b7e5d09cfc30fb6ce28156368e66aec1503f4efa37faa3189e25ebbc3b1,548c0bb707ac99debfafbc9082dd322aec7eb799e69f1ad69e25231eeb75873f,ed1070f69367e36109c473c193b4f898de40ad689a8d367ac3d9e7471a82a1cd,results/common_grid_v6/analysis/dataset_summary.csv,0f24934e47c275ffb66b06e78266cb7fc1883f3046da876a5ed50089c09686cf,results/common_grid_v6/analysis/model_ranking.csv,adddfd4687e09710b2867252fc873687f48ef073c555a9c0b604af9dd31e4e32,results/common_grid_v6/analysis/job_metrics.csv,fda26e3a545811d1f9d4b4ed2b9885cff0bab3505f6be8e6eb97491bb3355e1d,model::cardinal_fbc_compactdyn_scale025,false,${CACHE_ROOT:?set CACHE_ROOT},${REVIEWER_ROOT:?set REVIEWER_ROOT},${REVIEWER_ROOT:?set REVIEWER_ROOT}/cardinal_fbc_compactdyn_scale025__local_exp4,${GPU:?set GPU},scripts/reproduce.sh reviewer estimate --scope dataset --model cardinal_fbc_compactdyn_scale025 --dataset local_exp4,"scripts/reproduce.sh reviewer run --scope dataset --model cardinal_fbc_compactdyn_scale025 --dataset local_exp4 --cache-root ""${CACHE_ROOT:?set CACHE_ROOT}"" --run-root ""${REVIEWER_ROOT:?set REVIEWER_ROOT}/cardinal_fbc_compactdyn_scale025__local_exp4"" --gpu ""${GPU:?set GPU}""","scripts/reproduce.sh reviewer status --run-root ""${REVIEWER_ROOT:?set REVIEWER_ROOT}/cardinal_fbc_compactdyn_scale025__local_exp4""","scripts/reproduce.sh reviewer compare --run-root ""${REVIEWER_ROOT:?set REVIEWER_ROOT}/cardinal_fbc_compactdyn_scale025__local_exp4"" --cache-root ""${CACHE_ROOT:?set CACHE_ROOT}"""
dataset::cardinal_fbc_compactdyn_scale025::bnci2014_001,cardinal_fbc_compactdyn_scale025::bnci2014_001,cardinal_fbc_compactdyn_scale025,8,equal_dataset_macro_balanced_accuracy,descriptive_opened_development_suite_only,8,sealed overall accuracy descending; frozen plan architecture order breaks exact ties,dataset,bnci2014_001,dataset,9,1,9,5,45,0.7548611111111112,0.7548611111111112,75.49%,75.486%,75.49%,75.486%,mean_seeds_within_subject_then_mean_subjects,0.270530354575,sum of sealed job_total_seconds measured on the formal four-RTX-A5000 workstation; not a wall-clock estimate or cross-hardware promise,public_official_record_cc_by_nd_4_0_subject_to_terms,true,false,"opened-development evidence only; not independent confirmation, a clinical result, or a global SOTA claim",strict score match requires the exact selected Cartesian replay and checks accuracy plus balanced accuracy; it does not imply bit-exact predictions,"rank is sealed-table context, not established by replaying one cell or one model; rank confirmation requires all 43 complete model rows","fixed-protocol replication is not exact execution identity unless source, cache, split, lock, CUDA, driver, and physical GPU identities all match",65b93b7e5d09cfc30fb6ce28156368e66aec1503f4efa37faa3189e25ebbc3b1,548c0bb707ac99debfafbc9082dd322aec7eb799e69f1ad69e25231eeb75873f,ed1070f69367e36109c473c193b4f898de40ad689a8d367ac3d9e7471a82a1cd,results/common_grid_v6/analysis/dataset_summary.csv,0f24934e47c275ffb66b06e78266cb7fc1883f3046da876a5ed50089c09686cf,results/common_grid_v6/analysis/model_ranking.csv,adddfd4687e09710b2867252fc873687f48ef073c555a9c0b604af9dd31e4e32,results/common_grid_v6/analysis/job_metrics.csv,fda26e3a545811d1f9d4b4ed2b9885cff0bab3505f6be8e6eb97491bb3355e1d,model::cardinal_fbc_compactdyn_scale025,false,${CACHE_ROOT:?set CACHE_ROOT},${REVIEWER_ROOT:?set REVIEWER_ROOT},${REVIEWER_ROOT:?set REVIEWER_ROOT}/cardinal_fbc_compactdyn_scale025__bnci2014_001,${GPU:?set GPU},scripts/reproduce.sh reviewer estimate --scope dataset --model cardinal_fbc_compactdyn_scale025 --dataset bnci2014_001,"scripts/reproduce.sh reviewer run --scope dataset --model cardinal_fbc_compactdyn_scale025 --dataset bnci2014_001 --cache-root ""${CACHE_ROOT:?set CACHE_ROOT}"" --run-root ""${REVIEWER_ROOT:?set REVIEWER_ROOT}/cardinal_fbc_compactdyn_scale025__bnci2014_001"" --gpu ""${GPU:?set GPU}""","scripts/reproduce.sh reviewer status --run-root ""${REVIEWER_ROOT:?set REVIEWER_ROOT}/cardinal_fbc_compactdyn_scale025__bnci2014_001""","scripts/reproduce.sh reviewer compare --run-root ""${REVIEWER_ROOT:?set REVIEWER_ROOT}/cardinal_fbc_compactdyn_scale025__bnci2014_001"" --cache-root ""${CACHE_ROOT:?set CACHE_ROOT}"""
dataset::cardinal_fbc_compactdyn_scale025::bnci2014_004,cardinal_fbc_compactdyn_scale025::bnci2014_004,cardinal_fbc_compactdyn_scale025,8,equal_dataset_macro_balanced_accuracy,descriptive_opened_development_suite_only,8,sealed overall accuracy descending; frozen plan architecture order breaks exact ties,dataset,bnci2014_004,dataset,9,1,9,5,45,0.7710218253968253,0.7710218253968253,77.10%,77.102%,77.10%,77.102%,mean_seeds_within_subject_then_mean_subjects,0.116943561663,sum of sealed job_total_seconds measured on the formal four-RTX-A5000 workstation; not a wall-clock estimate or cross-hardware promise,public_official_record_cc_by_nd_4_0_subject_to_terms,true,false,"opened-development evidence only; not independent confirmation, a clinical result, or a global SOTA claim",strict score match requires the exact selected Cartesian replay and checks accuracy plus balanced accuracy; it does not imply bit-exact predictions,"rank is sealed-table context, not established by replaying one cell or one model; rank confirmation requires all 43 complete model rows","fixed-protocol replication is not exact execution identity unless source, cache, split, lock, CUDA, driver, and physical GPU identities all match",65b93b7e5d09cfc30fb6ce28156368e66aec1503f4efa37faa3189e25ebbc3b1,548c0bb707ac99debfafbc9082dd322aec7eb799e69f1ad69e25231eeb75873f,ed1070f69367e36109c473c193b4f898de40ad689a8d367ac3d9e7471a82a1cd,results/common_grid_v6/analysis/dataset_summary.csv,0f24934e47c275ffb66b06e78266cb7fc1883f3046da876a5ed50089c09686cf,results/common_grid_v6/analysis/model_ranking.csv,adddfd4687e09710b2867252fc873687f48ef073c555a9c0b604af9dd31e4e32,results/common_grid_v6/analysis/job_metrics.csv,fda26e3a545811d1f9d4b4ed2b9885cff0bab3505f6be8e6eb97491bb3355e1d,model::cardinal_fbc_compactdyn_scale025,false,${CACHE_ROOT:?set CACHE_ROOT},${REVIEWER_ROOT:?set REVIEWER_ROOT},${REVIEWER_ROOT:?set REVIEWER_ROOT}/cardinal_fbc_compactdyn_scale025__bnci2014_004,${GPU:?set GPU},scripts/reproduce.sh reviewer estimate --scope dataset --model cardinal_fbc_compactdyn_scale025 --dataset bnci2014_004,"scripts/reproduce.sh reviewer run --scope dataset --model cardinal_fbc_compactdyn_scale025 --dataset bnci2014_004 --cache-root ""${CACHE_ROOT:?set CACHE_ROOT}"" --run-root ""${REVIEWER_ROOT:?set REVIEWER_ROOT}/cardinal_fbc_compactdyn_scale025__bnci2014_004"" --gpu ""${GPU:?set GPU}""","scripts/reproduce.sh reviewer status --run-root ""${REVIEWER_ROOT:?set REVIEWER_ROOT}/cardinal_fbc_compactdyn_scale025__bnci2014_004""","scripts/reproduce.sh reviewer compare --run-root ""${REVIEWER_ROOT:?set REVIEWER_ROOT}/cardinal_fbc_compactdyn_scale025__bnci2014_004"" --cache-root ""${CACHE_ROOT:?set CACHE_ROOT}"""
dataset::cardinal_fbc_compactdyn_scale025::cho2017,cardinal_fbc_compactdyn_scale025::cho2017,cardinal_fbc_compactdyn_scale025,8,equal_dataset_macro_balanced_accuracy,descriptive_opened_development_suite_only,8,sealed overall accuracy descending; frozen plan architecture order breaks exact ties,dataset,cho2017,dataset,52,5,260,5,1300,0.7099166666666665,0.7099166666666665,70.99%,70.992%,70.99%,70.992%,mean_seeds_within_subject_then_mean_subjects,2.373540353121,sum of sealed job_total_seconds measured on the formal four-RTX-A5000 workstation; not a wall-clock estimate or cross-hardware promise,public_record_exact_acquired_byte_terms_unresolved,true,false,"opened-development evidence only; not independent confirmation, a clinical result, or a global SOTA claim",strict score match requires the exact selected Cartesian replay and checks accuracy plus balanced accuracy; it does not imply bit-exact predictions,"rank is sealed-table context, not established by replaying one cell or one model; rank confirmation requires all 43 complete model rows","fixed-protocol replication is not exact execution identity unless source, cache, split, lock, CUDA, driver, and physical GPU identities all match",65b93b7e5d09cfc30fb6ce28156368e66aec1503f4efa37faa3189e25ebbc3b1,548c0bb707ac99debfafbc9082dd322aec7eb799e69f1ad69e25231eeb75873f,ed1070f69367e36109c473c193b4f898de40ad689a8d367ac3d9e7471a82a1cd,results/common_grid_v6/analysis/dataset_summary.csv,0f24934e47c275ffb66b06e78266cb7fc1883f3046da876a5ed50089c09686cf,results/common_grid_v6/analysis/model_ranking.csv,adddfd4687e09710b2867252fc873687f48ef073c555a9c0b604af9dd31e4e32,results/common_grid_v6/analysis/job_metrics.csv,fda26e3a545811d1f9d4b4ed2b9885cff0bab3505f6be8e6eb97491bb3355e1d,model::cardinal_fbc_compactdyn_scale025,false,${CACHE_ROOT:?set CACHE_ROOT},${REVIEWER_ROOT:?set REVIEWER_ROOT},${REVIEWER_ROOT:?set REVIEWER_ROOT}/cardinal_fbc_compactdyn_scale025__cho2017,${GPU:?set GPU},scripts/reproduce.sh reviewer estimate --scope dataset --model cardinal_fbc_compactdyn_scale025 --dataset cho2017,"scripts/reproduce.sh reviewer run --scope dataset --model cardinal_fbc_compactdyn_scale025 --dataset cho2017 --cache-root ""${CACHE_ROOT:?set CACHE_ROOT}"" --run-root ""${REVIEWER_ROOT:?set REVIEWER_ROOT}/cardinal_fbc_compactdyn_scale025__cho2017"" --gpu ""${GPU:?set GPU}""","scripts/reproduce.sh reviewer status --run-root ""${REVIEWER_ROOT:?set REVIEWER_ROOT}/cardinal_fbc_compactdyn_scale025__cho2017""","scripts/reproduce.sh reviewer compare --run-root ""${REVIEWER_ROOT:?set REVIEWER_ROOT}/cardinal_fbc_compactdyn_scale025__cho2017"" --cache-root ""${CACHE_ROOT:?set CACHE_ROOT}"""
dataset::cardinal_fbc_compactdyn_scale025::physionet_mi,cardinal_fbc_compactdyn_scale025::physionet_mi,cardinal_fbc_compactdyn_scale025,8,equal_dataset_macro_balanced_accuracy,descriptive_opened_development_suite_only,8,sealed overall accuracy descending; frozen plan architecture order breaks exact ties,dataset,physionet_mi,dataset,54,3,162,5,810,0.5409053497942387,0.5389719311820761,54.09%,54.091%,53.90%,53.897%,mean_seeds_within_subject_then_mean_subjects,0.322390947343,sum of sealed job_total_seconds measured on the formal four-RTX-A5000 workstation; not a wall-clock estimate or cross-hardware promise,public_official_record_odc_by_1_0_subject_to_terms,true,false,"opened-development evidence only; not independent confirmation, a clinical result, or a global SOTA claim",strict score match requires the exact selected Cartesian replay and checks accuracy plus balanced accuracy; it does not imply bit-exact predictions,"rank is sealed-table context, not established by replaying one cell or one model; rank confirmation requires all 43 complete model rows","fixed-protocol replication is not exact execution identity unless source, cache, split, lock, CUDA, driver, and physical GPU identities all match",65b93b7e5d09cfc30fb6ce28156368e66aec1503f4efa37faa3189e25ebbc3b1,548c0bb707ac99debfafbc9082dd322aec7eb799e69f1ad69e25231eeb75873f,ed1070f69367e36109c473c193b4f898de40ad689a8d367ac3d9e7471a82a1cd,results/common_grid_v6/analysis/dataset_summary.csv,0f24934e47c275ffb66b06e78266cb7fc1883f3046da876a5ed50089c09686cf,results/common_grid_v6/analysis/model_ranking.csv,adddfd4687e09710b2867252fc873687f48ef073c555a9c0b604af9dd31e4e32,results/common_grid_v6/analysis/job_metrics.csv,fda26e3a545811d1f9d4b4ed2b9885cff0bab3505f6be8e6eb97491bb3355e1d,model::cardinal_fbc_compactdyn_scale025,false,${CACHE_ROOT:?set CACHE_ROOT},${REVIEWER_ROOT:?set REVIEWER_ROOT},${REVIEWER_ROOT:?set REVIEWER_ROOT}/cardinal_fbc_compactdyn_scale025__physionet_mi,${GPU:?set GPU},scripts/reproduce.sh reviewer estimate --scope dataset --model cardinal_fbc_compactdyn_scale025 --dataset physionet_mi,"scripts/reproduce.sh reviewer run --scope dataset --model cardinal_fbc_compactdyn_scale025 --dataset physionet_mi --cache-root ""${CACHE_ROOT:?set CACHE_ROOT}"" --run-root ""${REVIEWER_ROOT:?set REVIEWER_ROOT}/cardinal_fbc_compactdyn_scale025__physionet_mi"" --gpu ""${GPU:?set GPU}""","scripts/reproduce.sh reviewer status --run-root ""${REVIEWER_ROOT:?set REVIEWER_ROOT}/cardinal_fbc_compactdyn_scale025__physionet_mi""","scripts/reproduce.sh reviewer compare --run-root ""${REVIEWER_ROOT:?set REVIEWER_ROOT}/cardinal_fbc_compactdyn_scale025__physionet_mi"" --cache-root ""${CACHE_ROOT:?set CACHE_ROOT}"""
model::cardinal_fbc_compactdyn_scale025,cardinal_fbc_compactdyn_scale025::overall,cardinal_fbc_compactdyn_scale025,8,equal_dataset_macro_balanced_accuracy,descriptive_opened_development_suite_only,8,sealed overall accuracy descending; frozen plan architecture order breaks exact ties,overall,overall,model,132,by_dataset:1|1|1|5|3,448,5,2240,0.7345909905937683,0.7342043068713358,73.46%,73.459%,73.42%,73.420%,fold_concatenation_then_seed_mean_then_subject_mean_then_equal_dataset_mean,3.197590767130,sum of sealed job_total_seconds measured on the formal four-RTX-A5000 workstation; not a wall-clock estimate or cross-hardware promise,mixed_includes_private_local_exp4_authorization_required,false,false,"opened-development evidence only; not independent confirmation, a clinical result, or a global SOTA claim",strict score match requires the exact selected Cartesian replay and checks accuracy plus balanced accuracy; it does not imply bit-exact predictions,"rank is sealed-table context, not established by replaying one cell or one model; rank confirmation requires all 43 complete model rows","fixed-protocol replication is not exact execution identity unless source, cache, split, lock, CUDA, driver, and physical GPU identities all match",65b93b7e5d09cfc30fb6ce28156368e66aec1503f4efa37faa3189e25ebbc3b1,548c0bb707ac99debfafbc9082dd322aec7eb799e69f1ad69e25231eeb75873f,ed1070f69367e36109c473c193b4f898de40ad689a8d367ac3d9e7471a82a1cd,results/common_grid_v6/analysis/overall_summary.csv,d45dd54801f4ba9074bba808cd7076bd04c9a5267944ec4f7af274de96a11c6f,results/common_grid_v6/analysis/model_ranking.csv,adddfd4687e09710b2867252fc873687f48ef073c555a9c0b604af9dd31e4e32,results/common_grid_v6/analysis/job_metrics.csv,fda26e3a545811d1f9d4b4ed2b9885cff0bab3505f6be8e6eb97491bb3355e1d,model::cardinal_fbc_compactdyn_scale025,true,${CACHE_ROOT:?set CACHE_ROOT},${REVIEWER_ROOT:?set REVIEWER_ROOT},${REVIEWER_ROOT:?set REVIEWER_ROOT}/cardinal_fbc_compactdyn_scale025__overall,${GPU:?set GPU},scripts/reproduce.sh reviewer estimate --scope model --model cardinal_fbc_compactdyn_scale025,"scripts/reproduce.sh reviewer run --scope model --model cardinal_fbc_compactdyn_scale025 --cache-root ""${CACHE_ROOT:?set CACHE_ROOT}"" --run-root ""${REVIEWER_ROOT:?set REVIEWER_ROOT}/cardinal_fbc_compactdyn_scale025__overall"" --gpu ""${GPU:?set GPU}""","scripts/reproduce.sh reviewer status --run-root ""${REVIEWER_ROOT:?set REVIEWER_ROOT}/cardinal_fbc_compactdyn_scale025__overall""","scripts/reproduce.sh reviewer compare --run-root ""${REVIEWER_ROOT:?set REVIEWER_ROOT}/cardinal_fbc_compactdyn_scale025__overall"" --cache-root ""${CACHE_ROOT:?set CACHE_ROOT}"""
dataset::cardinal_fbms_extended::local_exp4,cardinal_fbms_extended::local_exp4,cardinal_fbms_extended,9,equal_dataset_macro_balanced_accuracy,descriptive_opened_development_suite_only,9,sealed overall accuracy descending; frozen plan architecture order breaks exact ties,dataset,local_exp4,dataset,8,1,8,5,40,0.90875,0.90875,90.88%,90.875%,90.88%,90.875%,mean_seeds_within_subject_then_mean_subjects,0.081995571202,sum of sealed job_total_seconds measured on the formal four-RTX-A5000 workstation; not a wall-clock estimate or cross-hardware promise,private_institutional_authorization_required,false,false,"opened-development evidence only; not independent confirmation, a clinical result, or a global SOTA claim",strict score match requires the exact selected Cartesian replay and checks accuracy plus balanced accuracy; it does not imply bit-exact predictions,"rank is sealed-table context, not established by replaying one cell or one model; rank confirmation requires all 43 complete model rows","fixed-protocol replication is not exact execution identity unless source, cache, split, lock, CUDA, driver, and physical GPU identities all match",65b93b7e5d09cfc30fb6ce28156368e66aec1503f4efa37faa3189e25ebbc3b1,548c0bb707ac99debfafbc9082dd322aec7eb799e69f1ad69e25231eeb75873f,ed1070f69367e36109c473c193b4f898de40ad689a8d367ac3d9e7471a82a1cd,results/common_grid_v6/analysis/dataset_summary.csv,0f24934e47c275ffb66b06e78266cb7fc1883f3046da876a5ed50089c09686cf,results/common_grid_v6/analysis/model_ranking.csv,adddfd4687e09710b2867252fc873687f48ef073c555a9c0b604af9dd31e4e32,results/common_grid_v6/analysis/job_metrics.csv,fda26e3a545811d1f9d4b4ed2b9885cff0bab3505f6be8e6eb97491bb3355e1d,model::cardinal_fbms_extended,false,${CACHE_ROOT:?set CACHE_ROOT},${REVIEWER_ROOT:?set REVIEWER_ROOT},${REVIEWER_ROOT:?set REVIEWER_ROOT}/cardinal_fbms_extended__local_exp4,${GPU:?set GPU},scripts/reproduce.sh reviewer estimate --scope dataset --model cardinal_fbms_extended --dataset local_exp4,"scripts/reproduce.sh reviewer run --scope dataset --model cardinal_fbms_extended --dataset local_exp4 --cache-root ""${CACHE_ROOT:?set CACHE_ROOT}"" --run-root ""${REVIEWER_ROOT:?set REVIEWER_ROOT}/cardinal_fbms_extended__local_exp4"" --gpu ""${GPU:?set GPU}""","scripts/reproduce.sh reviewer status --run-root ""${REVIEWER_ROOT:?set REVIEWER_ROOT}/cardinal_fbms_extended__local_exp4""","scripts/reproduce.sh reviewer compare --run-root ""${REVIEWER_ROOT:?set REVIEWER_ROOT}/cardinal_fbms_extended__local_exp4"" --cache-root ""${CACHE_ROOT:?set CACHE_ROOT}"""
dataset::cardinal_fbms_extended::bnci2014_001,cardinal_fbms_extended::bnci2014_001,cardinal_fbms_extended,9,equal_dataset_macro_balanced_accuracy,descriptive_opened_development_suite_only,9,sealed overall accuracy descending; frozen plan architecture order breaks exact ties,dataset,bnci2014_001,dataset,9,1,9,5,45,0.7439043209876544,0.7439043209876544,74.39%,74.390%,74.39%,74.390%,mean_seeds_within_subject_then_mean_subjects,0.212873642654,sum of sealed job_total_seconds measured on the formal four-RTX-A5000 workstation; not a wall-clock estimate or cross-hardware promise,public_official_record_cc_by_nd_4_0_subject_to_terms,true,false,"opened-development evidence only; not independent confirmation, a clinical result, or a global SOTA claim",strict score match requires the exact selected Cartesian replay and checks accuracy plus balanced accuracy; it does not imply bit-exact predictions,"rank is sealed-table context, not established by replaying one cell or one model; rank confirmation requires all 43 complete model rows","fixed-protocol replication is not exact execution identity unless source, cache, split, lock, CUDA, driver, and physical GPU identities all match",65b93b7e5d09cfc30fb6ce28156368e66aec1503f4efa37faa3189e25ebbc3b1,548c0bb707ac99debfafbc9082dd322aec7eb799e69f1ad69e25231eeb75873f,ed1070f69367e36109c473c193b4f898de40ad689a8d367ac3d9e7471a82a1cd,results/common_grid_v6/analysis/dataset_summary.csv,0f24934e47c275ffb66b06e78266cb7fc1883f3046da876a5ed50089c09686cf,results/common_grid_v6/analysis/model_ranking.csv,adddfd4687e09710b2867252fc873687f48ef073c555a9c0b604af9dd31e4e32,results/common_grid_v6/analysis/job_metrics.csv,fda26e3a545811d1f9d4b4ed2b9885cff0bab3505f6be8e6eb97491bb3355e1d,model::cardinal_fbms_extended,false,${CACHE_ROOT:?set CACHE_ROOT},${REVIEWER_ROOT:?set REVIEWER_ROOT},${REVIEWER_ROOT:?set REVIEWER_ROOT}/cardinal_fbms_extended__bnci2014_001,${GPU:?set GPU},scripts/reproduce.sh reviewer estimate --scope dataset --model cardinal_fbms_extended --dataset bnci2014_001,"scripts/reproduce.sh reviewer run --scope dataset --model cardinal_fbms_extended --dataset bnci2014_001 --cache-root ""${CACHE_ROOT:?set CACHE_ROOT}"" --run-root ""${REVIEWER_ROOT:?set REVIEWER_ROOT}/cardinal_fbms_extended__bnci2014_001"" --gpu ""${GPU:?set GPU}""","scripts/reproduce.sh reviewer status --run-root ""${REVIEWER_ROOT:?set REVIEWER_ROOT}/cardinal_fbms_extended__bnci2014_001""","scripts/reproduce.sh reviewer compare --run-root ""${REVIEWER_ROOT:?set REVIEWER_ROOT}/cardinal_fbms_extended__bnci2014_001"" --cache-root ""${CACHE_ROOT:?set CACHE_ROOT}"""
dataset::cardinal_fbms_extended::bnci2014_004,cardinal_fbms_extended::bnci2014_004,cardinal_fbms_extended,9,equal_dataset_macro_balanced_accuracy,descriptive_opened_development_suite_only,9,sealed overall accuracy descending; frozen plan architecture order breaks exact ties,dataset,bnci2014_004,dataset,9,1,9,5,45,0.7760813492063492,0.7760813492063492,77.61%,77.608%,77.61%,77.608%,mean_seeds_within_subject_then_mean_subjects,0.092029354442,sum of sealed job_total_seconds measured on the formal four-RTX-A5000 workstation; not a wall-clock estimate or cross-hardware promise,public_official_record_cc_by_nd_4_0_subject_to_terms,true,false,"opened-development evidence only; not independent confirmation, a clinical result, or a global SOTA claim",strict score match requires the exact selected Cartesian replay and checks accuracy plus balanced accuracy; it does not imply bit-exact predictions,"rank is sealed-table context, not established by replaying one cell or one model; rank confirmation requires all 43 complete model rows","fixed-protocol replication is not exact execution identity unless source, cache, split, lock, CUDA, driver, and physical GPU identities all match",65b93b7e5d09cfc30fb6ce28156368e66aec1503f4efa37faa3189e25ebbc3b1,548c0bb707ac99debfafbc9082dd322aec7eb799e69f1ad69e25231eeb75873f,ed1070f69367e36109c473c193b4f898de40ad689a8d367ac3d9e7471a82a1cd,results/common_grid_v6/analysis/dataset_summary.csv,0f24934e47c275ffb66b06e78266cb7fc1883f3046da876a5ed50089c09686cf,results/common_grid_v6/analysis/model_ranking.csv,adddfd4687e09710b2867252fc873687f48ef073c555a9c0b604af9dd31e4e32,results/common_grid_v6/analysis/job_metrics.csv,fda26e3a545811d1f9d4b4ed2b9885cff0bab3505f6be8e6eb97491bb3355e1d,model::cardinal_fbms_extended,false,${CACHE_ROOT:?set CACHE_ROOT},${REVIEWER_ROOT:?set REVIEWER_ROOT},${REVIEWER_ROOT:?set REVIEWER_ROOT}/cardinal_fbms_extended__bnci2014_004,${GPU:?set GPU},scripts/reproduce.sh reviewer estimate --scope dataset --model cardinal_fbms_extended --dataset bnci2014_004,"scripts/reproduce.sh reviewer run --scope dataset --model cardinal_fbms_extended --dataset bnci2014_004 --cache-root ""${CACHE_ROOT:?set CACHE_ROOT}"" --run-root ""${REVIEWER_ROOT:?set REVIEWER_ROOT}/cardinal_fbms_extended__bnci2014_004"" --gpu ""${GPU:?set GPU}""","scripts/reproduce.sh reviewer status --run-root ""${REVIEWER_ROOT:?set REVIEWER_ROOT}/cardinal_fbms_extended__bnci2014_004""","scripts/reproduce.sh reviewer compare --run-root ""${REVIEWER_ROOT:?set REVIEWER_ROOT}/cardinal_fbms_extended__bnci2014_004"" --cache-root ""${CACHE_ROOT:?set CACHE_ROOT}"""
dataset::cardinal_fbms_extended::cho2017,cardinal_fbms_extended::cho2017,cardinal_fbms_extended,9,equal_dataset_macro_balanced_accuracy,descriptive_opened_development_suite_only,9,sealed overall accuracy descending; frozen plan architecture order breaks exact ties,dataset,cho2017,dataset,52,5,260,5,1300,0.6894551282051282,0.6894551282051282,68.95%,68.946%,68.95%,68.946%,mean_seeds_within_subject_then_mean_subjects,2.016826843775,sum of sealed job_total_seconds measured on the formal four-RTX-A5000 workstation; not a wall-clock estimate or cross-hardware promise,public_record_exact_acquired_byte_terms_unresolved,true,false,"opened-development evidence only; not independent confirmation, a clinical result, or a global SOTA claim",strict score match requires the exact selected Cartesian replay and checks accuracy plus balanced accuracy; it does not imply bit-exact predictions,"rank is sealed-table context, not established by replaying one cell or one model; rank confirmation requires all 43 complete model rows","fixed-protocol replication is not exact execution identity unless source, cache, split, lock, CUDA, driver, and physical GPU identities all match",65b93b7e5d09cfc30fb6ce28156368e66aec1503f4efa37faa3189e25ebbc3b1,548c0bb707ac99debfafbc9082dd322aec7eb799e69f1ad69e25231eeb75873f,ed1070f69367e36109c473c193b4f898de40ad689a8d367ac3d9e7471a82a1cd,results/common_grid_v6/analysis/dataset_summary.csv,0f24934e47c275ffb66b06e78266cb7fc1883f3046da876a5ed50089c09686cf,results/common_grid_v6/analysis/model_ranking.csv,adddfd4687e09710b2867252fc873687f48ef073c555a9c0b604af9dd31e4e32,results/common_grid_v6/analysis/job_metrics.csv,fda26e3a545811d1f9d4b4ed2b9885cff0bab3505f6be8e6eb97491bb3355e1d,model::cardinal_fbms_extended,false,${CACHE_ROOT:?set CACHE_ROOT},${REVIEWER_ROOT:?set REVIEWER_ROOT},${REVIEWER_ROOT:?set REVIEWER_ROOT}/cardinal_fbms_extended__cho2017,${GPU:?set GPU},scripts/reproduce.sh reviewer estimate --scope dataset --model cardinal_fbms_extended --dataset cho2017,"scripts/reproduce.sh reviewer run --scope dataset --model cardinal_fbms_extended --dataset cho2017 --cache-root ""${CACHE_ROOT:?set CACHE_ROOT}"" --run-root ""${REVIEWER_ROOT:?set REVIEWER_ROOT}/cardinal_fbms_extended__cho2017"" --gpu ""${GPU:?set GPU}""","scripts/reproduce.sh reviewer status --run-root ""${REVIEWER_ROOT:?set REVIEWER_ROOT}/cardinal_fbms_extended__cho2017""","scripts/reproduce.sh reviewer compare --run-root ""${REVIEWER_ROOT:?set REVIEWER_ROOT}/cardinal_fbms_extended__cho2017"" --cache-root ""${CACHE_ROOT:?set CACHE_ROOT}"""
dataset::cardinal_fbms_extended::physionet_mi,cardinal_fbms_extended::physionet_mi,cardinal_fbms_extended,9,equal_dataset_macro_balanced_accuracy,descriptive_opened_development_suite_only,9,sealed overall accuracy descending; frozen plan architecture order breaks exact ties,dataset,physionet_mi,dataset,54,3,162,5,810,0.5530864197530864,0.5500670960815889,55.31%,55.309%,55.01%,55.007%,mean_seeds_within_subject_then_mean_subjects,0.283328885147,sum of sealed job_total_seconds measured on the formal four-RTX-A5000 workstation; not a wall-clock estimate or cross-hardware promise,public_official_record_odc_by_1_0_subject_to_terms,true,false,"opened-development evidence only; not independent confirmation, a clinical result, or a global SOTA claim",strict score match requires the exact selected Cartesian replay and checks accuracy plus balanced accuracy; it does not imply bit-exact predictions,"rank is sealed-table context, not established by replaying one cell or one model; rank confirmation requires all 43 complete model rows","fixed-protocol replication is not exact execution identity unless source, cache, split, lock, CUDA, driver, and physical GPU identities all match",65b93b7e5d09cfc30fb6ce28156368e66aec1503f4efa37faa3189e25ebbc3b1,548c0bb707ac99debfafbc9082dd322aec7eb799e69f1ad69e25231eeb75873f,ed1070f69367e36109c473c193b4f898de40ad689a8d367ac3d9e7471a82a1cd,results/common_grid_v6/analysis/dataset_summary.csv,0f24934e47c275ffb66b06e78266cb7fc1883f3046da876a5ed50089c09686cf,results/common_grid_v6/analysis/model_ranking.csv,adddfd4687e09710b2867252fc873687f48ef073c555a9c0b604af9dd31e4e32,results/common_grid_v6/analysis/job_metrics.csv,fda26e3a545811d1f9d4b4ed2b9885cff0bab3505f6be8e6eb97491bb3355e1d,model::cardinal_fbms_extended,false,${CACHE_ROOT:?set CACHE_ROOT},${REVIEWER_ROOT:?set REVIEWER_ROOT},${REVIEWER_ROOT:?set REVIEWER_ROOT}/cardinal_fbms_extended__physionet_mi,${GPU:?set GPU},scripts/reproduce.sh reviewer estimate --scope dataset --model cardinal_fbms_extended --dataset physionet_mi,"scripts/reproduce.sh reviewer run --scope dataset --model cardinal_fbms_extended --dataset physionet_mi --cache-root ""${CACHE_ROOT:?set CACHE_ROOT}"" --run-root ""${REVIEWER_ROOT:?set REVIEWER_ROOT}/cardinal_fbms_extended__physionet_mi"" --gpu ""${GPU:?set GPU}""","scripts/reproduce.sh reviewer status --run-root ""${REVIEWER_ROOT:?set REVIEWER_ROOT}/cardinal_fbms_extended__physionet_mi""","scripts/reproduce.sh reviewer compare --run-root ""${REVIEWER_ROOT:?set REVIEWER_ROOT}/cardinal_fbms_extended__physionet_mi"" --cache-root ""${CACHE_ROOT:?set CACHE_ROOT}"""
model::cardinal_fbms_extended,cardinal_fbms_extended::overall,cardinal_fbms_extended,9,equal_dataset_macro_balanced_accuracy,descriptive_opened_development_suite_only,9,sealed overall accuracy descending; frozen plan architecture order breaks exact ties,overall,overall,model,132,by_dataset:1|1|1|5|3,448,5,2240,0.7342554436304437,0.7336515788961442,73.43%,73.426%,73.37%,73.365%,fold_concatenation_then_seed_mean_then_subject_mean_then_equal_dataset_mean,2.687054297220,sum of sealed job_total_seconds measured on the formal four-RTX-A5000 workstation; not a wall-clock estimate or cross-hardware promise,mixed_includes_private_local_exp4_authorization_required,false,false,"opened-development evidence only; not independent confirmation, a clinical result, or a global SOTA claim",strict score match requires the exact selected Cartesian replay and checks accuracy plus balanced accuracy; it does not imply bit-exact predictions,"rank is sealed-table context, not established by replaying one cell or one model; rank confirmation requires all 43 complete model rows","fixed-protocol replication is not exact execution identity unless source, cache, split, lock, CUDA, driver, and physical GPU identities all match",65b93b7e5d09cfc30fb6ce28156368e66aec1503f4efa37faa3189e25ebbc3b1,548c0bb707ac99debfafbc9082dd322aec7eb799e69f1ad69e25231eeb75873f,ed1070f69367e36109c473c193b4f898de40ad689a8d367ac3d9e7471a82a1cd,results/common_grid_v6/analysis/overall_summary.csv,d45dd54801f4ba9074bba808cd7076bd04c9a5267944ec4f7af274de96a11c6f,results/common_grid_v6/analysis/model_ranking.csv,adddfd4687e09710b2867252fc873687f48ef073c555a9c0b604af9dd31e4e32,results/common_grid_v6/analysis/job_metrics.csv,fda26e3a545811d1f9d4b4ed2b9885cff0bab3505f6be8e6eb97491bb3355e1d,model::cardinal_fbms_extended,true,${CACHE_ROOT:?set CACHE_ROOT},${REVIEWER_ROOT:?set REVIEWER_ROOT},${REVIEWER_ROOT:?set REVIEWER_ROOT}/cardinal_fbms_extended__overall,${GPU:?set GPU},scripts/reproduce.sh reviewer estimate --scope model --model cardinal_fbms_extended,"scripts/reproduce.sh reviewer run --scope model --model cardinal_fbms_extended --cache-root ""${CACHE_ROOT:?set CACHE_ROOT}"" --run-root ""${REVIEWER_ROOT:?set REVIEWER_ROOT}/cardinal_fbms_extended__overall"" --gpu ""${GPU:?set GPU}""","scripts/reproduce.sh reviewer status --run-root ""${REVIEWER_ROOT:?set REVIEWER_ROOT}/cardinal_fbms_extended__overall""","scripts/reproduce.sh reviewer compare --run-root ""${REVIEWER_ROOT:?set REVIEWER_ROOT}/cardinal_fbms_extended__overall"" --cache-root ""${CACHE_ROOT:?set CACHE_ROOT}"""
dataset::cardinal_dynamics_compact::local_exp4,cardinal_dynamics_compact::local_exp4,cardinal_dynamics_compact,10,equal_dataset_macro_balanced_accuracy,descriptive_opened_development_suite_only,13,sealed overall accuracy descending; frozen plan architecture order breaks exact ties,dataset,local_exp4,dataset,8,1,8,5,40,0.8891666666666667,0.8891666666666667,88.92%,88.917%,88.92%,88.917%,mean_seeds_within_subject_then_mean_subjects,0.068156756303,sum of sealed job_total_seconds measured on the formal four-RTX-A5000 workstation; not a wall-clock estimate or cross-hardware promise,private_institutional_authorization_required,false,false,"opened-development evidence only; not independent confirmation, a clinical result, or a global SOTA claim",strict score match requires the exact selected Cartesian replay and checks accuracy plus balanced accuracy; it does not imply bit-exact predictions,"rank is sealed-table context, not established by replaying one cell or one model; rank confirmation requires all 43 complete model rows","fixed-protocol replication is not exact execution identity unless source, cache, split, lock, CUDA, driver, and physical GPU identities all match",65b93b7e5d09cfc30fb6ce28156368e66aec1503f4efa37faa3189e25ebbc3b1,548c0bb707ac99debfafbc9082dd322aec7eb799e69f1ad69e25231eeb75873f,ed1070f69367e36109c473c193b4f898de40ad689a8d367ac3d9e7471a82a1cd,results/common_grid_v6/analysis/dataset_summary.csv,0f24934e47c275ffb66b06e78266cb7fc1883f3046da876a5ed50089c09686cf,results/common_grid_v6/analysis/model_ranking.csv,adddfd4687e09710b2867252fc873687f48ef073c555a9c0b604af9dd31e4e32,results/common_grid_v6/analysis/job_metrics.csv,fda26e3a545811d1f9d4b4ed2b9885cff0bab3505f6be8e6eb97491bb3355e1d,model::cardinal_dynamics_compact,false,${CACHE_ROOT:?set CACHE_ROOT},${REVIEWER_ROOT:?set REVIEWER_ROOT},${REVIEWER_ROOT:?set REVIEWER_ROOT}/cardinal_dynamics_compact__local_exp4,${GPU:?set GPU},scripts/reproduce.sh reviewer estimate --scope dataset --model cardinal_dynamics_compact --dataset local_exp4,"scripts/reproduce.sh reviewer run --scope dataset --model cardinal_dynamics_compact --dataset local_exp4 --cache-root ""${CACHE_ROOT:?set CACHE_ROOT}"" --run-root ""${REVIEWER_ROOT:?set REVIEWER_ROOT}/cardinal_dynamics_compact__local_exp4"" --gpu ""${GPU:?set GPU}""","scripts/reproduce.sh reviewer status --run-root ""${REVIEWER_ROOT:?set REVIEWER_ROOT}/cardinal_dynamics_compact__local_exp4""","scripts/reproduce.sh reviewer compare --run-root ""${REVIEWER_ROOT:?set REVIEWER_ROOT}/cardinal_dynamics_compact__local_exp4"" --cache-root ""${CACHE_ROOT:?set CACHE_ROOT}"""
dataset::cardinal_dynamics_compact::bnci2014_001,cardinal_dynamics_compact::bnci2014_001,cardinal_dynamics_compact,10,equal_dataset_macro_balanced_accuracy,descriptive_opened_development_suite_only,13,sealed overall accuracy descending; frozen plan architecture order breaks exact ties,dataset,bnci2014_001,dataset,9,1,9,5,45,0.6983796296296296,0.6983796296296296,69.84%,69.838%,69.84%,69.838%,mean_seeds_within_subject_then_mean_subjects,0.136377649057,sum of sealed job_total_seconds measured on the formal four-RTX-A5000 workstation; not a wall-clock estimate or cross-hardware promise,public_official_record_cc_by_nd_4_0_subject_to_terms,true,false,"opened-development evidence only; not independent confirmation, a clinical result, or a global SOTA claim",strict score match requires the exact selected Cartesian replay and checks accuracy plus balanced accuracy; it does not imply bit-exact predictions,"rank is sealed-table context, not established by replaying one cell or one model; rank confirmation requires all 43 complete model rows","fixed-protocol replication is not exact execution identity unless source, cache, split, lock, CUDA, driver, and physical GPU identities all match",65b93b7e5d09cfc30fb6ce28156368e66aec1503f4efa37faa3189e25ebbc3b1,548c0bb707ac99debfafbc9082dd322aec7eb799e69f1ad69e25231eeb75873f,ed1070f69367e36109c473c193b4f898de40ad689a8d367ac3d9e7471a82a1cd,results/common_grid_v6/analysis/dataset_summary.csv,0f24934e47c275ffb66b06e78266cb7fc1883f3046da876a5ed50089c09686cf,results/common_grid_v6/analysis/model_ranking.csv,adddfd4687e09710b2867252fc873687f48ef073c555a9c0b604af9dd31e4e32,results/common_grid_v6/analysis/job_metrics.csv,fda26e3a545811d1f9d4b4ed2b9885cff0bab3505f6be8e6eb97491bb3355e1d,model::cardinal_dynamics_compact,false,${CACHE_ROOT:?set CACHE_ROOT},${REVIEWER_ROOT:?set REVIEWER_ROOT},${REVIEWER_ROOT:?set REVIEWER_ROOT}/cardinal_dynamics_compact__bnci2014_001,${GPU:?set GPU},scripts/reproduce.sh reviewer estimate --scope dataset --model cardinal_dynamics_compact --dataset bnci2014_001,"scripts/reproduce.sh reviewer run --scope dataset --model cardinal_dynamics_compact --dataset bnci2014_001 --cache-root ""${CACHE_ROOT:?set CACHE_ROOT}"" --run-root ""${REVIEWER_ROOT:?set REVIEWER_ROOT}/cardinal_dynamics_compact__bnci2014_001"" --gpu ""${GPU:?set GPU}""","scripts/reproduce.sh reviewer status --run-root ""${REVIEWER_ROOT:?set REVIEWER_ROOT}/cardinal_dynamics_compact__bnci2014_001""","scripts/reproduce.sh reviewer compare --run-root ""${REVIEWER_ROOT:?set REVIEWER_ROOT}/cardinal_dynamics_compact__bnci2014_001"" --cache-root ""${CACHE_ROOT:?set CACHE_ROOT}"""
dataset::cardinal_dynamics_compact::bnci2014_004,cardinal_dynamics_compact::bnci2014_004,cardinal_dynamics_compact,10,equal_dataset_macro_balanced_accuracy,descriptive_opened_development_suite_only,13,sealed overall accuracy descending; frozen plan architecture order breaks exact ties,dataset,bnci2014_004,dataset,9,1,9,5,45,0.788125,0.788125,78.81%,78.812%,78.81%,78.812%,mean_seeds_within_subject_then_mean_subjects,0.069523063787,sum of sealed job_total_seconds measured on the formal four-RTX-A5000 workstation; not a wall-clock estimate or cross-hardware promise,public_official_record_cc_by_nd_4_0_subject_to_terms,true,false,"opened-development evidence only; not independent confirmation, a clinical result, or a global SOTA claim",strict score match requires the exact selected Cartesian replay and checks accuracy plus balanced accuracy; it does not imply bit-exact predictions,"rank is sealed-table context, not established by replaying one cell or one model; rank confirmation requires all 43 complete model rows","fixed-protocol replication is not exact execution identity unless source, cache, split, lock, CUDA, driver, and physical GPU identities all match",65b93b7e5d09cfc30fb6ce28156368e66aec1503f4efa37faa3189e25ebbc3b1,548c0bb707ac99debfafbc9082dd322aec7eb799e69f1ad69e25231eeb75873f,ed1070f69367e36109c473c193b4f898de40ad689a8d367ac3d9e7471a82a1cd,results/common_grid_v6/analysis/dataset_summary.csv,0f24934e47c275ffb66b06e78266cb7fc1883f3046da876a5ed50089c09686cf,results/common_grid_v6/analysis/model_ranking.csv,adddfd4687e09710b2867252fc873687f48ef073c555a9c0b604af9dd31e4e32,results/common_grid_v6/analysis/job_metrics.csv,fda26e3a545811d1f9d4b4ed2b9885cff0bab3505f6be8e6eb97491bb3355e1d,model::cardinal_dynamics_compact,false,${CACHE_ROOT:?set CACHE_ROOT},${REVIEWER_ROOT:?set REVIEWER_ROOT},${REVIEWER_ROOT:?set REVIEWER_ROOT}/cardinal_dynamics_compact__bnci2014_004,${GPU:?set GPU},scripts/reproduce.sh reviewer estimate --scope dataset --model cardinal_dynamics_compact --dataset bnci2014_004,"scripts/reproduce.sh reviewer run --scope dataset --model cardinal_dynamics_compact --dataset bnci2014_004 --cache-root ""${CACHE_ROOT:?set CACHE_ROOT}"" --run-root ""${REVIEWER_ROOT:?set REVIEWER_ROOT}/cardinal_dynamics_compact__bnci2014_004"" --gpu ""${GPU:?set GPU}""","scripts/reproduce.sh reviewer status --run-root ""${REVIEWER_ROOT:?set REVIEWER_ROOT}/cardinal_dynamics_compact__bnci2014_004""","scripts/reproduce.sh reviewer compare --run-root ""${REVIEWER_ROOT:?set REVIEWER_ROOT}/cardinal_dynamics_compact__bnci2014_004"" --cache-root ""${CACHE_ROOT:?set CACHE_ROOT}"""
dataset::cardinal_dynamics_compact::cho2017,cardinal_dynamics_compact::cho2017,cardinal_dynamics_compact,10,equal_dataset_macro_balanced_accuracy,descriptive_opened_development_suite_only,13,sealed overall accuracy descending; frozen plan architecture order breaks exact ties,dataset,cho2017,dataset,52,5,260,5,1300,0.7027916666666667,0.7027916666666667,70.28%,70.279%,70.28%,70.279%,mean_seeds_within_subject_then_mean_subjects,1.129225867281,sum of sealed job_total_seconds measured on the formal four-RTX-A5000 workstation; not a wall-clock estimate or cross-hardware promise,public_record_exact_acquired_byte_terms_unresolved,true,false,"opened-development evidence only; not independent confirmation, a clinical result, or a global SOTA claim",strict score match requires the exact selected Cartesian replay and checks accuracy plus balanced accuracy; it does not imply bit-exact predictions,"rank is sealed-table context, not established by replaying one cell or one model; rank confirmation requires all 43 complete model rows","fixed-protocol replication is not exact execution identity unless source, cache, split, lock, CUDA, driver, and physical GPU identities all match",65b93b7e5d09cfc30fb6ce28156368e66aec1503f4efa37faa3189e25ebbc3b1,548c0bb707ac99debfafbc9082dd322aec7eb799e69f1ad69e25231eeb75873f,ed1070f69367e36109c473c193b4f898de40ad689a8d367ac3d9e7471a82a1cd,results/common_grid_v6/analysis/dataset_summary.csv,0f24934e47c275ffb66b06e78266cb7fc1883f3046da876a5ed50089c09686cf,results/common_grid_v6/analysis/model_ranking.csv,adddfd4687e09710b2867252fc873687f48ef073c555a9c0b604af9dd31e4e32,results/common_grid_v6/analysis/job_metrics.csv,fda26e3a545811d1f9d4b4ed2b9885cff0bab3505f6be8e6eb97491bb3355e1d,model::cardinal_dynamics_compact,false,${CACHE_ROOT:?set CACHE_ROOT},${REVIEWER_ROOT:?set REVIEWER_ROOT},${REVIEWER_ROOT:?set REVIEWER_ROOT}/cardinal_dynamics_compact__cho2017,${GPU:?set GPU},scripts/reproduce.sh reviewer estimate --scope dataset --model cardinal_dynamics_compact --dataset cho2017,"scripts/reproduce.sh reviewer run --scope dataset --model cardinal_dynamics_compact --dataset cho2017 --cache-root ""${CACHE_ROOT:?set CACHE_ROOT}"" --run-root ""${REVIEWER_ROOT:?set REVIEWER_ROOT}/cardinal_dynamics_compact__cho2017"" --gpu ""${GPU:?set GPU}""","scripts/reproduce.sh reviewer status --run-root ""${REVIEWER_ROOT:?set REVIEWER_ROOT}/cardinal_dynamics_compact__cho2017""","scripts/reproduce.sh reviewer compare --run-root ""${REVIEWER_ROOT:?set REVIEWER_ROOT}/cardinal_dynamics_compact__cho2017"" --cache-root ""${CACHE_ROOT:?set CACHE_ROOT}"""
dataset::cardinal_dynamics_compact::physionet_mi,cardinal_dynamics_compact::physionet_mi,cardinal_dynamics_compact,10,equal_dataset_macro_balanced_accuracy,descriptive_opened_development_suite_only,13,sealed overall accuracy descending; frozen plan architecture order breaks exact ties,dataset,physionet_mi,dataset,54,3,162,5,810,0.5881481481481481,0.5874385678733505,58.81%,58.815%,58.74%,58.744%,mean_seeds_within_subject_then_mean_subjects,0.202201114675,sum of sealed job_total_seconds measured on the formal four-RTX-A5000 workstation; not a wall-clock estimate or cross-hardware promise,public_official_record_odc_by_1_0_subject_to_terms,true,false,"opened-development evidence only; not independent confirmation, a clinical result, or a global SOTA claim",strict score match requires the exact selected Cartesian replay and checks accuracy plus balanced accuracy; it does not imply bit-exact predictions,"rank is sealed-table context, not established by replaying one cell or one model; rank confirmation requires all 43 complete model rows","fixed-protocol replication is not exact execution identity unless source, cache, split, lock, CUDA, driver, and physical GPU identities all match",65b93b7e5d09cfc30fb6ce28156368e66aec1503f4efa37faa3189e25ebbc3b1,548c0bb707ac99debfafbc9082dd322aec7eb799e69f1ad69e25231eeb75873f,ed1070f69367e36109c473c193b4f898de40ad689a8d367ac3d9e7471a82a1cd,results/common_grid_v6/analysis/dataset_summary.csv,0f24934e47c275ffb66b06e78266cb7fc1883f3046da876a5ed50089c09686cf,results/common_grid_v6/analysis/model_ranking.csv,adddfd4687e09710b2867252fc873687f48ef073c555a9c0b604af9dd31e4e32,results/common_grid_v6/analysis/job_metrics.csv,fda26e3a545811d1f9d4b4ed2b9885cff0bab3505f6be8e6eb97491bb3355e1d,model::cardinal_dynamics_compact,false,${CACHE_ROOT:?set CACHE_ROOT},${REVIEWER_ROOT:?set REVIEWER_ROOT},${REVIEWER_ROOT:?set REVIEWER_ROOT}/cardinal_dynamics_compact__physionet_mi,${GPU:?set GPU},scripts/reproduce.sh reviewer estimate --scope dataset --model cardinal_dynamics_compact --dataset physionet_mi,"scripts/reproduce.sh reviewer run --scope dataset --model cardinal_dynamics_compact --dataset physionet_mi --cache-root ""${CACHE_ROOT:?set CACHE_ROOT}"" --run-root ""${REVIEWER_ROOT:?set REVIEWER_ROOT}/cardinal_dynamics_compact__physionet_mi"" --gpu ""${GPU:?set GPU}""","scripts/reproduce.sh reviewer status --run-root ""${REVIEWER_ROOT:?set REVIEWER_ROOT}/cardinal_dynamics_compact__physionet_mi""","scripts/reproduce.sh reviewer compare --run-root ""${REVIEWER_ROOT:?set REVIEWER_ROOT}/cardinal_dynamics_compact__physionet_mi"" --cache-root ""${CACHE_ROOT:?set CACHE_ROOT}"""
model::cardinal_dynamics_compact,cardinal_dynamics_compact::overall,cardinal_dynamics_compact,10,equal_dataset_macro_balanced_accuracy,descriptive_opened_development_suite_only,13,sealed overall accuracy descending; frozen plan architecture order breaks exact ties,overall,overall,model,132,by_dataset:1|1|1|5|3,448,5,2240,0.7333222222222222,0.7331803061672627,73.33%,73.332%,73.32%,73.318%,fold_concatenation_then_seed_mean_then_subject_mean_then_equal_dataset_mean,1.605484451103,sum of sealed job_total_seconds measured on the formal four-RTX-A5000 workstation; not a wall-clock estimate or cross-hardware promise,mixed_includes_private_local_exp4_authorization_required,false,false,"opened-development evidence only; not independent confirmation, a clinical result, or a global SOTA claim",strict score match requires the exact selected Cartesian replay and checks accuracy plus balanced accuracy; it does not imply bit-exact predictions,"rank is sealed-table context, not established by replaying one cell or one model; rank confirmation requires all 43 complete model rows","fixed-protocol replication is not exact execution identity unless source, cache, split, lock, CUDA, driver, and physical GPU identities all match",65b93b7e5d09cfc30fb6ce28156368e66aec1503f4efa37faa3189e25ebbc3b1,548c0bb707ac99debfafbc9082dd322aec7eb799e69f1ad69e25231eeb75873f,ed1070f69367e36109c473c193b4f898de40ad689a8d367ac3d9e7471a82a1cd,results/common_grid_v6/analysis/overall_summary.csv,d45dd54801f4ba9074bba808cd7076bd04c9a5267944ec4f7af274de96a11c6f,results/common_grid_v6/analysis/model_ranking.csv,adddfd4687e09710b2867252fc873687f48ef073c555a9c0b604af9dd31e4e32,results/common_grid_v6/analysis/job_metrics.csv,fda26e3a545811d1f9d4b4ed2b9885cff0bab3505f6be8e6eb97491bb3355e1d,model::cardinal_dynamics_compact,true,${CACHE_ROOT:?set CACHE_ROOT},${REVIEWER_ROOT:?set REVIEWER_ROOT},${REVIEWER_ROOT:?set REVIEWER_ROOT}/cardinal_dynamics_compact__overall,${GPU:?set GPU},scripts/reproduce.sh reviewer estimate --scope model --model cardinal_dynamics_compact,"scripts/reproduce.sh reviewer run --scope model --model cardinal_dynamics_compact --cache-root ""${CACHE_ROOT:?set CACHE_ROOT}"" --run-root ""${REVIEWER_ROOT:?set REVIEWER_ROOT}/cardinal_dynamics_compact__overall"" --gpu ""${GPU:?set GPU}""","scripts/reproduce.sh reviewer status --run-root ""${REVIEWER_ROOT:?set REVIEWER_ROOT}/cardinal_dynamics_compact__overall""","scripts/reproduce.sh reviewer compare --run-root ""${REVIEWER_ROOT:?set REVIEWER_ROOT}/cardinal_dynamics_compact__overall"" --cache-root ""${CACHE_ROOT:?set CACHE_ROOT}"""
dataset::fbmsnet::local_exp4,fbmsnet::local_exp4,fbmsnet,11,equal_dataset_macro_balanced_accuracy,descriptive_opened_development_suite_only,10,sealed overall accuracy descending; frozen plan architecture order breaks exact ties,dataset,local_exp4,dataset,8,1,8,5,40,0.9095833333333333,0.9095833333333333,90.96%,90.958%,90.96%,90.958%,mean_seeds_within_subject_then_mean_subjects,0.087825273066,sum of sealed job_total_seconds measured on the formal four-RTX-A5000 workstation; not a wall-clock estimate or cross-hardware promise,private_institutional_authorization_required,false,false,"opened-development evidence only; not independent confirmation, a clinical result, or a global SOTA claim",strict score match requires the exact selected Cartesian replay and checks accuracy plus balanced accuracy; it does not imply bit-exact predictions,"rank is sealed-table context, not established by replaying one cell or one model; rank confirmation requires all 43 complete model rows","fixed-protocol replication is not exact execution identity unless source, cache, split, lock, CUDA, driver, and physical GPU identities all match",65b93b7e5d09cfc30fb6ce28156368e66aec1503f4efa37faa3189e25ebbc3b1,548c0bb707ac99debfafbc9082dd322aec7eb799e69f1ad69e25231eeb75873f,ed1070f69367e36109c473c193b4f898de40ad689a8d367ac3d9e7471a82a1cd,results/common_grid_v6/analysis/dataset_summary.csv,0f24934e47c275ffb66b06e78266cb7fc1883f3046da876a5ed50089c09686cf,results/common_grid_v6/analysis/model_ranking.csv,adddfd4687e09710b2867252fc873687f48ef073c555a9c0b604af9dd31e4e32,results/common_grid_v6/analysis/job_metrics.csv,fda26e3a545811d1f9d4b4ed2b9885cff0bab3505f6be8e6eb97491bb3355e1d,model::fbmsnet,false,${CACHE_ROOT:?set CACHE_ROOT},${REVIEWER_ROOT:?set REVIEWER_ROOT},${REVIEWER_ROOT:?set REVIEWER_ROOT}/fbmsnet__local_exp4,${GPU:?set GPU},scripts/reproduce.sh reviewer estimate --scope dataset --model fbmsnet --dataset local_exp4,"scripts/reproduce.sh reviewer run --scope dataset --model fbmsnet --dataset local_exp4 --cache-root ""${CACHE_ROOT:?set CACHE_ROOT}"" --run-root ""${REVIEWER_ROOT:?set REVIEWER_ROOT}/fbmsnet__local_exp4"" --gpu ""${GPU:?set GPU}""","scripts/reproduce.sh reviewer status --run-root ""${REVIEWER_ROOT:?set REVIEWER_ROOT}/fbmsnet__local_exp4""","scripts/reproduce.sh reviewer compare --run-root ""${REVIEWER_ROOT:?set REVIEWER_ROOT}/fbmsnet__local_exp4"" --cache-root ""${CACHE_ROOT:?set CACHE_ROOT}"""
dataset::fbmsnet::bnci2014_001,fbmsnet::bnci2014_001,fbmsnet,11,equal_dataset_macro_balanced_accuracy,descriptive_opened_development_suite_only,10,sealed overall accuracy descending; frozen plan architecture order breaks exact ties,dataset,bnci2014_001,dataset,9,1,9,5,45,0.7422067901234567,0.7422067901234568,74.22%,74.221%,74.22%,74.221%,mean_seeds_within_subject_then_mean_subjects,0.280329152403,sum of sealed job_total_seconds measured on the formal four-RTX-A5000 workstation; not a wall-clock estimate or cross-hardware promise,public_official_record_cc_by_nd_4_0_subject_to_terms,true,false,"opened-development evidence only; not independent confirmation, a clinical result, or a global SOTA claim",strict score match requires the exact selected Cartesian replay and checks accuracy plus balanced accuracy; it does not imply bit-exact predictions,"rank is sealed-table context, not established by replaying one cell or one model; rank confirmation requires all 43 complete model rows","fixed-protocol replication is not exact execution identity unless source, cache, split, lock, CUDA, driver, and physical GPU identities all match",65b93b7e5d09cfc30fb6ce28156368e66aec1503f4efa37faa3189e25ebbc3b1,548c0bb707ac99debfafbc9082dd322aec7eb799e69f1ad69e25231eeb75873f,ed1070f69367e36109c473c193b4f898de40ad689a8d367ac3d9e7471a82a1cd,results/common_grid_v6/analysis/dataset_summary.csv,0f24934e47c275ffb66b06e78266cb7fc1883f3046da876a5ed50089c09686cf,results/common_grid_v6/analysis/model_ranking.csv,adddfd4687e09710b2867252fc873687f48ef073c555a9c0b604af9dd31e4e32,results/common_grid_v6/analysis/job_metrics.csv,fda26e3a545811d1f9d4b4ed2b9885cff0bab3505f6be8e6eb97491bb3355e1d,model::fbmsnet,false,${CACHE_ROOT:?set CACHE_ROOT},${REVIEWER_ROOT:?set REVIEWER_ROOT},${REVIEWER_ROOT:?set REVIEWER_ROOT}/fbmsnet__bnci2014_001,${GPU:?set GPU},scripts/reproduce.sh reviewer estimate --scope dataset --model fbmsnet --dataset bnci2014_001,"scripts/reproduce.sh reviewer run --scope dataset --model fbmsnet --dataset bnci2014_001 --cache-root ""${CACHE_ROOT:?set CACHE_ROOT}"" --run-root ""${REVIEWER_ROOT:?set REVIEWER_ROOT}/fbmsnet__bnci2014_001"" --gpu ""${GPU:?set GPU}""","scripts/reproduce.sh reviewer status --run-root ""${REVIEWER_ROOT:?set REVIEWER_ROOT}/fbmsnet__bnci2014_001""","scripts/reproduce.sh reviewer compare --run-root ""${REVIEWER_ROOT:?set REVIEWER_ROOT}/fbmsnet__bnci2014_001"" --cache-root ""${CACHE_ROOT:?set CACHE_ROOT}"""
dataset::fbmsnet::bnci2014_004,fbmsnet::bnci2014_004,fbmsnet,11,equal_dataset_macro_balanced_accuracy,descriptive_opened_development_suite_only,10,sealed overall accuracy descending; frozen plan architecture order breaks exact ties,dataset,bnci2014_004,dataset,9,1,9,5,45,0.7748015873015873,0.7748015873015872,77.48%,77.480%,77.48%,77.480%,mean_seeds_within_subject_then_mean_subjects,0.078063062515,sum of sealed job_total_seconds measured on the formal four-RTX-A5000 workstation; not a wall-clock estimate or cross-hardware promise,public_official_record_cc_by_nd_4_0_subject_to_terms,true,false,"opened-development evidence only; not independent confirmation, a clinical result, or a global SOTA claim",strict score match requires the exact selected Cartesian replay and checks accuracy plus balanced accuracy; it does not imply bit-exact predictions,"rank is sealed-table context, not established by replaying one cell or one model; rank confirmation requires all 43 complete model rows","fixed-protocol replication is not exact execution identity unless source, cache, split, lock, CUDA, driver, and physical GPU identities all match",65b93b7e5d09cfc30fb6ce28156368e66aec1503f4efa37faa3189e25ebbc3b1,548c0bb707ac99debfafbc9082dd322aec7eb799e69f1ad69e25231eeb75873f,ed1070f69367e36109c473c193b4f898de40ad689a8d367ac3d9e7471a82a1cd,results/common_grid_v6/analysis/dataset_summary.csv,0f24934e47c275ffb66b06e78266cb7fc1883f3046da876a5ed50089c09686cf,results/common_grid_v6/analysis/model_ranking.csv,adddfd4687e09710b2867252fc873687f48ef073c555a9c0b604af9dd31e4e32,results/common_grid_v6/analysis/job_metrics.csv,fda26e3a545811d1f9d4b4ed2b9885cff0bab3505f6be8e6eb97491bb3355e1d,model::fbmsnet,false,${CACHE_ROOT:?set CACHE_ROOT},${REVIEWER_ROOT:?set REVIEWER_ROOT},${REVIEWER_ROOT:?set REVIEWER_ROOT}/fbmsnet__bnci2014_004,${GPU:?set GPU},scripts/reproduce.sh reviewer estimate --scope dataset --model fbmsnet --dataset bnci2014_004,"scripts/reproduce.sh reviewer run --scope dataset --model fbmsnet --dataset bnci2014_004 --cache-root ""${CACHE_ROOT:?set CACHE_ROOT}"" --run-root ""${REVIEWER_ROOT:?set REVIEWER_ROOT}/fbmsnet__bnci2014_004"" --gpu ""${GPU:?set GPU}""","scripts/reproduce.sh reviewer status --run-root ""${REVIEWER_ROOT:?set REVIEWER_ROOT}/fbmsnet__bnci2014_004""","scripts/reproduce.sh reviewer compare --run-root ""${REVIEWER_ROOT:?set REVIEWER_ROOT}/fbmsnet__bnci2014_004"" --cache-root ""${CACHE_ROOT:?set CACHE_ROOT}"""
dataset::fbmsnet::cho2017,fbmsnet::cho2017,fbmsnet,11,equal_dataset_macro_balanced_accuracy,descriptive_opened_development_suite_only,10,sealed overall accuracy descending; frozen plan architecture order breaks exact ties,dataset,cho2017,dataset,52,5,260,5,1300,0.6893076923076923,0.6893076923076923,68.93%,68.931%,68.93%,68.931%,mean_seeds_within_subject_then_mean_subjects,2.758399524373,sum of sealed job_total_seconds measured on the formal four-RTX-A5000 workstation; not a wall-clock estimate or cross-hardware promise,public_record_exact_acquired_byte_terms_unresolved,true,false,"opened-development evidence only; not independent confirmation, a clinical result, or a global SOTA claim",strict score match requires the exact selected Cartesian replay and checks accuracy plus balanced accuracy; it does not imply bit-exact predictions,"rank is sealed-table context, not established by replaying one cell or one model; rank confirmation requires all 43 complete model rows","fixed-protocol replication is not exact execution identity unless source, cache, split, lock, CUDA, driver, and physical GPU identities all match",65b93b7e5d09cfc30fb6ce28156368e66aec1503f4efa37faa3189e25ebbc3b1,548c0bb707ac99debfafbc9082dd322aec7eb799e69f1ad69e25231eeb75873f,ed1070f69367e36109c473c193b4f898de40ad689a8d367ac3d9e7471a82a1cd,results/common_grid_v6/analysis/dataset_summary.csv,0f24934e47c275ffb66b06e78266cb7fc1883f3046da876a5ed50089c09686cf,results/common_grid_v6/analysis/model_ranking.csv,adddfd4687e09710b2867252fc873687f48ef073c555a9c0b604af9dd31e4e32,results/common_grid_v6/analysis/job_metrics.csv,fda26e3a545811d1f9d4b4ed2b9885cff0bab3505f6be8e6eb97491bb3355e1d,model::fbmsnet,false,${CACHE_ROOT:?set CACHE_ROOT},${REVIEWER_ROOT:?set REVIEWER_ROOT},${REVIEWER_ROOT:?set REVIEWER_ROOT}/fbmsnet__cho2017,${GPU:?set GPU},scripts/reproduce.sh reviewer estimate --scope dataset --model fbmsnet --dataset cho2017,"scripts/reproduce.sh reviewer run --scope dataset --model fbmsnet --dataset cho2017 --cache-root ""${CACHE_ROOT:?set CACHE_ROOT}"" --run-root ""${REVIEWER_ROOT:?set REVIEWER_ROOT}/fbmsnet__cho2017"" --gpu ""${GPU:?set GPU}""","scripts/reproduce.sh reviewer status --run-root ""${REVIEWER_ROOT:?set REVIEWER_ROOT}/fbmsnet__cho2017""","scripts/reproduce.sh reviewer compare --run-root ""${REVIEWER_ROOT:?set REVIEWER_ROOT}/fbmsnet__cho2017"" --cache-root ""${CACHE_ROOT:?set CACHE_ROOT}"""
dataset::fbmsnet::physionet_mi,fbmsnet::physionet_mi,fbmsnet,11,equal_dataset_macro_balanced_accuracy,descriptive_opened_development_suite_only,10,sealed overall accuracy descending; frozen plan architecture order breaks exact ties,dataset,physionet_mi,dataset,54,3,162,5,810,0.5530041152263374,0.5499662341147848,55.30%,55.300%,55.00%,54.997%,mean_seeds_within_subject_then_mean_subjects,0.273714283668,sum of sealed job_total_seconds measured on the formal four-RTX-A5000 workstation; not a wall-clock estimate or cross-hardware promise,public_official_record_odc_by_1_0_subject_to_terms,true,false,"opened-development evidence only; not independent confirmation, a clinical result, or a global SOTA claim",strict score match requires the exact selected Cartesian replay and checks accuracy plus balanced accuracy; it does not imply bit-exact predictions,"rank is sealed-table context, not established by replaying one cell or one model; rank confirmation requires all 43 complete model rows","fixed-protocol replication is not exact execution identity unless source, cache, split, lock, CUDA, driver, and physical GPU identities all match",65b93b7e5d09cfc30fb6ce28156368e66aec1503f4efa37faa3189e25ebbc3b1,548c0bb707ac99debfafbc9082dd322aec7eb799e69f1ad69e25231eeb75873f,ed1070f69367e36109c473c193b4f898de40ad689a8d367ac3d9e7471a82a1cd,results/common_grid_v6/analysis/dataset_summary.csv,0f24934e47c275ffb66b06e78266cb7fc1883f3046da876a5ed50089c09686cf,results/common_grid_v6/analysis/model_ranking.csv,adddfd4687e09710b2867252fc873687f48ef073c555a9c0b604af9dd31e4e32,results/common_grid_v6/analysis/job_metrics.csv,fda26e3a545811d1f9d4b4ed2b9885cff0bab3505f6be8e6eb97491bb3355e1d,model::fbmsnet,false,${CACHE_ROOT:?set CACHE_ROOT},${REVIEWER_ROOT:?set REVIEWER_ROOT},${REVIEWER_ROOT:?set REVIEWER_ROOT}/fbmsnet__physionet_mi,${GPU:?set GPU},scripts/reproduce.sh reviewer estimate --scope dataset --model fbmsnet --dataset physionet_mi,"scripts/reproduce.sh reviewer run --scope dataset --model fbmsnet --dataset physionet_mi --cache-root ""${CACHE_ROOT:?set CACHE_ROOT}"" --run-root ""${REVIEWER_ROOT:?set REVIEWER_ROOT}/fbmsnet__physionet_mi"" --gpu ""${GPU:?set GPU}""","scripts/reproduce.sh reviewer status --run-root ""${REVIEWER_ROOT:?set REVIEWER_ROOT}/fbmsnet__physionet_mi""","scripts/reproduce.sh reviewer compare --run-root ""${REVIEWER_ROOT:?set REVIEWER_ROOT}/fbmsnet__physionet_mi"" --cache-root ""${CACHE_ROOT:?set CACHE_ROOT}"""
model::fbmsnet,fbmsnet::overall,fbmsnet,11,equal_dataset_macro_balanced_accuracy,descriptive_opened_development_suite_only,10,sealed overall accuracy descending; frozen plan architecture order breaks exact ties,overall,overall,model,132,by_dataset:1|1|1|5|3,448,5,2240,0.7337807036584814,0.733173127436171,73.38%,73.378%,73.32%,73.317%,fold_concatenation_then_seed_mean_then_subject_mean_then_equal_dataset_mean,3.478331296025,sum of sealed job_total_seconds measured on the formal four-RTX-A5000 workstation; not a wall-clock estimate or cross-hardware promise,mixed_includes_private_local_exp4_authorization_required,false,false,"opened-development evidence only; not independent confirmation, a clinical result, or a global SOTA claim",strict score match requires the exact selected Cartesian replay and checks accuracy plus balanced accuracy; it does not imply bit-exact predictions,"rank is sealed-table context, not established by replaying one cell or one model; rank confirmation requires all 43 complete model rows","fixed-protocol replication is not exact execution identity unless source, cache, split, lock, CUDA, driver, and physical GPU identities all match",65b93b7e5d09cfc30fb6ce28156368e66aec1503f4efa37faa3189e25ebbc3b1,548c0bb707ac99debfafbc9082dd322aec7eb799e69f1ad69e25231eeb75873f,ed1070f69367e36109c473c193b4f898de40ad689a8d367ac3d9e7471a82a1cd,results/common_grid_v6/analysis/overall_summary.csv,d45dd54801f4ba9074bba808cd7076bd04c9a5267944ec4f7af274de96a11c6f,results/common_grid_v6/analysis/model_ranking.csv,adddfd4687e09710b2867252fc873687f48ef073c555a9c0b604af9dd31e4e32,results/common_grid_v6/analysis/job_metrics.csv,fda26e3a545811d1f9d4b4ed2b9885cff0bab3505f6be8e6eb97491bb3355e1d,model::fbmsnet,true,${CACHE_ROOT:?set CACHE_ROOT},${REVIEWER_ROOT:?set REVIEWER_ROOT},${REVIEWER_ROOT:?set REVIEWER_ROOT}/fbmsnet__overall,${GPU:?set GPU},scripts/reproduce.sh reviewer estimate --scope model --model fbmsnet,"scripts/reproduce.sh reviewer run --scope model --model fbmsnet --cache-root ""${CACHE_ROOT:?set CACHE_ROOT}"" --run-root ""${REVIEWER_ROOT:?set REVIEWER_ROOT}/fbmsnet__overall"" --gpu ""${GPU:?set GPU}""","scripts/reproduce.sh reviewer status --run-root ""${REVIEWER_ROOT:?set REVIEWER_ROOT}/fbmsnet__overall""","scripts/reproduce.sh reviewer compare --run-root ""${REVIEWER_ROOT:?set REVIEWER_ROOT}/fbmsnet__overall"" --cache-root ""${CACHE_ROOT:?set CACHE_ROOT}"""
dataset::tcformer::local_exp4,tcformer::local_exp4,tcformer,12,equal_dataset_macro_balanced_accuracy,descriptive_opened_development_suite_only,11,sealed overall accuracy descending; frozen plan architecture order breaks exact ties,dataset,local_exp4,dataset,8,1,8,5,40,0.9120833333333334,0.9120833333333334,91.21%,91.208%,91.21%,91.208%,mean_seeds_within_subject_then_mean_subjects,1.398112117919,sum of sealed job_total_seconds measured on the formal four-RTX-A5000 workstation; not a wall-clock estimate or cross-hardware promise,private_institutional_authorization_required,false,false,"opened-development evidence only; not independent confirmation, a clinical result, or a global SOTA claim",strict score match requires the exact selected Cartesian replay and checks accuracy plus balanced accuracy; it does not imply bit-exact predictions,"rank is sealed-table context, not established by replaying one cell or one model; rank confirmation requires all 43 complete model rows","fixed-protocol replication is not exact execution identity unless source, cache, split, lock, CUDA, driver, and physical GPU identities all match",65b93b7e5d09cfc30fb6ce28156368e66aec1503f4efa37faa3189e25ebbc3b1,548c0bb707ac99debfafbc9082dd322aec7eb799e69f1ad69e25231eeb75873f,ed1070f69367e36109c473c193b4f898de40ad689a8d367ac3d9e7471a82a1cd,results/common_grid_v6/analysis/dataset_summary.csv,0f24934e47c275ffb66b06e78266cb7fc1883f3046da876a5ed50089c09686cf,results/common_grid_v6/analysis/model_ranking.csv,adddfd4687e09710b2867252fc873687f48ef073c555a9c0b604af9dd31e4e32,results/common_grid_v6/analysis/job_metrics.csv,fda26e3a545811d1f9d4b4ed2b9885cff0bab3505f6be8e6eb97491bb3355e1d,model::tcformer,false,${CACHE_ROOT:?set CACHE_ROOT},${REVIEWER_ROOT:?set REVIEWER_ROOT},${REVIEWER_ROOT:?set REVIEWER_ROOT}/tcformer__local_exp4,${GPU:?set GPU},scripts/reproduce.sh reviewer estimate --scope dataset --model tcformer --dataset local_exp4,"scripts/reproduce.sh reviewer run --scope dataset --model tcformer --dataset local_exp4 --cache-root ""${CACHE_ROOT:?set CACHE_ROOT}"" --run-root ""${REVIEWER_ROOT:?set REVIEWER_ROOT}/tcformer__local_exp4"" --gpu ""${GPU:?set GPU}""","scripts/reproduce.sh reviewer status --run-root ""${REVIEWER_ROOT:?set REVIEWER_ROOT}/tcformer__local_exp4""","scripts/reproduce.sh reviewer compare --run-root ""${REVIEWER_ROOT:?set REVIEWER_ROOT}/tcformer__local_exp4"" --cache-root ""${CACHE_ROOT:?set CACHE_ROOT}"""
dataset::tcformer::bnci2014_001,tcformer::bnci2014_001,tcformer,12,equal_dataset_macro_balanced_accuracy,descriptive_opened_development_suite_only,11,sealed overall accuracy descending; frozen plan architecture order breaks exact ties,dataset,bnci2014_001,dataset,9,1,9,5,45,0.7238425925925925,0.7238425925925925,72.38%,72.384%,72.38%,72.384%,mean_seeds_within_subject_then_mean_subjects,3.739289473725,sum of sealed job_total_seconds measured on the formal four-RTX-A5000 workstation; not a wall-clock estimate or cross-hardware promise,public_official_record_cc_by_nd_4_0_subject_to_terms,true,false,"opened-development evidence only; not independent confirmation, a clinical result, or a global SOTA claim",strict score match requires the exact selected Cartesian replay and checks accuracy plus balanced accuracy; it does not imply bit-exact predictions,"rank is sealed-table context, not established by replaying one cell or one model; rank confirmation requires all 43 complete model rows","fixed-protocol replication is not exact execution identity unless source, cache, split, lock, CUDA, driver, and physical GPU identities all match",65b93b7e5d09cfc30fb6ce28156368e66aec1503f4efa37faa3189e25ebbc3b1,548c0bb707ac99debfafbc9082dd322aec7eb799e69f1ad69e25231eeb75873f,ed1070f69367e36109c473c193b4f898de40ad689a8d367ac3d9e7471a82a1cd,results/common_grid_v6/analysis/dataset_summary.csv,0f24934e47c275ffb66b06e78266cb7fc1883f3046da876a5ed50089c09686cf,results/common_grid_v6/analysis/model_ranking.csv,adddfd4687e09710b2867252fc873687f48ef073c555a9c0b604af9dd31e4e32,results/common_grid_v6/analysis/job_metrics.csv,fda26e3a545811d1f9d4b4ed2b9885cff0bab3505f6be8e6eb97491bb3355e1d,model::tcformer,false,${CACHE_ROOT:?set CACHE_ROOT},${REVIEWER_ROOT:?set REVIEWER_ROOT},${REVIEWER_ROOT:?set REVIEWER_ROOT}/tcformer__bnci2014_001,${GPU:?set GPU},scripts/reproduce.sh reviewer estimate --scope dataset --model tcformer --dataset bnci2014_001,"scripts/reproduce.sh reviewer run --scope dataset --model tcformer --dataset bnci2014_001 --cache-root ""${CACHE_ROOT:?set CACHE_ROOT}"" --run-root ""${REVIEWER_ROOT:?set REVIEWER_ROOT}/tcformer__bnci2014_001"" --gpu ""${GPU:?set GPU}""","scripts/reproduce.sh reviewer status --run-root ""${REVIEWER_ROOT:?set REVIEWER_ROOT}/tcformer__bnci2014_001""","scripts/reproduce.sh reviewer compare --run-root ""${REVIEWER_ROOT:?set REVIEWER_ROOT}/tcformer__bnci2014_001"" --cache-root ""${CACHE_ROOT:?set CACHE_ROOT}"""
dataset::tcformer::bnci2014_004,tcformer::bnci2014_004,tcformer,12,equal_dataset_macro_balanced_accuracy,descriptive_opened_development_suite_only,11,sealed overall accuracy descending; frozen plan architecture order breaks exact ties,dataset,bnci2014_004,dataset,9,1,9,5,45,0.7799999999999999,0.7799999999999999,78.00%,78.000%,78.00%,78.000%,mean_seeds_within_subject_then_mean_subjects,2.329258993896,sum of sealed job_total_seconds measured on the formal four-RTX-A5000 workstation; not a wall-clock estimate or cross-hardware promise,public_official_record_cc_by_nd_4_0_subject_to_terms,true,false,"opened-development evidence only; not independent confirmation, a clinical result, or a global SOTA claim",strict score match requires the exact selected Cartesian replay and checks accuracy plus balanced accuracy; it does not imply bit-exact predictions,"rank is sealed-table context, not established by replaying one cell or one model; rank confirmation requires all 43 complete model rows","fixed-protocol replication is not exact execution identity unless source, cache, split, lock, CUDA, driver, and physical GPU identities all match",65b93b7e5d09cfc30fb6ce28156368e66aec1503f4efa37faa3189e25ebbc3b1,548c0bb707ac99debfafbc9082dd322aec7eb799e69f1ad69e25231eeb75873f,ed1070f69367e36109c473c193b4f898de40ad689a8d367ac3d9e7471a82a1cd,results/common_grid_v6/analysis/dataset_summary.csv,0f24934e47c275ffb66b06e78266cb7fc1883f3046da876a5ed50089c09686cf,results/common_grid_v6/analysis/model_ranking.csv,adddfd4687e09710b2867252fc873687f48ef073c555a9c0b604af9dd31e4e32,results/common_grid_v6/analysis/job_metrics.csv,fda26e3a545811d1f9d4b4ed2b9885cff0bab3505f6be8e6eb97491bb3355e1d,model::tcformer,false,${CACHE_ROOT:?set CACHE_ROOT},${REVIEWER_ROOT:?set REVIEWER_ROOT},${REVIEWER_ROOT:?set REVIEWER_ROOT}/tcformer__bnci2014_004,${GPU:?set GPU},scripts/reproduce.sh reviewer estimate --scope dataset --model tcformer --dataset bnci2014_004,"scripts/reproduce.sh reviewer run --scope dataset --model tcformer --dataset bnci2014_004 --cache-root ""${CACHE_ROOT:?set CACHE_ROOT}"" --run-root ""${REVIEWER_ROOT:?set REVIEWER_ROOT}/tcformer__bnci2014_004"" --gpu ""${GPU:?set GPU}""","scripts/reproduce.sh reviewer status --run-root ""${REVIEWER_ROOT:?set REVIEWER_ROOT}/tcformer__bnci2014_004""","scripts/reproduce.sh reviewer compare --run-root ""${REVIEWER_ROOT:?set REVIEWER_ROOT}/tcformer__bnci2014_004"" --cache-root ""${CACHE_ROOT:?set CACHE_ROOT}"""
dataset::tcformer::cho2017,tcformer::cho2017,tcformer,12,equal_dataset_macro_balanced_accuracy,descriptive_opened_development_suite_only,11,sealed overall accuracy descending; frozen plan architecture order breaks exact ties,dataset,cho2017,dataset,52,5,260,5,1300,0.6946570512820514,0.6946570512820514,69.47%,69.466%,69.47%,69.466%,mean_seeds_within_subject_then_mean_subjects,31.934846353097,sum of sealed job_total_seconds measured on the formal four-RTX-A5000 workstation; not a wall-clock estimate or cross-hardware promise,public_record_exact_acquired_byte_terms_unresolved,true,false,"opened-development evidence only; not independent confirmation, a clinical result, or a global SOTA claim",strict score match requires the exact selected Cartesian replay and checks accuracy plus balanced accuracy; it does not imply bit-exact predictions,"rank is sealed-table context, not established by replaying one cell or one model; rank confirmation requires all 43 complete model rows","fixed-protocol replication is not exact execution identity unless source, cache, split, lock, CUDA, driver, and physical GPU identities all match",65b93b7e5d09cfc30fb6ce28156368e66aec1503f4efa37faa3189e25ebbc3b1,548c0bb707ac99debfafbc9082dd322aec7eb799e69f1ad69e25231eeb75873f,ed1070f69367e36109c473c193b4f898de40ad689a8d367ac3d9e7471a82a1cd,results/common_grid_v6/analysis/dataset_summary.csv,0f24934e47c275ffb66b06e78266cb7fc1883f3046da876a5ed50089c09686cf,results/common_grid_v6/analysis/model_ranking.csv,adddfd4687e09710b2867252fc873687f48ef073c555a9c0b604af9dd31e4e32,results/common_grid_v6/analysis/job_metrics.csv,fda26e3a545811d1f9d4b4ed2b9885cff0bab3505f6be8e6eb97491bb3355e1d,model::tcformer,false,${CACHE_ROOT:?set CACHE_ROOT},${REVIEWER_ROOT:?set REVIEWER_ROOT},${REVIEWER_ROOT:?set REVIEWER_ROOT}/tcformer__cho2017,${GPU:?set GPU},scripts/reproduce.sh reviewer estimate --scope dataset --model tcformer --dataset cho2017,"scripts/reproduce.sh reviewer run --scope dataset --model tcformer --dataset cho2017 --cache-root ""${CACHE_ROOT:?set CACHE_ROOT}"" --run-root ""${REVIEWER_ROOT:?set REVIEWER_ROOT}/tcformer__cho2017"" --gpu ""${GPU:?set GPU}""","scripts/reproduce.sh reviewer status --run-root ""${REVIEWER_ROOT:?set REVIEWER_ROOT}/tcformer__cho2017""","scripts/reproduce.sh reviewer compare --run-root ""${REVIEWER_ROOT:?set REVIEWER_ROOT}/tcformer__cho2017"" --cache-root ""${CACHE_ROOT:?set CACHE_ROOT}"""
dataset::tcformer::physionet_mi,tcformer::physionet_mi,tcformer,12,equal_dataset_macro_balanced_accuracy,descriptive_opened_development_suite_only,11,sealed overall accuracy descending; frozen plan architecture order breaks exact ties,dataset,physionet_mi,dataset,54,3,162,5,810,0.5574485596707819,0.5552324922795938,55.74%,55.745%,55.52%,55.523%,mean_seeds_within_subject_then_mean_subjects,2.524971362024,sum of sealed job_total_seconds measured on the formal four-RTX-A5000 workstation; not a wall-clock estimate or cross-hardware promise,public_official_record_odc_by_1_0_subject_to_terms,true,false,"opened-development evidence only; not independent confirmation, a clinical result, or a global SOTA claim",strict score match requires the exact selected Cartesian replay and checks accuracy plus balanced accuracy; it does not imply bit-exact predictions,"rank is sealed-table context, not established by replaying one cell or one model; rank confirmation requires all 43 complete model rows","fixed-protocol replication is not exact execution identity unless source, cache, split, lock, CUDA, driver, and physical GPU identities all match",65b93b7e5d09cfc30fb6ce28156368e66aec1503f4efa37faa3189e25ebbc3b1,548c0bb707ac99debfafbc9082dd322aec7eb799e69f1ad69e25231eeb75873f,ed1070f69367e36109c473c193b4f898de40ad689a8d367ac3d9e7471a82a1cd,results/common_grid_v6/analysis/dataset_summary.csv,0f24934e47c275ffb66b06e78266cb7fc1883f3046da876a5ed50089c09686cf,results/common_grid_v6/analysis/model_ranking.csv,adddfd4687e09710b2867252fc873687f48ef073c555a9c0b604af9dd31e4e32,results/common_grid_v6/analysis/job_metrics.csv,fda26e3a545811d1f9d4b4ed2b9885cff0bab3505f6be8e6eb97491bb3355e1d,model::tcformer,false,${CACHE_ROOT:?set CACHE_ROOT},${REVIEWER_ROOT:?set REVIEWER_ROOT},${REVIEWER_ROOT:?set REVIEWER_ROOT}/tcformer__physionet_mi,${GPU:?set GPU},scripts/reproduce.sh reviewer estimate --scope dataset --model tcformer --dataset physionet_mi,"scripts/reproduce.sh reviewer run --scope dataset --model tcformer --dataset physionet_mi --cache-root ""${CACHE_ROOT:?set CACHE_ROOT}"" --run-root ""${REVIEWER_ROOT:?set REVIEWER_ROOT}/tcformer__physionet_mi"" --gpu ""${GPU:?set GPU}""","scripts/reproduce.sh reviewer status --run-root ""${REVIEWER_ROOT:?set REVIEWER_ROOT}/tcformer__physionet_mi""","scripts/reproduce.sh reviewer compare --run-root ""${REVIEWER_ROOT:?set REVIEWER_ROOT}/tcformer__physionet_mi"" --cache-root ""${CACHE_ROOT:?set CACHE_ROOT}"""
model::tcformer,tcformer::overall,tcformer,12,equal_dataset_macro_balanced_accuracy,descriptive_opened_development_suite_only,11,sealed overall accuracy descending; frozen plan architecture order breaks exact ties,overall,overall,model,132,by_dataset:1|1|1|5|3,448,5,2240,0.7336063073757518,0.7331630938975142,73.36%,73.361%,73.32%,73.316%,fold_concatenation_then_seed_mean_then_subject_mean_then_equal_dataset_mean,41.926478300660,sum of sealed job_total_seconds measured on the formal four-RTX-A5000 workstation; not a wall-clock estimate or cross-hardware promise,mixed_includes_private_local_exp4_authorization_required,false,false,"opened-development evidence only; not independent confirmation, a clinical result, or a global SOTA claim",strict score match requires the exact selected Cartesian replay and checks accuracy plus balanced accuracy; it does not imply bit-exact predictions,"rank is sealed-table context, not established by replaying one cell or one model; rank confirmation requires all 43 complete model rows","fixed-protocol replication is not exact execution identity unless source, cache, split, lock, CUDA, driver, and physical GPU identities all match",65b93b7e5d09cfc30fb6ce28156368e66aec1503f4efa37faa3189e25ebbc3b1,548c0bb707ac99debfafbc9082dd322aec7eb799e69f1ad69e25231eeb75873f,ed1070f69367e36109c473c193b4f898de40ad689a8d367ac3d9e7471a82a1cd,results/common_grid_v6/analysis/overall_summary.csv,d45dd54801f4ba9074bba808cd7076bd04c9a5267944ec4f7af274de96a11c6f,results/common_grid_v6/analysis/model_ranking.csv,adddfd4687e09710b2867252fc873687f48ef073c555a9c0b604af9dd31e4e32,results/common_grid_v6/analysis/job_metrics.csv,fda26e3a545811d1f9d4b4ed2b9885cff0bab3505f6be8e6eb97491bb3355e1d,model::tcformer,true,${CACHE_ROOT:?set CACHE_ROOT},${REVIEWER_ROOT:?set REVIEWER_ROOT},${REVIEWER_ROOT:?set REVIEWER_ROOT}/tcformer__overall,${GPU:?set GPU},scripts/reproduce.sh reviewer estimate --scope model --model tcformer,"scripts/reproduce.sh reviewer run --scope model --model tcformer --cache-root ""${CACHE_ROOT:?set CACHE_ROOT}"" --run-root ""${REVIEWER_ROOT:?set REVIEWER_ROOT}/tcformer__overall"" --gpu ""${GPU:?set GPU}""","scripts/reproduce.sh reviewer status --run-root ""${REVIEWER_ROOT:?set REVIEWER_ROOT}/tcformer__overall""","scripts/reproduce.sh reviewer compare --run-root ""${REVIEWER_ROOT:?set REVIEWER_ROOT}/tcformer__overall"" --cache-root ""${CACHE_ROOT:?set CACHE_ROOT}"""
dataset::cardinal_fbc_corr_extended::local_exp4,cardinal_fbc_corr_extended::local_exp4,cardinal_fbc_corr_extended,13,equal_dataset_macro_balanced_accuracy,descriptive_opened_development_suite_only,12,sealed overall accuracy descending; frozen plan architecture order breaks exact ties,dataset,local_exp4,dataset,8,1,8,5,40,0.9033333333333333,0.9033333333333333,90.33%,90.333%,90.33%,90.333%,mean_seeds_within_subject_then_mean_subjects,0.093857022405,sum of sealed job_total_seconds measured on the formal four-RTX-A5000 workstation; not a wall-clock estimate or cross-hardware promise,private_institutional_authorization_required,false,false,"opened-development evidence only; not independent confirmation, a clinical result, or a global SOTA claim",strict score match requires the exact selected Cartesian replay and checks accuracy plus balanced accuracy; it does not imply bit-exact predictions,"rank is sealed-table context, not established by replaying one cell or one model; rank confirmation requires all 43 complete model rows","fixed-protocol replication is not exact execution identity unless source, cache, split, lock, CUDA, driver, and physical GPU identities all match",65b93b7e5d09cfc30fb6ce28156368e66aec1503f4efa37faa3189e25ebbc3b1,548c0bb707ac99debfafbc9082dd322aec7eb799e69f1ad69e25231eeb75873f,ed1070f69367e36109c473c193b4f898de40ad689a8d367ac3d9e7471a82a1cd,results/common_grid_v6/analysis/dataset_summary.csv,0f24934e47c275ffb66b06e78266cb7fc1883f3046da876a5ed50089c09686cf,results/common_grid_v6/analysis/model_ranking.csv,adddfd4687e09710b2867252fc873687f48ef073c555a9c0b604af9dd31e4e32,results/common_grid_v6/analysis/job_metrics.csv,fda26e3a545811d1f9d4b4ed2b9885cff0bab3505f6be8e6eb97491bb3355e1d,model::cardinal_fbc_corr_extended,false,${CACHE_ROOT:?set CACHE_ROOT},${REVIEWER_ROOT:?set REVIEWER_ROOT},${REVIEWER_ROOT:?set REVIEWER_ROOT}/cardinal_fbc_corr_extended__local_exp4,${GPU:?set GPU},scripts/reproduce.sh reviewer estimate --scope dataset --model cardinal_fbc_corr_extended --dataset local_exp4,"scripts/reproduce.sh reviewer run --scope dataset --model cardinal_fbc_corr_extended --dataset local_exp4 --cache-root ""${CACHE_ROOT:?set CACHE_ROOT}"" --run-root ""${REVIEWER_ROOT:?set REVIEWER_ROOT}/cardinal_fbc_corr_extended__local_exp4"" --gpu ""${GPU:?set GPU}""","scripts/reproduce.sh reviewer status --run-root ""${REVIEWER_ROOT:?set REVIEWER_ROOT}/cardinal_fbc_corr_extended__local_exp4""","scripts/reproduce.sh reviewer compare --run-root ""${REVIEWER_ROOT:?set REVIEWER_ROOT}/cardinal_fbc_corr_extended__local_exp4"" --cache-root ""${CACHE_ROOT:?set CACHE_ROOT}"""
dataset::cardinal_fbc_corr_extended::bnci2014_001,cardinal_fbc_corr_extended::bnci2014_001,cardinal_fbc_corr_extended,13,equal_dataset_macro_balanced_accuracy,descriptive_opened_development_suite_only,12,sealed overall accuracy descending; frozen plan architecture order breaks exact ties,dataset,bnci2014_001,dataset,9,1,9,5,45,0.7479938271604939,0.7479938271604938,74.80%,74.799%,74.80%,74.799%,mean_seeds_within_subject_then_mean_subjects,0.263887464816,sum of sealed job_total_seconds measured on the formal four-RTX-A5000 workstation; not a wall-clock estimate or cross-hardware promise,public_official_record_cc_by_nd_4_0_subject_to_terms,true,false,"opened-development evidence only; not independent confirmation, a clinical result, or a global SOTA claim",strict score match requires the exact selected Cartesian replay and checks accuracy plus balanced accuracy; it does not imply bit-exact predictions,"rank is sealed-table context, not established by replaying one cell or one model; rank confirmation requires all 43 complete model rows","fixed-protocol replication is not exact execution identity unless source, cache, split, lock, CUDA, driver, and physical GPU identities all match",65b93b7e5d09cfc30fb6ce28156368e66aec1503f4efa37faa3189e25ebbc3b1,548c0bb707ac99debfafbc9082dd322aec7eb799e69f1ad69e25231eeb75873f,ed1070f69367e36109c473c193b4f898de40ad689a8d367ac3d9e7471a82a1cd,results/common_grid_v6/analysis/dataset_summary.csv,0f24934e47c275ffb66b06e78266cb7fc1883f3046da876a5ed50089c09686cf,results/common_grid_v6/analysis/model_ranking.csv,adddfd4687e09710b2867252fc873687f48ef073c555a9c0b604af9dd31e4e32,results/common_grid_v6/analysis/job_metrics.csv,fda26e3a545811d1f9d4b4ed2b9885cff0bab3505f6be8e6eb97491bb3355e1d,model::cardinal_fbc_corr_extended,false,${CACHE_ROOT:?set CACHE_ROOT},${REVIEWER_ROOT:?set REVIEWER_ROOT},${REVIEWER_ROOT:?set REVIEWER_ROOT}/cardinal_fbc_corr_extended__bnci2014_001,${GPU:?set GPU},scripts/reproduce.sh reviewer estimate --scope dataset --model cardinal_fbc_corr_extended --dataset bnci2014_001,"scripts/reproduce.sh reviewer run --scope dataset --model cardinal_fbc_corr_extended --dataset bnci2014_001 --cache-root ""${CACHE_ROOT:?set CACHE_ROOT}"" --run-root ""${REVIEWER_ROOT:?set REVIEWER_ROOT}/cardinal_fbc_corr_extended__bnci2014_001"" --gpu ""${GPU:?set GPU}""","scripts/reproduce.sh reviewer status --run-root ""${REVIEWER_ROOT:?set REVIEWER_ROOT}/cardinal_fbc_corr_extended__bnci2014_001""","scripts/reproduce.sh reviewer compare --run-root ""${REVIEWER_ROOT:?set REVIEWER_ROOT}/cardinal_fbc_corr_extended__bnci2014_001"" --cache-root ""${CACHE_ROOT:?set CACHE_ROOT}"""
dataset::cardinal_fbc_corr_extended::bnci2014_004,cardinal_fbc_corr_extended::bnci2014_004,cardinal_fbc_corr_extended,13,equal_dataset_macro_balanced_accuracy,descriptive_opened_development_suite_only,12,sealed overall accuracy descending; frozen plan architecture order breaks exact ties,dataset,bnci2014_004,dataset,9,1,9,5,45,0.7594146825396826,0.7594146825396826,75.94%,75.941%,75.94%,75.941%,mean_seeds_within_subject_then_mean_subjects,0.107123977593,sum of sealed job_total_seconds measured on the formal four-RTX-A5000 workstation; not a wall-clock estimate or cross-hardware promise,public_official_record_cc_by_nd_4_0_subject_to_terms,true,false,"opened-development evidence only; not independent confirmation, a clinical result, or a global SOTA claim",strict score match requires the exact selected Cartesian replay and checks accuracy plus balanced accuracy; it does not imply bit-exact predictions,"rank is sealed-table context, not established by replaying one cell or one model; rank confirmation requires all 43 complete model rows","fixed-protocol replication is not exact execution identity unless source, cache, split, lock, CUDA, driver, and physical GPU identities all match",65b93b7e5d09cfc30fb6ce28156368e66aec1503f4efa37faa3189e25ebbc3b1,548c0bb707ac99debfafbc9082dd322aec7eb799e69f1ad69e25231eeb75873f,ed1070f69367e36109c473c193b4f898de40ad689a8d367ac3d9e7471a82a1cd,results/common_grid_v6/analysis/dataset_summary.csv,0f24934e47c275ffb66b06e78266cb7fc1883f3046da876a5ed50089c09686cf,results/common_grid_v6/analysis/model_ranking.csv,adddfd4687e09710b2867252fc873687f48ef073c555a9c0b604af9dd31e4e32,results/common_grid_v6/analysis/job_metrics.csv,fda26e3a545811d1f9d4b4ed2b9885cff0bab3505f6be8e6eb97491bb3355e1d,model::cardinal_fbc_corr_extended,false,${CACHE_ROOT:?set CACHE_ROOT},${REVIEWER_ROOT:?set REVIEWER_ROOT},${REVIEWER_ROOT:?set REVIEWER_ROOT}/cardinal_fbc_corr_extended__bnci2014_004,${GPU:?set GPU},scripts/reproduce.sh reviewer estimate --scope dataset --model cardinal_fbc_corr_extended --dataset bnci2014_004,"scripts/reproduce.sh reviewer run --scope dataset --model cardinal_fbc_corr_extended --dataset bnci2014_004 --cache-root ""${CACHE_ROOT:?set CACHE_ROOT}"" --run-root ""${REVIEWER_ROOT:?set REVIEWER_ROOT}/cardinal_fbc_corr_extended__bnci2014_004"" --gpu ""${GPU:?set GPU}""","scripts/reproduce.sh reviewer status --run-root ""${REVIEWER_ROOT:?set REVIEWER_ROOT}/cardinal_fbc_corr_extended__bnci2014_004""","scripts/reproduce.sh reviewer compare --run-root ""${REVIEWER_ROOT:?set REVIEWER_ROOT}/cardinal_fbc_corr_extended__bnci2014_004"" --cache-root ""${CACHE_ROOT:?set CACHE_ROOT}"""
dataset::cardinal_fbc_corr_extended::cho2017,cardinal_fbc_corr_extended::cho2017,cardinal_fbc_corr_extended,13,equal_dataset_macro_balanced_accuracy,descriptive_opened_development_suite_only,12,sealed overall accuracy descending; frozen plan architecture order breaks exact ties,dataset,cho2017,dataset,52,5,260,5,1300,0.7003589743589745,0.7003589743589745,70.04%,70.036%,70.04%,70.036%,mean_seeds_within_subject_then_mean_subjects,2.294896684775,sum of sealed job_total_seconds measured on the formal four-RTX-A5000 workstation; not a wall-clock estimate or cross-hardware promise,public_record_exact_acquired_byte_terms_unresolved,true,false,"opened-development evidence only; not independent confirmation, a clinical result, or a global SOTA claim",strict score match requires the exact selected Cartesian replay and checks accuracy plus balanced accuracy; it does not imply bit-exact predictions,"rank is sealed-table context, not established by replaying one cell or one model; rank confirmation requires all 43 complete model rows","fixed-protocol replication is not exact execution identity unless source, cache, split, lock, CUDA, driver, and physical GPU identities all match",65b93b7e5d09cfc30fb6ce28156368e66aec1503f4efa37faa3189e25ebbc3b1,548c0bb707ac99debfafbc9082dd322aec7eb799e69f1ad69e25231eeb75873f,ed1070f69367e36109c473c193b4f898de40ad689a8d367ac3d9e7471a82a1cd,results/common_grid_v6/analysis/dataset_summary.csv,0f24934e47c275ffb66b06e78266cb7fc1883f3046da876a5ed50089c09686cf,results/common_grid_v6/analysis/model_ranking.csv,adddfd4687e09710b2867252fc873687f48ef073c555a9c0b604af9dd31e4e32,results/common_grid_v6/analysis/job_metrics.csv,fda26e3a545811d1f9d4b4ed2b9885cff0bab3505f6be8e6eb97491bb3355e1d,model::cardinal_fbc_corr_extended,false,${CACHE_ROOT:?set CACHE_ROOT},${REVIEWER_ROOT:?set REVIEWER_ROOT},${REVIEWER_ROOT:?set REVIEWER_ROOT}/cardinal_fbc_corr_extended__cho2017,${GPU:?set GPU},scripts/reproduce.sh reviewer estimate --scope dataset --model cardinal_fbc_corr_extended --dataset cho2017,"scripts/reproduce.sh reviewer run --scope dataset --model cardinal_fbc_corr_extended --dataset cho2017 --cache-root ""${CACHE_ROOT:?set CACHE_ROOT}"" --run-root ""${REVIEWER_ROOT:?set REVIEWER_ROOT}/cardinal_fbc_corr_extended__cho2017"" --gpu ""${GPU:?set GPU}""","scripts/reproduce.sh reviewer status --run-root ""${REVIEWER_ROOT:?set REVIEWER_ROOT}/cardinal_fbc_corr_extended__cho2017""","scripts/reproduce.sh reviewer compare --run-root ""${REVIEWER_ROOT:?set REVIEWER_ROOT}/cardinal_fbc_corr_extended__cho2017"" --cache-root ""${CACHE_ROOT:?set CACHE_ROOT}"""
dataset::cardinal_fbc_corr_extended::physionet_mi,cardinal_fbc_corr_extended::physionet_mi,cardinal_fbc_corr_extended,13,equal_dataset_macro_balanced_accuracy,descriptive_opened_development_suite_only,12,sealed overall accuracy descending; frozen plan architecture order breaks exact ties,dataset,physionet_mi,dataset,54,3,162,5,810,0.5558847736625515,0.5539813246334985,55.59%,55.588%,55.40%,55.398%,mean_seeds_within_subject_then_mean_subjects,0.321816023492,sum of sealed job_total_seconds measured on the formal four-RTX-A5000 workstation; not a wall-clock estimate or cross-hardware promise,public_official_record_odc_by_1_0_subject_to_terms,true,false,"opened-development evidence only; not independent confirmation, a clinical result, or a global SOTA claim",strict score match requires the exact selected Cartesian replay and checks accuracy plus balanced accuracy; it does not imply bit-exact predictions,"rank is sealed-table context, not established by replaying one cell or one model; rank confirmation requires all 43 complete model rows","fixed-protocol replication is not exact execution identity unless source, cache, split, lock, CUDA, driver, and physical GPU identities all match",65b93b7e5d09cfc30fb6ce28156368e66aec1503f4efa37faa3189e25ebbc3b1,548c0bb707ac99debfafbc9082dd322aec7eb799e69f1ad69e25231eeb75873f,ed1070f69367e36109c473c193b4f898de40ad689a8d367ac3d9e7471a82a1cd,results/common_grid_v6/analysis/dataset_summary.csv,0f24934e47c275ffb66b06e78266cb7fc1883f3046da876a5ed50089c09686cf,results/common_grid_v6/analysis/model_ranking.csv,adddfd4687e09710b2867252fc873687f48ef073c555a9c0b604af9dd31e4e32,results/common_grid_v6/analysis/job_metrics.csv,fda26e3a545811d1f9d4b4ed2b9885cff0bab3505f6be8e6eb97491bb3355e1d,model::cardinal_fbc_corr_extended,false,${CACHE_ROOT:?set CACHE_ROOT},${REVIEWER_ROOT:?set REVIEWER_ROOT},${REVIEWER_ROOT:?set REVIEWER_ROOT}/cardinal_fbc_corr_extended__physionet_mi,${GPU:?set GPU},scripts/reproduce.sh reviewer estimate --scope dataset --model cardinal_fbc_corr_extended --dataset physionet_mi,"scripts/reproduce.sh reviewer run --scope dataset --model cardinal_fbc_corr_extended --dataset physionet_mi --cache-root ""${CACHE_ROOT:?set CACHE_ROOT}"" --run-root ""${REVIEWER_ROOT:?set REVIEWER_ROOT}/cardinal_fbc_corr_extended__physionet_mi"" --gpu ""${GPU:?set GPU}""","scripts/reproduce.sh reviewer status --run-root ""${REVIEWER_ROOT:?set REVIEWER_ROOT}/cardinal_fbc_corr_extended__physionet_mi""","scripts/reproduce.sh reviewer compare --run-root ""${REVIEWER_ROOT:?set REVIEWER_ROOT}/cardinal_fbc_corr_extended__physionet_mi"" --cache-root ""${CACHE_ROOT:?set CACHE_ROOT}"""
model::cardinal_fbc_corr_extended,cardinal_fbc_corr_extended::overall,cardinal_fbc_corr_extended,13,equal_dataset_macro_balanced_accuracy,descriptive_opened_development_suite_only,12,sealed overall accuracy descending; frozen plan architecture order breaks exact ties,overall,overall,model,132,by_dataset:1|1|1|5|3,448,5,2240,0.7333971182110072,0.7330164284051965,73.34%,73.340%,73.30%,73.302%,fold_concatenation_then_seed_mean_then_subject_mean_then_equal_dataset_mean,3.081581173081,sum of sealed job_total_seconds measured on the formal four-RTX-A5000 workstation; not a wall-clock estimate or cross-hardware promise,mixed_includes_private_local_exp4_authorization_required,false,false,"opened-development evidence only; not independent confirmation, a clinical result, or a global SOTA claim",strict score match requires the exact selected Cartesian replay and checks accuracy plus balanced accuracy; it does not imply bit-exact predictions,"rank is sealed-table context, not established by replaying one cell or one model; rank confirmation requires all 43 complete model rows","fixed-protocol replication is not exact execution identity unless source, cache, split, lock, CUDA, driver, and physical GPU identities all match",65b93b7e5d09cfc30fb6ce28156368e66aec1503f4efa37faa3189e25ebbc3b1,548c0bb707ac99debfafbc9082dd322aec7eb799e69f1ad69e25231eeb75873f,ed1070f69367e36109c473c193b4f898de40ad689a8d367ac3d9e7471a82a1cd,results/common_grid_v6/analysis/overall_summary.csv,d45dd54801f4ba9074bba808cd7076bd04c9a5267944ec4f7af274de96a11c6f,results/common_grid_v6/analysis/model_ranking.csv,adddfd4687e09710b2867252fc873687f48ef073c555a9c0b604af9dd31e4e32,results/common_grid_v6/analysis/job_metrics.csv,fda26e3a545811d1f9d4b4ed2b9885cff0bab3505f6be8e6eb97491bb3355e1d,model::cardinal_fbc_corr_extended,true,${CACHE_ROOT:?set CACHE_ROOT},${REVIEWER_ROOT:?set REVIEWER_ROOT},${REVIEWER_ROOT:?set REVIEWER_ROOT}/cardinal_fbc_corr_extended__overall,${GPU:?set GPU},scripts/reproduce.sh reviewer estimate --scope model --model cardinal_fbc_corr_extended,"scripts/reproduce.sh reviewer run --scope model --model cardinal_fbc_corr_extended --cache-root ""${CACHE_ROOT:?set CACHE_ROOT}"" --run-root ""${REVIEWER_ROOT:?set REVIEWER_ROOT}/cardinal_fbc_corr_extended__overall"" --gpu ""${GPU:?set GPU}""","scripts/reproduce.sh reviewer status --run-root ""${REVIEWER_ROOT:?set REVIEWER_ROOT}/cardinal_fbc_corr_extended__overall""","scripts/reproduce.sh reviewer compare --run-root ""${REVIEWER_ROOT:?set REVIEWER_ROOT}/cardinal_fbc_corr_extended__overall"" --cache-root ""${CACHE_ROOT:?set CACHE_ROOT}"""
dataset::cardinal_fbc_micro::local_exp4,cardinal_fbc_micro::local_exp4,cardinal_fbc_micro,14,equal_dataset_macro_balanced_accuracy,descriptive_opened_development_suite_only,14,sealed overall accuracy descending; frozen plan architecture order breaks exact ties,dataset,local_exp4,dataset,8,1,8,5,40,0.8908333333333334,0.8908333333333334,89.08%,89.083%,89.08%,89.083%,mean_seeds_within_subject_then_mean_subjects,0.135654318327,sum of sealed job_total_seconds measured on the formal four-RTX-A5000 workstation; not a wall-clock estimate or cross-hardware promise,private_institutional_authorization_required,false,false,"opened-development evidence only; not independent confirmation, a clinical result, or a global SOTA claim",strict score match requires the exact selected Cartesian replay and checks accuracy plus balanced accuracy; it does not imply bit-exact predictions,"rank is sealed-table context, not established by replaying one cell or one model; rank confirmation requires all 43 complete model rows","fixed-protocol replication is not exact execution identity unless source, cache, split, lock, CUDA, driver, and physical GPU identities all match",65b93b7e5d09cfc30fb6ce28156368e66aec1503f4efa37faa3189e25ebbc3b1,548c0bb707ac99debfafbc9082dd322aec7eb799e69f1ad69e25231eeb75873f,ed1070f69367e36109c473c193b4f898de40ad689a8d367ac3d9e7471a82a1cd,results/common_grid_v6/analysis/dataset_summary.csv,0f24934e47c275ffb66b06e78266cb7fc1883f3046da876a5ed50089c09686cf,results/common_grid_v6/analysis/model_ranking.csv,adddfd4687e09710b2867252fc873687f48ef073c555a9c0b604af9dd31e4e32,results/common_grid_v6/analysis/job_metrics.csv,fda26e3a545811d1f9d4b4ed2b9885cff0bab3505f6be8e6eb97491bb3355e1d,model::cardinal_fbc_micro,false,${CACHE_ROOT:?set CACHE_ROOT},${REVIEWER_ROOT:?set REVIEWER_ROOT},${REVIEWER_ROOT:?set REVIEWER_ROOT}/cardinal_fbc_micro__local_exp4,${GPU:?set GPU},scripts/reproduce.sh reviewer estimate --scope dataset --model cardinal_fbc_micro --dataset local_exp4,"scripts/reproduce.sh reviewer run --scope dataset --model cardinal_fbc_micro --dataset local_exp4 --cache-root ""${CACHE_ROOT:?set CACHE_ROOT}"" --run-root ""${REVIEWER_ROOT:?set REVIEWER_ROOT}/cardinal_fbc_micro__local_exp4"" --gpu ""${GPU:?set GPU}""","scripts/reproduce.sh reviewer status --run-root ""${REVIEWER_ROOT:?set REVIEWER_ROOT}/cardinal_fbc_micro__local_exp4""","scripts/reproduce.sh reviewer compare --run-root ""${REVIEWER_ROOT:?set REVIEWER_ROOT}/cardinal_fbc_micro__local_exp4"" --cache-root ""${CACHE_ROOT:?set CACHE_ROOT}"""
dataset::cardinal_fbc_micro::bnci2014_001,cardinal_fbc_micro::bnci2014_001,cardinal_fbc_micro,14,equal_dataset_macro_balanced_accuracy,descriptive_opened_development_suite_only,14,sealed overall accuracy descending; frozen plan architecture order breaks exact ties,dataset,bnci2014_001,dataset,9,1,9,5,45,0.7513117283950618,0.7513117283950617,75.13%,75.131%,75.13%,75.131%,mean_seeds_within_subject_then_mean_subjects,0.306958271599,sum of sealed job_total_seconds measured on the formal four-RTX-A5000 workstation; not a wall-clock estimate or cross-hardware promise,public_official_record_cc_by_nd_4_0_subject_to_terms,true,false,"opened-development evidence only; not independent confirmation, a clinical result, or a global SOTA claim",strict score match requires the exact selected Cartesian replay and checks accuracy plus balanced accuracy; it does not imply bit-exact predictions,"rank is sealed-table context, not established by replaying one cell or one model; rank confirmation requires all 43 complete model rows","fixed-protocol replication is not exact execution identity unless source, cache, split, lock, CUDA, driver, and physical GPU identities all match",65b93b7e5d09cfc30fb6ce28156368e66aec1503f4efa37faa3189e25ebbc3b1,548c0bb707ac99debfafbc9082dd322aec7eb799e69f1ad69e25231eeb75873f,ed1070f69367e36109c473c193b4f898de40ad689a8d367ac3d9e7471a82a1cd,results/common_grid_v6/analysis/dataset_summary.csv,0f24934e47c275ffb66b06e78266cb7fc1883f3046da876a5ed50089c09686cf,results/common_grid_v6/analysis/model_ranking.csv,adddfd4687e09710b2867252fc873687f48ef073c555a9c0b604af9dd31e4e32,results/common_grid_v6/analysis/job_metrics.csv,fda26e3a545811d1f9d4b4ed2b9885cff0bab3505f6be8e6eb97491bb3355e1d,model::cardinal_fbc_micro,false,${CACHE_ROOT:?set CACHE_ROOT},${REVIEWER_ROOT:?set REVIEWER_ROOT},${REVIEWER_ROOT:?set REVIEWER_ROOT}/cardinal_fbc_micro__bnci2014_001,${GPU:?set GPU},scripts/reproduce.sh reviewer estimate --scope dataset --model cardinal_fbc_micro --dataset bnci2014_001,"scripts/reproduce.sh reviewer run --scope dataset --model cardinal_fbc_micro --dataset bnci2014_001 --cache-root ""${CACHE_ROOT:?set CACHE_ROOT}"" --run-root ""${REVIEWER_ROOT:?set REVIEWER_ROOT}/cardinal_fbc_micro__bnci2014_001"" --gpu ""${GPU:?set GPU}""","scripts/reproduce.sh reviewer status --run-root ""${REVIEWER_ROOT:?set REVIEWER_ROOT}/cardinal_fbc_micro__bnci2014_001""","scripts/reproduce.sh reviewer compare --run-root ""${REVIEWER_ROOT:?set REVIEWER_ROOT}/cardinal_fbc_micro__bnci2014_001"" --cache-root ""${CACHE_ROOT:?set CACHE_ROOT}"""
dataset::cardinal_fbc_micro::bnci2014_004,cardinal_fbc_micro::bnci2014_004,cardinal_fbc_micro,14,equal_dataset_macro_balanced_accuracy,descriptive_opened_development_suite_only,14,sealed overall accuracy descending; frozen plan architecture order breaks exact ties,dataset,bnci2014_004,dataset,9,1,9,5,45,0.7761507936507936,0.7761507936507936,77.62%,77.615%,77.62%,77.615%,mean_seeds_within_subject_then_mean_subjects,0.120339238870,sum of sealed job_total_seconds measured on the formal four-RTX-A5000 workstation; not a wall-clock estimate or cross-hardware promise,public_official_record_cc_by_nd_4_0_subject_to_terms,true,false,"opened-development evidence only; not independent confirmation, a clinical result, or a global SOTA claim",strict score match requires the exact selected Cartesian replay and checks accuracy plus balanced accuracy; it does not imply bit-exact predictions,"rank is sealed-table context, not established by replaying one cell or one model; rank confirmation requires all 43 complete model rows","fixed-protocol replication is not exact execution identity unless source, cache, split, lock, CUDA, driver, and physical GPU identities all match",65b93b7e5d09cfc30fb6ce28156368e66aec1503f4efa37faa3189e25ebbc3b1,548c0bb707ac99debfafbc9082dd322aec7eb799e69f1ad69e25231eeb75873f,ed1070f69367e36109c473c193b4f898de40ad689a8d367ac3d9e7471a82a1cd,results/common_grid_v6/analysis/dataset_summary.csv,0f24934e47c275ffb66b06e78266cb7fc1883f3046da876a5ed50089c09686cf,results/common_grid_v6/analysis/model_ranking.csv,adddfd4687e09710b2867252fc873687f48ef073c555a9c0b604af9dd31e4e32,results/common_grid_v6/analysis/job_metrics.csv,fda26e3a545811d1f9d4b4ed2b9885cff0bab3505f6be8e6eb97491bb3355e1d,model::cardinal_fbc_micro,false,${CACHE_ROOT:?set CACHE_ROOT},${REVIEWER_ROOT:?set REVIEWER_ROOT},${REVIEWER_ROOT:?set REVIEWER_ROOT}/cardinal_fbc_micro__bnci2014_004,${GPU:?set GPU},scripts/reproduce.sh reviewer estimate --scope dataset --model cardinal_fbc_micro --dataset bnci2014_004,"scripts/reproduce.sh reviewer run --scope dataset --model cardinal_fbc_micro --dataset bnci2014_004 --cache-root ""${CACHE_ROOT:?set CACHE_ROOT}"" --run-root ""${REVIEWER_ROOT:?set REVIEWER_ROOT}/cardinal_fbc_micro__bnci2014_004"" --gpu ""${GPU:?set GPU}""","scripts/reproduce.sh reviewer status --run-root ""${REVIEWER_ROOT:?set REVIEWER_ROOT}/cardinal_fbc_micro__bnci2014_004""","scripts/reproduce.sh reviewer compare --run-root ""${REVIEWER_ROOT:?set REVIEWER_ROOT}/cardinal_fbc_micro__bnci2014_004"" --cache-root ""${CACHE_ROOT:?set CACHE_ROOT}"""
dataset::cardinal_fbc_micro::cho2017,cardinal_fbc_micro::cho2017,cardinal_fbc_micro,14,equal_dataset_macro_balanced_accuracy,descriptive_opened_development_suite_only,14,sealed overall accuracy descending; frozen plan architecture order breaks exact ties,dataset,cho2017,dataset,52,5,260,5,1300,0.6996249999999999,0.6996249999999999,69.96%,69.962%,69.96%,69.962%,mean_seeds_within_subject_then_mean_subjects,2.782196031390,sum of sealed job_total_seconds measured on the formal four-RTX-A5000 workstation; not a wall-clock estimate or cross-hardware promise,public_record_exact_acquired_byte_terms_unresolved,true,false,"opened-development evidence only; not independent confirmation, a clinical result, or a global SOTA claim",strict score match requires the exact selected Cartesian replay and checks accuracy plus balanced accuracy; it does not imply bit-exact predictions,"rank is sealed-table context, not established by replaying one cell or one model; rank confirmation requires all 43 complete model rows","fixed-protocol replication is not exact execution identity unless source, cache, split, lock, CUDA, driver, and physical GPU identities all match",65b93b7e5d09cfc30fb6ce28156368e66aec1503f4efa37faa3189e25ebbc3b1,548c0bb707ac99debfafbc9082dd322aec7eb799e69f1ad69e25231eeb75873f,ed1070f69367e36109c473c193b4f898de40ad689a8d367ac3d9e7471a82a1cd,results/common_grid_v6/analysis/dataset_summary.csv,0f24934e47c275ffb66b06e78266cb7fc1883f3046da876a5ed50089c09686cf,results/common_grid_v6/analysis/model_ranking.csv,adddfd4687e09710b2867252fc873687f48ef073c555a9c0b604af9dd31e4e32,results/common_grid_v6/analysis/job_metrics.csv,fda26e3a545811d1f9d4b4ed2b9885cff0bab3505f6be8e6eb97491bb3355e1d,model::cardinal_fbc_micro,false,${CACHE_ROOT:?set CACHE_ROOT},${REVIEWER_ROOT:?set REVIEWER_ROOT},${REVIEWER_ROOT:?set REVIEWER_ROOT}/cardinal_fbc_micro__cho2017,${GPU:?set GPU},scripts/reproduce.sh reviewer estimate --scope dataset --model cardinal_fbc_micro --dataset cho2017,"scripts/reproduce.sh reviewer run --scope dataset --model cardinal_fbc_micro --dataset cho2017 --cache-root ""${CACHE_ROOT:?set CACHE_ROOT}"" --run-root ""${REVIEWER_ROOT:?set REVIEWER_ROOT}/cardinal_fbc_micro__cho2017"" --gpu ""${GPU:?set GPU}""","scripts/reproduce.sh reviewer status --run-root ""${REVIEWER_ROOT:?set REVIEWER_ROOT}/cardinal_fbc_micro__cho2017""","scripts/reproduce.sh reviewer compare --run-root ""${REVIEWER_ROOT:?set REVIEWER_ROOT}/cardinal_fbc_micro__cho2017"" --cache-root ""${CACHE_ROOT:?set CACHE_ROOT}"""
dataset::cardinal_fbc_micro::physionet_mi,cardinal_fbc_micro::physionet_mi,cardinal_fbc_micro,14,equal_dataset_macro_balanced_accuracy,descriptive_opened_development_suite_only,14,sealed overall accuracy descending; frozen plan architecture order breaks exact ties,dataset,physionet_mi,dataset,54,3,162,5,810,0.5481481481481482,0.546664148385163,54.81%,54.815%,54.67%,54.666%,mean_seeds_within_subject_then_mean_subjects,0.374795421399,sum of sealed job_total_seconds measured on the formal four-RTX-A5000 workstation; not a wall-clock estimate or cross-hardware promise,public_official_record_odc_by_1_0_subject_to_terms,true,false,"opened-development evidence only; not independent confirmation, a clinical result, or a global SOTA claim",strict score match requires the exact selected Cartesian replay and checks accuracy plus balanced accuracy; it does not imply bit-exact predictions,"rank is sealed-table context, not established by replaying one cell or one model; rank confirmation requires all 43 complete model rows","fixed-protocol replication is not exact execution identity unless source, cache, split, lock, CUDA, driver, and physical GPU identities all match",65b93b7e5d09cfc30fb6ce28156368e66aec1503f4efa37faa3189e25ebbc3b1,548c0bb707ac99debfafbc9082dd322aec7eb799e69f1ad69e25231eeb75873f,ed1070f69367e36109c473c193b4f898de40ad689a8d367ac3d9e7471a82a1cd,results/common_grid_v6/analysis/dataset_summary.csv,0f24934e47c275ffb66b06e78266cb7fc1883f3046da876a5ed50089c09686cf,results/common_grid_v6/analysis/model_ranking.csv,adddfd4687e09710b2867252fc873687f48ef073c555a9c0b604af9dd31e4e32,results/common_grid_v6/analysis/job_metrics.csv,fda26e3a545811d1f9d4b4ed2b9885cff0bab3505f6be8e6eb97491bb3355e1d,model::cardinal_fbc_micro,false,${CACHE_ROOT:?set CACHE_ROOT},${REVIEWER_ROOT:?set REVIEWER_ROOT},${REVIEWER_ROOT:?set REVIEWER_ROOT}/cardinal_fbc_micro__physionet_mi,${GPU:?set GPU},scripts/reproduce.sh reviewer estimate --scope dataset --model cardinal_fbc_micro --dataset physionet_mi,"scripts/reproduce.sh reviewer run --scope dataset --model cardinal_fbc_micro --dataset physionet_mi --cache-root ""${CACHE_ROOT:?set CACHE_ROOT}"" --run-root ""${REVIEWER_ROOT:?set REVIEWER_ROOT}/cardinal_fbc_micro__physionet_mi"" --gpu ""${GPU:?set GPU}""","scripts/reproduce.sh reviewer status --run-root ""${REVIEWER_ROOT:?set REVIEWER_ROOT}/cardinal_fbc_micro__physionet_mi""","scripts/reproduce.sh reviewer compare --run-root ""${REVIEWER_ROOT:?set REVIEWER_ROOT}/cardinal_fbc_micro__physionet_mi"" --cache-root ""${CACHE_ROOT:?set CACHE_ROOT}"""
model::cardinal_fbc_micro,cardinal_fbc_micro::overall,cardinal_fbc_micro,14,equal_dataset_macro_balanced_accuracy,descriptive_opened_development_suite_only,14,sealed overall accuracy descending; frozen plan architecture order breaks exact ties,overall,overall,model,132,by_dataset:1|1|1|5|3,448,5,2240,0.7332138007054674,0.7329170007528704,73.32%,73.321%,73.29%,73.292%,fold_concatenation_then_seed_mean_then_subject_mean_then_equal_dataset_mean,3.719943281585,sum of sealed job_total_seconds measured on the formal four-RTX-A5000 workstation; not a wall-clock estimate or cross-hardware promise,mixed_includes_private_local_exp4_authorization_required,false,false,"opened-development evidence only; not independent confirmation, a clinical result, or a global SOTA claim",strict score match requires the exact selected Cartesian replay and checks accuracy plus balanced accuracy; it does not imply bit-exact predictions,"rank is sealed-table context, not established by replaying one cell or one model; rank confirmation requires all 43 complete model rows","fixed-protocol replication is not exact execution identity unless source, cache, split, lock, CUDA, driver, and physical GPU identities all match",65b93b7e5d09cfc30fb6ce28156368e66aec1503f4efa37faa3189e25ebbc3b1,548c0bb707ac99debfafbc9082dd322aec7eb799e69f1ad69e25231eeb75873f,ed1070f69367e36109c473c193b4f898de40ad689a8d367ac3d9e7471a82a1cd,results/common_grid_v6/analysis/overall_summary.csv,d45dd54801f4ba9074bba808cd7076bd04c9a5267944ec4f7af274de96a11c6f,results/common_grid_v6/analysis/model_ranking.csv,adddfd4687e09710b2867252fc873687f48ef073c555a9c0b604af9dd31e4e32,results/common_grid_v6/analysis/job_metrics.csv,fda26e3a545811d1f9d4b4ed2b9885cff0bab3505f6be8e6eb97491bb3355e1d,model::cardinal_fbc_micro,true,${CACHE_ROOT:?set CACHE_ROOT},${REVIEWER_ROOT:?set REVIEWER_ROOT},${REVIEWER_ROOT:?set REVIEWER_ROOT}/cardinal_fbc_micro__overall,${GPU:?set GPU},scripts/reproduce.sh reviewer estimate --scope model --model cardinal_fbc_micro,"scripts/reproduce.sh reviewer run --scope model --model cardinal_fbc_micro --cache-root ""${CACHE_ROOT:?set CACHE_ROOT}"" --run-root ""${REVIEWER_ROOT:?set REVIEWER_ROOT}/cardinal_fbc_micro__overall"" --gpu ""${GPU:?set GPU}""","scripts/reproduce.sh reviewer status --run-root ""${REVIEWER_ROOT:?set REVIEWER_ROOT}/cardinal_fbc_micro__overall""","scripts/reproduce.sh reviewer compare --run-root ""${REVIEWER_ROOT:?set REVIEWER_ROOT}/cardinal_fbc_micro__overall"" --cache-root ""${CACHE_ROOT:?set CACHE_ROOT}"""
dataset::cardinal_fbc_micro_extended::local_exp4,cardinal_fbc_micro_extended::local_exp4,cardinal_fbc_micro_extended,15,equal_dataset_macro_balanced_accuracy,descriptive_opened_development_suite_only,15,sealed overall accuracy descending; frozen plan architecture order breaks exact ties,dataset,local_exp4,dataset,8,1,8,5,40,0.9075,0.9075,90.75%,90.750%,90.75%,90.750%,mean_seeds_within_subject_then_mean_subjects,0.116024977478,sum of sealed job_total_seconds measured on the formal four-RTX-A5000 workstation; not a wall-clock estimate or cross-hardware promise,private_institutional_authorization_required,false,false,"opened-development evidence only; not independent confirmation, a clinical result, or a global SOTA claim",strict score match requires the exact selected Cartesian replay and checks accuracy plus balanced accuracy; it does not imply bit-exact predictions,"rank is sealed-table context, not established by replaying one cell or one model; rank confirmation requires all 43 complete model rows","fixed-protocol replication is not exact execution identity unless source, cache, split, lock, CUDA, driver, and physical GPU identities all match",65b93b7e5d09cfc30fb6ce28156368e66aec1503f4efa37faa3189e25ebbc3b1,548c0bb707ac99debfafbc9082dd322aec7eb799e69f1ad69e25231eeb75873f,ed1070f69367e36109c473c193b4f898de40ad689a8d367ac3d9e7471a82a1cd,results/common_grid_v6/analysis/dataset_summary.csv,0f24934e47c275ffb66b06e78266cb7fc1883f3046da876a5ed50089c09686cf,results/common_grid_v6/analysis/model_ranking.csv,adddfd4687e09710b2867252fc873687f48ef073c555a9c0b604af9dd31e4e32,results/common_grid_v6/analysis/job_metrics.csv,fda26e3a545811d1f9d4b4ed2b9885cff0bab3505f6be8e6eb97491bb3355e1d,model::cardinal_fbc_micro_extended,false,${CACHE_ROOT:?set CACHE_ROOT},${REVIEWER_ROOT:?set REVIEWER_ROOT},${REVIEWER_ROOT:?set REVIEWER_ROOT}/cardinal_fbc_micro_extended__local_exp4,${GPU:?set GPU},scripts/reproduce.sh reviewer estimate --scope dataset --model cardinal_fbc_micro_extended --dataset local_exp4,"scripts/reproduce.sh reviewer run --scope dataset --model cardinal_fbc_micro_extended --dataset local_exp4 --cache-root ""${CACHE_ROOT:?set CACHE_ROOT}"" --run-root ""${REVIEWER_ROOT:?set REVIEWER_ROOT}/cardinal_fbc_micro_extended__local_exp4"" --gpu ""${GPU:?set GPU}""","scripts/reproduce.sh reviewer status --run-root ""${REVIEWER_ROOT:?set REVIEWER_ROOT}/cardinal_fbc_micro_extended__local_exp4""","scripts/reproduce.sh reviewer compare --run-root ""${REVIEWER_ROOT:?set REVIEWER_ROOT}/cardinal_fbc_micro_extended__local_exp4"" --cache-root ""${CACHE_ROOT:?set CACHE_ROOT}"""
dataset::cardinal_fbc_micro_extended::bnci2014_001,cardinal_fbc_micro_extended::bnci2014_001,cardinal_fbc_micro_extended,15,equal_dataset_macro_balanced_accuracy,descriptive_opened_development_suite_only,15,sealed overall accuracy descending; frozen plan architecture order breaks exact ties,dataset,bnci2014_001,dataset,9,1,9,5,45,0.7508487654320987,0.7508487654320987,75.08%,75.085%,75.08%,75.085%,mean_seeds_within_subject_then_mean_subjects,0.306291394799,sum of sealed job_total_seconds measured on the formal four-RTX-A5000 workstation; not a wall-clock estimate or cross-hardware promise,public_official_record_cc_by_nd_4_0_subject_to_terms,true,false,"opened-development evidence only; not independent confirmation, a clinical result, or a global SOTA claim",strict score match requires the exact selected Cartesian replay and checks accuracy plus balanced accuracy; it does not imply bit-exact predictions,"rank is sealed-table context, not established by replaying one cell or one model; rank confirmation requires all 43 complete model rows","fixed-protocol replication is not exact execution identity unless source, cache, split, lock, CUDA, driver, and physical GPU identities all match",65b93b7e5d09cfc30fb6ce28156368e66aec1503f4efa37faa3189e25ebbc3b1,548c0bb707ac99debfafbc9082dd322aec7eb799e69f1ad69e25231eeb75873f,ed1070f69367e36109c473c193b4f898de40ad689a8d367ac3d9e7471a82a1cd,results/common_grid_v6/analysis/dataset_summary.csv,0f24934e47c275ffb66b06e78266cb7fc1883f3046da876a5ed50089c09686cf,results/common_grid_v6/analysis/model_ranking.csv,adddfd4687e09710b2867252fc873687f48ef073c555a9c0b604af9dd31e4e32,results/common_grid_v6/analysis/job_metrics.csv,fda26e3a545811d1f9d4b4ed2b9885cff0bab3505f6be8e6eb97491bb3355e1d,model::cardinal_fbc_micro_extended,false,${CACHE_ROOT:?set CACHE_ROOT},${REVIEWER_ROOT:?set REVIEWER_ROOT},${REVIEWER_ROOT:?set REVIEWER_ROOT}/cardinal_fbc_micro_extended__bnci2014_001,${GPU:?set GPU},scripts/reproduce.sh reviewer estimate --scope dataset --model cardinal_fbc_micro_extended --dataset bnci2014_001,"scripts/reproduce.sh reviewer run --scope dataset --model cardinal_fbc_micro_extended --dataset bnci2014_001 --cache-root ""${CACHE_ROOT:?set CACHE_ROOT}"" --run-root ""${REVIEWER_ROOT:?set REVIEWER_ROOT}/cardinal_fbc_micro_extended__bnci2014_001"" --gpu ""${GPU:?set GPU}""","scripts/reproduce.sh reviewer status --run-root ""${REVIEWER_ROOT:?set REVIEWER_ROOT}/cardinal_fbc_micro_extended__bnci2014_001""","scripts/reproduce.sh reviewer compare --run-root ""${REVIEWER_ROOT:?set REVIEWER_ROOT}/cardinal_fbc_micro_extended__bnci2014_001"" --cache-root ""${CACHE_ROOT:?set CACHE_ROOT}"""
dataset::cardinal_fbc_micro_extended::bnci2014_004,cardinal_fbc_micro_extended::bnci2014_004,cardinal_fbc_micro_extended,15,equal_dataset_macro_balanced_accuracy,descriptive_opened_development_suite_only,15,sealed overall accuracy descending; frozen plan architecture order breaks exact ties,dataset,bnci2014_004,dataset,9,1,9,5,45,0.7622023809523808,0.7622023809523808,76.22%,76.220%,76.22%,76.220%,mean_seeds_within_subject_then_mean_subjects,0.115170617854,sum of sealed job_total_seconds measured on the formal four-RTX-A5000 workstation; not a wall-clock estimate or cross-hardware promise,public_official_record_cc_by_nd_4_0_subject_to_terms,true,false,"opened-development evidence only; not independent confirmation, a clinical result, or a global SOTA claim",strict score match requires the exact selected Cartesian replay and checks accuracy plus balanced accuracy; it does not imply bit-exact predictions,"rank is sealed-table context, not established by replaying one cell or one model; rank confirmation requires all 43 complete model rows","fixed-protocol replication is not exact execution identity unless source, cache, split, lock, CUDA, driver, and physical GPU identities all match",65b93b7e5d09cfc30fb6ce28156368e66aec1503f4efa37faa3189e25ebbc3b1,548c0bb707ac99debfafbc9082dd322aec7eb799e69f1ad69e25231eeb75873f,ed1070f69367e36109c473c193b4f898de40ad689a8d367ac3d9e7471a82a1cd,results/common_grid_v6/analysis/dataset_summary.csv,0f24934e47c275ffb66b06e78266cb7fc1883f3046da876a5ed50089c09686cf,results/common_grid_v6/analysis/model_ranking.csv,adddfd4687e09710b2867252fc873687f48ef073c555a9c0b604af9dd31e4e32,results/common_grid_v6/analysis/job_metrics.csv,fda26e3a545811d1f9d4b4ed2b9885cff0bab3505f6be8e6eb97491bb3355e1d,model::cardinal_fbc_micro_extended,false,${CACHE_ROOT:?set CACHE_ROOT},${REVIEWER_ROOT:?set REVIEWER_ROOT},${REVIEWER_ROOT:?set REVIEWER_ROOT}/cardinal_fbc_micro_extended__bnci2014_004,${GPU:?set GPU},scripts/reproduce.sh reviewer estimate --scope dataset --model cardinal_fbc_micro_extended --dataset bnci2014_004,"scripts/reproduce.sh reviewer run --scope dataset --model cardinal_fbc_micro_extended --dataset bnci2014_004 --cache-root ""${CACHE_ROOT:?set CACHE_ROOT}"" --run-root ""${REVIEWER_ROOT:?set REVIEWER_ROOT}/cardinal_fbc_micro_extended__bnci2014_004"" --gpu ""${GPU:?set GPU}""","scripts/reproduce.sh reviewer status --run-root ""${REVIEWER_ROOT:?set REVIEWER_ROOT}/cardinal_fbc_micro_extended__bnci2014_004""","scripts/reproduce.sh reviewer compare --run-root ""${REVIEWER_ROOT:?set REVIEWER_ROOT}/cardinal_fbc_micro_extended__bnci2014_004"" --cache-root ""${CACHE_ROOT:?set CACHE_ROOT}"""
dataset::cardinal_fbc_micro_extended::cho2017,cardinal_fbc_micro_extended::cho2017,cardinal_fbc_micro_extended,15,equal_dataset_macro_balanced_accuracy,descriptive_opened_development_suite_only,15,sealed overall accuracy descending; frozen plan architecture order breaks exact ties,dataset,cho2017,dataset,52,5,260,5,1300,0.702349358974359,0.702349358974359,70.23%,70.235%,70.23%,70.235%,mean_seeds_within_subject_then_mean_subjects,2.780540215364,sum of sealed job_total_seconds measured on the formal four-RTX-A5000 workstation; not a wall-clock estimate or cross-hardware promise,public_record_exact_acquired_byte_terms_unresolved,true,false,"opened-development evidence only; not independent confirmation, a clinical result, or a global SOTA claim",strict score match requires the exact selected Cartesian replay and checks accuracy plus balanced accuracy; it does not imply bit-exact predictions,"rank is sealed-table context, not established by replaying one cell or one model; rank confirmation requires all 43 complete model rows","fixed-protocol replication is not exact execution identity unless source, cache, split, lock, CUDA, driver, and physical GPU identities all match",65b93b7e5d09cfc30fb6ce28156368e66aec1503f4efa37faa3189e25ebbc3b1,548c0bb707ac99debfafbc9082dd322aec7eb799e69f1ad69e25231eeb75873f,ed1070f69367e36109c473c193b4f898de40ad689a8d367ac3d9e7471a82a1cd,results/common_grid_v6/analysis/dataset_summary.csv,0f24934e47c275ffb66b06e78266cb7fc1883f3046da876a5ed50089c09686cf,results/common_grid_v6/analysis/model_ranking.csv,adddfd4687e09710b2867252fc873687f48ef073c555a9c0b604af9dd31e4e32,results/common_grid_v6/analysis/job_metrics.csv,fda26e3a545811d1f9d4b4ed2b9885cff0bab3505f6be8e6eb97491bb3355e1d,model::cardinal_fbc_micro_extended,false,${CACHE_ROOT:?set CACHE_ROOT},${REVIEWER_ROOT:?set REVIEWER_ROOT},${REVIEWER_ROOT:?set REVIEWER_ROOT}/cardinal_fbc_micro_extended__cho2017,${GPU:?set GPU},scripts/reproduce.sh reviewer estimate --scope dataset --model cardinal_fbc_micro_extended --dataset cho2017,"scripts/reproduce.sh reviewer run --scope dataset --model cardinal_fbc_micro_extended --dataset cho2017 --cache-root ""${CACHE_ROOT:?set CACHE_ROOT}"" --run-root ""${REVIEWER_ROOT:?set REVIEWER_ROOT}/cardinal_fbc_micro_extended__cho2017"" --gpu ""${GPU:?set GPU}""","scripts/reproduce.sh reviewer status --run-root ""${REVIEWER_ROOT:?set REVIEWER_ROOT}/cardinal_fbc_micro_extended__cho2017""","scripts/reproduce.sh reviewer compare --run-root ""${REVIEWER_ROOT:?set REVIEWER_ROOT}/cardinal_fbc_micro_extended__cho2017"" --cache-root ""${CACHE_ROOT:?set CACHE_ROOT}"""
dataset::cardinal_fbc_micro_extended::physionet_mi,cardinal_fbc_micro_extended::physionet_mi,cardinal_fbc_micro_extended,15,equal_dataset_macro_balanced_accuracy,descriptive_opened_development_suite_only,15,sealed overall accuracy descending; frozen plan architecture order breaks exact ties,dataset,physionet_mi,dataset,54,3,162,5,810,0.542716049382716,0.5410226314211821,54.27%,54.272%,54.10%,54.102%,mean_seeds_within_subject_then_mean_subjects,0.360991263516,sum of sealed job_total_seconds measured on the formal four-RTX-A5000 workstation; not a wall-clock estimate or cross-hardware promise,public_official_record_odc_by_1_0_subject_to_terms,true,false,"opened-development evidence only; not independent confirmation, a clinical result, or a global SOTA claim",strict score match requires the exact selected Cartesian replay and checks accuracy plus balanced accuracy; it does not imply bit-exact predictions,"rank is sealed-table context, not established by replaying one cell or one model; rank confirmation requires all 43 complete model rows","fixed-protocol replication is not exact execution identity unless source, cache, split, lock, CUDA, driver, and physical GPU identities all match",65b93b7e5d09cfc30fb6ce28156368e66aec1503f4efa37faa3189e25ebbc3b1,548c0bb707ac99debfafbc9082dd322aec7eb799e69f1ad69e25231eeb75873f,ed1070f69367e36109c473c193b4f898de40ad689a8d367ac3d9e7471a82a1cd,results/common_grid_v6/analysis/dataset_summary.csv,0f24934e47c275ffb66b06e78266cb7fc1883f3046da876a5ed50089c09686cf,results/common_grid_v6/analysis/model_ranking.csv,adddfd4687e09710b2867252fc873687f48ef073c555a9c0b604af9dd31e4e32,results/common_grid_v6/analysis/job_metrics.csv,fda26e3a545811d1f9d4b4ed2b9885cff0bab3505f6be8e6eb97491bb3355e1d,model::cardinal_fbc_micro_extended,false,${CACHE_ROOT:?set CACHE_ROOT},${REVIEWER_ROOT:?set REVIEWER_ROOT},${REVIEWER_ROOT:?set REVIEWER_ROOT}/cardinal_fbc_micro_extended__physionet_mi,${GPU:?set GPU},scripts/reproduce.sh reviewer estimate --scope dataset --model cardinal_fbc_micro_extended --dataset physionet_mi,"scripts/reproduce.sh reviewer run --scope dataset --model cardinal_fbc_micro_extended --dataset physionet_mi --cache-root ""${CACHE_ROOT:?set CACHE_ROOT}"" --run-root ""${REVIEWER_ROOT:?set REVIEWER_ROOT}/cardinal_fbc_micro_extended__physionet_mi"" --gpu ""${GPU:?set GPU}""","scripts/reproduce.sh reviewer status --run-root ""${REVIEWER_ROOT:?set REVIEWER_ROOT}/cardinal_fbc_micro_extended__physionet_mi""","scripts/reproduce.sh reviewer compare --run-root ""${REVIEWER_ROOT:?set REVIEWER_ROOT}/cardinal_fbc_micro_extended__physionet_mi"" --cache-root ""${CACHE_ROOT:?set CACHE_ROOT}"""
model::cardinal_fbc_micro_extended,cardinal_fbc_micro_extended::overall,cardinal_fbc_micro_extended,15,equal_dataset_macro_balanced_accuracy,descriptive_opened_development_suite_only,15,sealed overall accuracy descending; frozen plan architecture order breaks exact ties,overall,overall,model,132,by_dataset:1|1|1|5|3,448,5,2240,0.7331233109483108,0.7327846273560041,73.31%,73.312%,73.28%,73.278%,fold_concatenation_then_seed_mean_then_subject_mean_then_equal_dataset_mean,3.679018469012,sum of sealed job_total_seconds measured on the formal four-RTX-A5000 workstation; not a wall-clock estimate or cross-hardware promise,mixed_includes_private_local_exp4_authorization_required,false,false,"opened-development evidence only; not independent confirmation, a clinical result, or a global SOTA claim",strict score match requires the exact selected Cartesian replay and checks accuracy plus balanced accuracy; it does not imply bit-exact predictions,"rank is sealed-table context, not established by replaying one cell or one model; rank confirmation requires all 43 complete model rows","fixed-protocol replication is not exact execution identity unless source, cache, split, lock, CUDA, driver, and physical GPU identities all match",65b93b7e5d09cfc30fb6ce28156368e66aec1503f4efa37faa3189e25ebbc3b1,548c0bb707ac99debfafbc9082dd322aec7eb799e69f1ad69e25231eeb75873f,ed1070f69367e36109c473c193b4f898de40ad689a8d367ac3d9e7471a82a1cd,results/common_grid_v6/analysis/overall_summary.csv,d45dd54801f4ba9074bba808cd7076bd04c9a5267944ec4f7af274de96a11c6f,results/common_grid_v6/analysis/model_ranking.csv,adddfd4687e09710b2867252fc873687f48ef073c555a9c0b604af9dd31e4e32,results/common_grid_v6/analysis/job_metrics.csv,fda26e3a545811d1f9d4b4ed2b9885cff0bab3505f6be8e6eb97491bb3355e1d,model::cardinal_fbc_micro_extended,true,${CACHE_ROOT:?set CACHE_ROOT},${REVIEWER_ROOT:?set REVIEWER_ROOT},${REVIEWER_ROOT:?set REVIEWER_ROOT}/cardinal_fbc_micro_extended__overall,${GPU:?set GPU},scripts/reproduce.sh reviewer estimate --scope model --model cardinal_fbc_micro_extended,"scripts/reproduce.sh reviewer run --scope model --model cardinal_fbc_micro_extended --cache-root ""${CACHE_ROOT:?set CACHE_ROOT}"" --run-root ""${REVIEWER_ROOT:?set REVIEWER_ROOT}/cardinal_fbc_micro_extended__overall"" --gpu ""${GPU:?set GPU}""","scripts/reproduce.sh reviewer status --run-root ""${REVIEWER_ROOT:?set REVIEWER_ROOT}/cardinal_fbc_micro_extended__overall""","scripts/reproduce.sh reviewer compare --run-root ""${REVIEWER_ROOT:?set REVIEWER_ROOT}/cardinal_fbc_micro_extended__overall"" --cache-root ""${CACHE_ROOT:?set CACHE_ROOT}"""
dataset::cardinal_dynamics::local_exp4,cardinal_dynamics::local_exp4,cardinal_dynamics,16,equal_dataset_macro_balanced_accuracy,descriptive_opened_development_suite_only,16,sealed overall accuracy descending; frozen plan architecture order breaks exact ties,dataset,local_exp4,dataset,8,1,8,5,40,0.8883333333333334,0.8883333333333334,88.83%,88.833%,88.83%,88.833%,mean_seeds_within_subject_then_mean_subjects,0.063989109168,sum of sealed job_total_seconds measured on the formal four-RTX-A5000 workstation; not a wall-clock estimate or cross-hardware promise,private_institutional_authorization_required,false,false,"opened-development evidence only; not independent confirmation, a clinical result, or a global SOTA claim",strict score match requires the exact selected Cartesian replay and checks accuracy plus balanced accuracy; it does not imply bit-exact predictions,"rank is sealed-table context, not established by replaying one cell or one model; rank confirmation requires all 43 complete model rows","fixed-protocol replication is not exact execution identity unless source, cache, split, lock, CUDA, driver, and physical GPU identities all match",65b93b7e5d09cfc30fb6ce28156368e66aec1503f4efa37faa3189e25ebbc3b1,548c0bb707ac99debfafbc9082dd322aec7eb799e69f1ad69e25231eeb75873f,ed1070f69367e36109c473c193b4f898de40ad689a8d367ac3d9e7471a82a1cd,results/common_grid_v6/analysis/dataset_summary.csv,0f24934e47c275ffb66b06e78266cb7fc1883f3046da876a5ed50089c09686cf,results/common_grid_v6/analysis/model_ranking.csv,adddfd4687e09710b2867252fc873687f48ef073c555a9c0b604af9dd31e4e32,results/common_grid_v6/analysis/job_metrics.csv,fda26e3a545811d1f9d4b4ed2b9885cff0bab3505f6be8e6eb97491bb3355e1d,model::cardinal_dynamics,false,${CACHE_ROOT:?set CACHE_ROOT},${REVIEWER_ROOT:?set REVIEWER_ROOT},${REVIEWER_ROOT:?set REVIEWER_ROOT}/cardinal_dynamics__local_exp4,${GPU:?set GPU},scripts/reproduce.sh reviewer estimate --scope dataset --model cardinal_dynamics --dataset local_exp4,"scripts/reproduce.sh reviewer run --scope dataset --model cardinal_dynamics --dataset local_exp4 --cache-root ""${CACHE_ROOT:?set CACHE_ROOT}"" --run-root ""${REVIEWER_ROOT:?set REVIEWER_ROOT}/cardinal_dynamics__local_exp4"" --gpu ""${GPU:?set GPU}""","scripts/reproduce.sh reviewer status --run-root ""${REVIEWER_ROOT:?set REVIEWER_ROOT}/cardinal_dynamics__local_exp4""","scripts/reproduce.sh reviewer compare --run-root ""${REVIEWER_ROOT:?set REVIEWER_ROOT}/cardinal_dynamics__local_exp4"" --cache-root ""${CACHE_ROOT:?set CACHE_ROOT}"""
dataset::cardinal_dynamics::bnci2014_001,cardinal_dynamics::bnci2014_001,cardinal_dynamics,16,equal_dataset_macro_balanced_accuracy,descriptive_opened_development_suite_only,16,sealed overall accuracy descending; frozen plan architecture order breaks exact ties,dataset,bnci2014_001,dataset,9,1,9,5,45,0.7007716049382715,0.7007716049382715,70.08%,70.077%,70.08%,70.077%,mean_seeds_within_subject_then_mean_subjects,0.136750272339,sum of sealed job_total_seconds measured on the formal four-RTX-A5000 workstation; not a wall-clock estimate or cross-hardware promise,public_official_record_cc_by_nd_4_0_subject_to_terms,true,false,"opened-development evidence only; not independent confirmation, a clinical result, or a global SOTA claim",strict score match requires the exact selected Cartesian replay and checks accuracy plus balanced accuracy; it does not imply bit-exact predictions,"rank is sealed-table context, not established by replaying one cell or one model; rank confirmation requires all 43 complete model rows","fixed-protocol replication is not exact execution identity unless source, cache, split, lock, CUDA, driver, and physical GPU identities all match",65b93b7e5d09cfc30fb6ce28156368e66aec1503f4efa37faa3189e25ebbc3b1,548c0bb707ac99debfafbc9082dd322aec7eb799e69f1ad69e25231eeb75873f,ed1070f69367e36109c473c193b4f898de40ad689a8d367ac3d9e7471a82a1cd,results/common_grid_v6/analysis/dataset_summary.csv,0f24934e47c275ffb66b06e78266cb7fc1883f3046da876a5ed50089c09686cf,results/common_grid_v6/analysis/model_ranking.csv,adddfd4687e09710b2867252fc873687f48ef073c555a9c0b604af9dd31e4e32,results/common_grid_v6/analysis/job_metrics.csv,fda26e3a545811d1f9d4b4ed2b9885cff0bab3505f6be8e6eb97491bb3355e1d,model::cardinal_dynamics,false,${CACHE_ROOT:?set CACHE_ROOT},${REVIEWER_ROOT:?set REVIEWER_ROOT},${REVIEWER_ROOT:?set REVIEWER_ROOT}/cardinal_dynamics__bnci2014_001,${GPU:?set GPU},scripts/reproduce.sh reviewer estimate --scope dataset --model cardinal_dynamics --dataset bnci2014_001,"scripts/reproduce.sh reviewer run --scope dataset --model cardinal_dynamics --dataset bnci2014_001 --cache-root ""${CACHE_ROOT:?set CACHE_ROOT}"" --run-root ""${REVIEWER_ROOT:?set REVIEWER_ROOT}/cardinal_dynamics__bnci2014_001"" --gpu ""${GPU:?set GPU}""","scripts/reproduce.sh reviewer status --run-root ""${REVIEWER_ROOT:?set REVIEWER_ROOT}/cardinal_dynamics__bnci2014_001""","scripts/reproduce.sh reviewer compare --run-root ""${REVIEWER_ROOT:?set REVIEWER_ROOT}/cardinal_dynamics__bnci2014_001"" --cache-root ""${CACHE_ROOT:?set CACHE_ROOT}"""
dataset::cardinal_dynamics::bnci2014_004,cardinal_dynamics::bnci2014_004,cardinal_dynamics,16,equal_dataset_macro_balanced_accuracy,descriptive_opened_development_suite_only,16,sealed overall accuracy descending; frozen plan architecture order breaks exact ties,dataset,bnci2014_004,dataset,9,1,9,5,45,0.7820039682539682,0.7820039682539682,78.20%,78.200%,78.20%,78.200%,mean_seeds_within_subject_then_mean_subjects,0.061411292251,sum of sealed job_total_seconds measured on the formal four-RTX-A5000 workstation; not a wall-clock estimate or cross-hardware promise,public_official_record_cc_by_nd_4_0_subject_to_terms,true,false,"opened-development evidence only; not independent confirmation, a clinical result, or a global SOTA claim",strict score match requires the exact selected Cartesian replay and checks accuracy plus balanced accuracy; it does not imply bit-exact predictions,"rank is sealed-table context, not established by replaying one cell or one model; rank confirmation requires all 43 complete model rows","fixed-protocol replication is not exact execution identity unless source, cache, split, lock, CUDA, driver, and physical GPU identities all match",65b93b7e5d09cfc30fb6ce28156368e66aec1503f4efa37faa3189e25ebbc3b1,548c0bb707ac99debfafbc9082dd322aec7eb799e69f1ad69e25231eeb75873f,ed1070f69367e36109c473c193b4f898de40ad689a8d367ac3d9e7471a82a1cd,results/common_grid_v6/analysis/dataset_summary.csv,0f24934e47c275ffb66b06e78266cb7fc1883f3046da876a5ed50089c09686cf,results/common_grid_v6/analysis/model_ranking.csv,adddfd4687e09710b2867252fc873687f48ef073c555a9c0b604af9dd31e4e32,results/common_grid_v6/analysis/job_metrics.csv,fda26e3a545811d1f9d4b4ed2b9885cff0bab3505f6be8e6eb97491bb3355e1d,model::cardinal_dynamics,false,${CACHE_ROOT:?set CACHE_ROOT},${REVIEWER_ROOT:?set REVIEWER_ROOT},${REVIEWER_ROOT:?set REVIEWER_ROOT}/cardinal_dynamics__bnci2014_004,${GPU:?set GPU},scripts/reproduce.sh reviewer estimate --scope dataset --model cardinal_dynamics --dataset bnci2014_004,"scripts/reproduce.sh reviewer run --scope dataset --model cardinal_dynamics --dataset bnci2014_004 --cache-root ""${CACHE_ROOT:?set CACHE_ROOT}"" --run-root ""${REVIEWER_ROOT:?set REVIEWER_ROOT}/cardinal_dynamics__bnci2014_004"" --gpu ""${GPU:?set GPU}""","scripts/reproduce.sh reviewer status --run-root ""${REVIEWER_ROOT:?set REVIEWER_ROOT}/cardinal_dynamics__bnci2014_004""","scripts/reproduce.sh reviewer compare --run-root ""${REVIEWER_ROOT:?set REVIEWER_ROOT}/cardinal_dynamics__bnci2014_004"" --cache-root ""${CACHE_ROOT:?set CACHE_ROOT}"""
dataset::cardinal_dynamics::cho2017,cardinal_dynamics::cho2017,cardinal_dynamics,16,equal_dataset_macro_balanced_accuracy,descriptive_opened_development_suite_only,16,sealed overall accuracy descending; frozen plan architecture order breaks exact ties,dataset,cho2017,dataset,52,5,260,5,1300,0.7043846153846154,0.7043846153846154,70.44%,70.438%,70.44%,70.438%,mean_seeds_within_subject_then_mean_subjects,1.071215448360,sum of sealed job_total_seconds measured on the formal four-RTX-A5000 workstation; not a wall-clock estimate or cross-hardware promise,public_record_exact_acquired_byte_terms_unresolved,true,false,"opened-development evidence only; not independent confirmation, a clinical result, or a global SOTA claim",strict score match requires the exact selected Cartesian replay and checks accuracy plus balanced accuracy; it does not imply bit-exact predictions,"rank is sealed-table context, not established by replaying one cell or one model; rank confirmation requires all 43 complete model rows","fixed-protocol replication is not exact execution identity unless source, cache, split, lock, CUDA, driver, and physical GPU identities all match",65b93b7e5d09cfc30fb6ce28156368e66aec1503f4efa37faa3189e25ebbc3b1,548c0bb707ac99debfafbc9082dd322aec7eb799e69f1ad69e25231eeb75873f,ed1070f69367e36109c473c193b4f898de40ad689a8d367ac3d9e7471a82a1cd,results/common_grid_v6/analysis/dataset_summary.csv,0f24934e47c275ffb66b06e78266cb7fc1883f3046da876a5ed50089c09686cf,results/common_grid_v6/analysis/model_ranking.csv,adddfd4687e09710b2867252fc873687f48ef073c555a9c0b604af9dd31e4e32,results/common_grid_v6/analysis/job_metrics.csv,fda26e3a545811d1f9d4b4ed2b9885cff0bab3505f6be8e6eb97491bb3355e1d,model::cardinal_dynamics,false,${CACHE_ROOT:?set CACHE_ROOT},${REVIEWER_ROOT:?set REVIEWER_ROOT},${REVIEWER_ROOT:?set REVIEWER_ROOT}/cardinal_dynamics__cho2017,${GPU:?set GPU},scripts/reproduce.sh reviewer estimate --scope dataset --model cardinal_dynamics --dataset cho2017,"scripts/reproduce.sh reviewer run --scope dataset --model cardinal_dynamics --dataset cho2017 --cache-root ""${CACHE_ROOT:?set CACHE_ROOT}"" --run-root ""${REVIEWER_ROOT:?set REVIEWER_ROOT}/cardinal_dynamics__cho2017"" --gpu ""${GPU:?set GPU}""","scripts/reproduce.sh reviewer status --run-root ""${REVIEWER_ROOT:?set REVIEWER_ROOT}/cardinal_dynamics__cho2017""","scripts/reproduce.sh reviewer compare --run-root ""${REVIEWER_ROOT:?set REVIEWER_ROOT}/cardinal_dynamics__cho2017"" --cache-root ""${CACHE_ROOT:?set CACHE_ROOT}"""
dataset::cardinal_dynamics::physionet_mi,cardinal_dynamics::physionet_mi,cardinal_dynamics,16,equal_dataset_macro_balanced_accuracy,descriptive_opened_development_suite_only,16,sealed overall accuracy descending; frozen plan architecture order breaks exact ties,dataset,physionet_mi,dataset,54,3,162,5,810,0.5895473251028807,0.588414467309395,58.95%,58.955%,58.84%,58.841%,mean_seeds_within_subject_then_mean_subjects,0.200295965811,sum of sealed job_total_seconds measured on the formal four-RTX-A5000 workstation; not a wall-clock estimate or cross-hardware promise,public_official_record_odc_by_1_0_subject_to_terms,true,false,"opened-development evidence only; not independent confirmation, a clinical result, or a global SOTA claim",strict score match requires the exact selected Cartesian replay and checks accuracy plus balanced accuracy; it does not imply bit-exact predictions,"rank is sealed-table context, not established by replaying one cell or one model; rank confirmation requires all 43 complete model rows","fixed-protocol replication is not exact execution identity unless source, cache, split, lock, CUDA, driver, and physical GPU identities all match",65b93b7e5d09cfc30fb6ce28156368e66aec1503f4efa37faa3189e25ebbc3b1,548c0bb707ac99debfafbc9082dd322aec7eb799e69f1ad69e25231eeb75873f,ed1070f69367e36109c473c193b4f898de40ad689a8d367ac3d9e7471a82a1cd,results/common_grid_v6/analysis/dataset_summary.csv,0f24934e47c275ffb66b06e78266cb7fc1883f3046da876a5ed50089c09686cf,results/common_grid_v6/analysis/model_ranking.csv,adddfd4687e09710b2867252fc873687f48ef073c555a9c0b604af9dd31e4e32,results/common_grid_v6/analysis/job_metrics.csv,fda26e3a545811d1f9d4b4ed2b9885cff0bab3505f6be8e6eb97491bb3355e1d,model::cardinal_dynamics,false,${CACHE_ROOT:?set CACHE_ROOT},${REVIEWER_ROOT:?set REVIEWER_ROOT},${REVIEWER_ROOT:?set REVIEWER_ROOT}/cardinal_dynamics__physionet_mi,${GPU:?set GPU},scripts/reproduce.sh reviewer estimate --scope dataset --model cardinal_dynamics --dataset physionet_mi,"scripts/reproduce.sh reviewer run --scope dataset --model cardinal_dynamics --dataset physionet_mi --cache-root ""${CACHE_ROOT:?set CACHE_ROOT}"" --run-root ""${REVIEWER_ROOT:?set REVIEWER_ROOT}/cardinal_dynamics__physionet_mi"" --gpu ""${GPU:?set GPU}""","scripts/reproduce.sh reviewer status --run-root ""${REVIEWER_ROOT:?set REVIEWER_ROOT}/cardinal_dynamics__physionet_mi""","scripts/reproduce.sh reviewer compare --run-root ""${REVIEWER_ROOT:?set REVIEWER_ROOT}/cardinal_dynamics__physionet_mi"" --cache-root ""${CACHE_ROOT:?set CACHE_ROOT}"""
model::cardinal_dynamics,cardinal_dynamics::overall,cardinal_dynamics,16,equal_dataset_macro_balanced_accuracy,descriptive_opened_development_suite_only,16,sealed overall accuracy descending; frozen plan architecture order breaks exact ties,overall,overall,model,132,by_dataset:1|1|1|5|3,448,5,2240,0.7330081694026138,0.7327815978439167,73.30%,73.301%,73.28%,73.278%,fold_concatenation_then_seed_mean_then_subject_mean_then_equal_dataset_mean,1.533662087929,sum of sealed job_total_seconds measured on the formal four-RTX-A5000 workstation; not a wall-clock estimate or cross-hardware promise,mixed_includes_private_local_exp4_authorization_required,false,false,"opened-development evidence only; not independent confirmation, a clinical result, or a global SOTA claim",strict score match requires the exact selected Cartesian replay and checks accuracy plus balanced accuracy; it does not imply bit-exact predictions,"rank is sealed-table context, not established by replaying one cell or one model; rank confirmation requires all 43 complete model rows","fixed-protocol replication is not exact execution identity unless source, cache, split, lock, CUDA, driver, and physical GPU identities all match",65b93b7e5d09cfc30fb6ce28156368e66aec1503f4efa37faa3189e25ebbc3b1,548c0bb707ac99debfafbc9082dd322aec7eb799e69f1ad69e25231eeb75873f,ed1070f69367e36109c473c193b4f898de40ad689a8d367ac3d9e7471a82a1cd,results/common_grid_v6/analysis/overall_summary.csv,d45dd54801f4ba9074bba808cd7076bd04c9a5267944ec4f7af274de96a11c6f,results/common_grid_v6/analysis/model_ranking.csv,adddfd4687e09710b2867252fc873687f48ef073c555a9c0b604af9dd31e4e32,results/common_grid_v6/analysis/job_metrics.csv,fda26e3a545811d1f9d4b4ed2b9885cff0bab3505f6be8e6eb97491bb3355e1d,model::cardinal_dynamics,true,${CACHE_ROOT:?set CACHE_ROOT},${REVIEWER_ROOT:?set REVIEWER_ROOT},${REVIEWER_ROOT:?set REVIEWER_ROOT}/cardinal_dynamics__overall,${GPU:?set GPU},scripts/reproduce.sh reviewer estimate --scope model --model cardinal_dynamics,"scripts/reproduce.sh reviewer run --scope model --model cardinal_dynamics --cache-root ""${CACHE_ROOT:?set CACHE_ROOT}"" --run-root ""${REVIEWER_ROOT:?set REVIEWER_ROOT}/cardinal_dynamics__overall"" --gpu ""${GPU:?set GPU}""","scripts/reproduce.sh reviewer status --run-root ""${REVIEWER_ROOT:?set REVIEWER_ROOT}/cardinal_dynamics__overall""","scripts/reproduce.sh reviewer compare --run-root ""${REVIEWER_ROOT:?set REVIEWER_ROOT}/cardinal_dynamics__overall"" --cache-root ""${CACHE_ROOT:?set CACHE_ROOT}"""
dataset::cardinal_fbc_physical::local_exp4,cardinal_fbc_physical::local_exp4,cardinal_fbc_physical,17,equal_dataset_macro_balanced_accuracy,descriptive_opened_development_suite_only,17,sealed overall accuracy descending; frozen plan architecture order breaks exact ties,dataset,local_exp4,dataset,8,1,8,5,40,0.895,0.895,89.50%,89.500%,89.50%,89.500%,mean_seeds_within_subject_then_mean_subjects,0.150006927853,sum of sealed job_total_seconds measured on the formal four-RTX-A5000 workstation; not a wall-clock estimate or cross-hardware promise,private_institutional_authorization_required,false,false,"opened-development evidence only; not independent confirmation, a clinical result, or a global SOTA claim",strict score match requires the exact selected Cartesian replay and checks accuracy plus balanced accuracy; it does not imply bit-exact predictions,"rank is sealed-table context, not established by replaying one cell or one model; rank confirmation requires all 43 complete model rows","fixed-protocol replication is not exact execution identity unless source, cache, split, lock, CUDA, driver, and physical GPU identities all match",65b93b7e5d09cfc30fb6ce28156368e66aec1503f4efa37faa3189e25ebbc3b1,548c0bb707ac99debfafbc9082dd322aec7eb799e69f1ad69e25231eeb75873f,ed1070f69367e36109c473c193b4f898de40ad689a8d367ac3d9e7471a82a1cd,results/common_grid_v6/analysis/dataset_summary.csv,0f24934e47c275ffb66b06e78266cb7fc1883f3046da876a5ed50089c09686cf,results/common_grid_v6/analysis/model_ranking.csv,adddfd4687e09710b2867252fc873687f48ef073c555a9c0b604af9dd31e4e32,results/common_grid_v6/analysis/job_metrics.csv,fda26e3a545811d1f9d4b4ed2b9885cff0bab3505f6be8e6eb97491bb3355e1d,model::cardinal_fbc_physical,false,${CACHE_ROOT:?set CACHE_ROOT},${REVIEWER_ROOT:?set REVIEWER_ROOT},${REVIEWER_ROOT:?set REVIEWER_ROOT}/cardinal_fbc_physical__local_exp4,${GPU:?set GPU},scripts/reproduce.sh reviewer estimate --scope dataset --model cardinal_fbc_physical --dataset local_exp4,"scripts/reproduce.sh reviewer run --scope dataset --model cardinal_fbc_physical --dataset local_exp4 --cache-root ""${CACHE_ROOT:?set CACHE_ROOT}"" --run-root ""${REVIEWER_ROOT:?set REVIEWER_ROOT}/cardinal_fbc_physical__local_exp4"" --gpu ""${GPU:?set GPU}""","scripts/reproduce.sh reviewer status --run-root ""${REVIEWER_ROOT:?set REVIEWER_ROOT}/cardinal_fbc_physical__local_exp4""","scripts/reproduce.sh reviewer compare --run-root ""${REVIEWER_ROOT:?set REVIEWER_ROOT}/cardinal_fbc_physical__local_exp4"" --cache-root ""${CACHE_ROOT:?set CACHE_ROOT}"""
dataset::cardinal_fbc_physical::bnci2014_001,cardinal_fbc_physical::bnci2014_001,cardinal_fbc_physical,17,equal_dataset_macro_balanced_accuracy,descriptive_opened_development_suite_only,17,sealed overall accuracy descending; frozen plan architecture order breaks exact ties,dataset,bnci2014_001,dataset,9,1,9,5,45,0.7513117283950618,0.7513117283950617,75.13%,75.131%,75.13%,75.131%,mean_seeds_within_subject_then_mean_subjects,0.314334935789,sum of sealed job_total_seconds measured on the formal four-RTX-A5000 workstation; not a wall-clock estimate or cross-hardware promise,public_official_record_cc_by_nd_4_0_subject_to_terms,true,false,"opened-development evidence only; not independent confirmation, a clinical result, or a global SOTA claim",strict score match requires the exact selected Cartesian replay and checks accuracy plus balanced accuracy; it does not imply bit-exact predictions,"rank is sealed-table context, not established by replaying one cell or one model; rank confirmation requires all 43 complete model rows","fixed-protocol replication is not exact execution identity unless source, cache, split, lock, CUDA, driver, and physical GPU identities all match",65b93b7e5d09cfc30fb6ce28156368e66aec1503f4efa37faa3189e25ebbc3b1,548c0bb707ac99debfafbc9082dd322aec7eb799e69f1ad69e25231eeb75873f,ed1070f69367e36109c473c193b4f898de40ad689a8d367ac3d9e7471a82a1cd,results/common_grid_v6/analysis/dataset_summary.csv,0f24934e47c275ffb66b06e78266cb7fc1883f3046da876a5ed50089c09686cf,results/common_grid_v6/analysis/model_ranking.csv,adddfd4687e09710b2867252fc873687f48ef073c555a9c0b604af9dd31e4e32,results/common_grid_v6/analysis/job_metrics.csv,fda26e3a545811d1f9d4b4ed2b9885cff0bab3505f6be8e6eb97491bb3355e1d,model::cardinal_fbc_physical,false,${CACHE_ROOT:?set CACHE_ROOT},${REVIEWER_ROOT:?set REVIEWER_ROOT},${REVIEWER_ROOT:?set REVIEWER_ROOT}/cardinal_fbc_physical__bnci2014_001,${GPU:?set GPU},scripts/reproduce.sh reviewer estimate --scope dataset --model cardinal_fbc_physical --dataset bnci2014_001,"scripts/reproduce.sh reviewer run --scope dataset --model cardinal_fbc_physical --dataset bnci2014_001 --cache-root ""${CACHE_ROOT:?set CACHE_ROOT}"" --run-root ""${REVIEWER_ROOT:?set REVIEWER_ROOT}/cardinal_fbc_physical__bnci2014_001"" --gpu ""${GPU:?set GPU}""","scripts/reproduce.sh reviewer status --run-root ""${REVIEWER_ROOT:?set REVIEWER_ROOT}/cardinal_fbc_physical__bnci2014_001""","scripts/reproduce.sh reviewer compare --run-root ""${REVIEWER_ROOT:?set REVIEWER_ROOT}/cardinal_fbc_physical__bnci2014_001"" --cache-root ""${CACHE_ROOT:?set CACHE_ROOT}"""
dataset::cardinal_fbc_physical::bnci2014_004,cardinal_fbc_physical::bnci2014_004,cardinal_fbc_physical,17,equal_dataset_macro_balanced_accuracy,descriptive_opened_development_suite_only,17,sealed overall accuracy descending; frozen plan architecture order breaks exact ties,dataset,bnci2014_004,dataset,9,1,9,5,45,0.775327380952381,0.775327380952381,77.53%,77.533%,77.53%,77.533%,mean_seeds_within_subject_then_mean_subjects,0.143889351354,sum of sealed job_total_seconds measured on the formal four-RTX-A5000 workstation; not a wall-clock estimate or cross-hardware promise,public_official_record_cc_by_nd_4_0_subject_to_terms,true,false,"opened-development evidence only; not independent confirmation, a clinical result, or a global SOTA claim",strict score match requires the exact selected Cartesian replay and checks accuracy plus balanced accuracy; it does not imply bit-exact predictions,"rank is sealed-table context, not established by replaying one cell or one model; rank confirmation requires all 43 complete model rows","fixed-protocol replication is not exact execution identity unless source, cache, split, lock, CUDA, driver, and physical GPU identities all match",65b93b7e5d09cfc30fb6ce28156368e66aec1503f4efa37faa3189e25ebbc3b1,548c0bb707ac99debfafbc9082dd322aec7eb799e69f1ad69e25231eeb75873f,ed1070f69367e36109c473c193b4f898de40ad689a8d367ac3d9e7471a82a1cd,results/common_grid_v6/analysis/dataset_summary.csv,0f24934e47c275ffb66b06e78266cb7fc1883f3046da876a5ed50089c09686cf,results/common_grid_v6/analysis/model_ranking.csv,adddfd4687e09710b2867252fc873687f48ef073c555a9c0b604af9dd31e4e32,results/common_grid_v6/analysis/job_metrics.csv,fda26e3a545811d1f9d4b4ed2b9885cff0bab3505f6be8e6eb97491bb3355e1d,model::cardinal_fbc_physical,false,${CACHE_ROOT:?set CACHE_ROOT},${REVIEWER_ROOT:?set REVIEWER_ROOT},${REVIEWER_ROOT:?set REVIEWER_ROOT}/cardinal_fbc_physical__bnci2014_004,${GPU:?set GPU},scripts/reproduce.sh reviewer estimate --scope dataset --model cardinal_fbc_physical --dataset bnci2014_004,"scripts/reproduce.sh reviewer run --scope dataset --model cardinal_fbc_physical --dataset bnci2014_004 --cache-root ""${CACHE_ROOT:?set CACHE_ROOT}"" --run-root ""${REVIEWER_ROOT:?set REVIEWER_ROOT}/cardinal_fbc_physical__bnci2014_004"" --gpu ""${GPU:?set GPU}""","scripts/reproduce.sh reviewer status --run-root ""${REVIEWER_ROOT:?set REVIEWER_ROOT}/cardinal_fbc_physical__bnci2014_004""","scripts/reproduce.sh reviewer compare --run-root ""${REVIEWER_ROOT:?set REVIEWER_ROOT}/cardinal_fbc_physical__bnci2014_004"" --cache-root ""${CACHE_ROOT:?set CACHE_ROOT}"""
dataset::cardinal_fbc_physical::cho2017,cardinal_fbc_physical::cho2017,cardinal_fbc_physical,17,equal_dataset_macro_balanced_accuracy,descriptive_opened_development_suite_only,17,sealed overall accuracy descending; frozen plan architecture order breaks exact ties,dataset,cho2017,dataset,52,5,260,5,1300,0.7003205128205128,0.7003205128205128,70.03%,70.032%,70.03%,70.032%,mean_seeds_within_subject_then_mean_subjects,3.085512065981,sum of sealed job_total_seconds measured on the formal four-RTX-A5000 workstation; not a wall-clock estimate or cross-hardware promise,public_record_exact_acquired_byte_terms_unresolved,true,false,"opened-development evidence only; not independent confirmation, a clinical result, or a global SOTA claim",strict score match requires the exact selected Cartesian replay and checks accuracy plus balanced accuracy; it does not imply bit-exact predictions,"rank is sealed-table context, not established by replaying one cell or one model; rank confirmation requires all 43 complete model rows","fixed-protocol replication is not exact execution identity unless source, cache, split, lock, CUDA, driver, and physical GPU identities all match",65b93b7e5d09cfc30fb6ce28156368e66aec1503f4efa37faa3189e25ebbc3b1,548c0bb707ac99debfafbc9082dd322aec7eb799e69f1ad69e25231eeb75873f,ed1070f69367e36109c473c193b4f898de40ad689a8d367ac3d9e7471a82a1cd,results/common_grid_v6/analysis/dataset_summary.csv,0f24934e47c275ffb66b06e78266cb7fc1883f3046da876a5ed50089c09686cf,results/common_grid_v6/analysis/model_ranking.csv,adddfd4687e09710b2867252fc873687f48ef073c555a9c0b604af9dd31e4e32,results/common_grid_v6/analysis/job_metrics.csv,fda26e3a545811d1f9d4b4ed2b9885cff0bab3505f6be8e6eb97491bb3355e1d,model::cardinal_fbc_physical,false,${CACHE_ROOT:?set CACHE_ROOT},${REVIEWER_ROOT:?set REVIEWER_ROOT},${REVIEWER_ROOT:?set REVIEWER_ROOT}/cardinal_fbc_physical__cho2017,${GPU:?set GPU},scripts/reproduce.sh reviewer estimate --scope dataset --model cardinal_fbc_physical --dataset cho2017,"scripts/reproduce.sh reviewer run --scope dataset --model cardinal_fbc_physical --dataset cho2017 --cache-root ""${CACHE_ROOT:?set CACHE_ROOT}"" --run-root ""${REVIEWER_ROOT:?set REVIEWER_ROOT}/cardinal_fbc_physical__cho2017"" --gpu ""${GPU:?set GPU}""","scripts/reproduce.sh reviewer status --run-root ""${REVIEWER_ROOT:?set REVIEWER_ROOT}/cardinal_fbc_physical__cho2017""","scripts/reproduce.sh reviewer compare --run-root ""${REVIEWER_ROOT:?set REVIEWER_ROOT}/cardinal_fbc_physical__cho2017"" --cache-root ""${CACHE_ROOT:?set CACHE_ROOT}"""
dataset::cardinal_fbc_physical::physionet_mi,cardinal_fbc_physical::physionet_mi,cardinal_fbc_physical,17,equal_dataset_macro_balanced_accuracy,descriptive_opened_development_suite_only,17,sealed overall accuracy descending; frozen plan architecture order breaks exact ties,dataset,physionet_mi,dataset,54,3,162,5,810,0.5418106995884773,0.5403856979038137,54.18%,54.181%,54.04%,54.039%,mean_seeds_within_subject_then_mean_subjects,0.422051615385,sum of sealed job_total_seconds measured on the formal four-RTX-A5000 workstation; not a wall-clock estimate or cross-hardware promise,public_official_record_odc_by_1_0_subject_to_terms,true,false,"opened-development evidence only; not independent confirmation, a clinical result, or a global SOTA claim",strict score match requires the exact selected Cartesian replay and checks accuracy plus balanced accuracy; it does not imply bit-exact predictions,"rank is sealed-table context, not established by replaying one cell or one model; rank confirmation requires all 43 complete model rows","fixed-protocol replication is not exact execution identity unless source, cache, split, lock, CUDA, driver, and physical GPU identities all match",65b93b7e5d09cfc30fb6ce28156368e66aec1503f4efa37faa3189e25ebbc3b1,548c0bb707ac99debfafbc9082dd322aec7eb799e69f1ad69e25231eeb75873f,ed1070f69367e36109c473c193b4f898de40ad689a8d367ac3d9e7471a82a1cd,results/common_grid_v6/analysis/dataset_summary.csv,0f24934e47c275ffb66b06e78266cb7fc1883f3046da876a5ed50089c09686cf,results/common_grid_v6/analysis/model_ranking.csv,adddfd4687e09710b2867252fc873687f48ef073c555a9c0b604af9dd31e4e32,results/common_grid_v6/analysis/job_metrics.csv,fda26e3a545811d1f9d4b4ed2b9885cff0bab3505f6be8e6eb97491bb3355e1d,model::cardinal_fbc_physical,false,${CACHE_ROOT:?set CACHE_ROOT},${REVIEWER_ROOT:?set REVIEWER_ROOT},${REVIEWER_ROOT:?set REVIEWER_ROOT}/cardinal_fbc_physical__physionet_mi,${GPU:?set GPU},scripts/reproduce.sh reviewer estimate --scope dataset --model cardinal_fbc_physical --dataset physionet_mi,"scripts/reproduce.sh reviewer run --scope dataset --model cardinal_fbc_physical --dataset physionet_mi --cache-root ""${CACHE_ROOT:?set CACHE_ROOT}"" --run-root ""${REVIEWER_ROOT:?set REVIEWER_ROOT}/cardinal_fbc_physical__physionet_mi"" --gpu ""${GPU:?set GPU}""","scripts/reproduce.sh reviewer status --run-root ""${REVIEWER_ROOT:?set REVIEWER_ROOT}/cardinal_fbc_physical__physionet_mi""","scripts/reproduce.sh reviewer compare --run-root ""${REVIEWER_ROOT:?set REVIEWER_ROOT}/cardinal_fbc_physical__physionet_mi"" --cache-root ""${CACHE_ROOT:?set CACHE_ROOT}"""
model::cardinal_fbc_physical,cardinal_fbc_physical::overall,cardinal_fbc_physical,17,equal_dataset_macro_balanced_accuracy,descriptive_opened_development_suite_only,17,sealed overall accuracy descending; frozen plan architecture order breaks exact ties,overall,overall,model,132,by_dataset:1|1|1|5|3,448,5,2240,0.7327540643512866,0.7324690640143539,73.28%,73.275%,73.25%,73.247%,fold_concatenation_then_seed_mean_then_subject_mean_then_equal_dataset_mean,4.115794896361,sum of sealed job_total_seconds measured on the formal four-RTX-A5000 workstation; not a wall-clock estimate or cross-hardware promise,mixed_includes_private_local_exp4_authorization_required,false,false,"opened-development evidence only; not independent confirmation, a clinical result, or a global SOTA claim",strict score match requires the exact selected Cartesian replay and checks accuracy plus balanced accuracy; it does not imply bit-exact predictions,"rank is sealed-table context, not established by replaying one cell or one model; rank confirmation requires all 43 complete model rows","fixed-protocol replication is not exact execution identity unless source, cache, split, lock, CUDA, driver, and physical GPU identities all match",65b93b7e5d09cfc30fb6ce28156368e66aec1503f4efa37faa3189e25ebbc3b1,548c0bb707ac99debfafbc9082dd322aec7eb799e69f1ad69e25231eeb75873f,ed1070f69367e36109c473c193b4f898de40ad689a8d367ac3d9e7471a82a1cd,results/common_grid_v6/analysis/overall_summary.csv,d45dd54801f4ba9074bba808cd7076bd04c9a5267944ec4f7af274de96a11c6f,results/common_grid_v6/analysis/model_ranking.csv,adddfd4687e09710b2867252fc873687f48ef073c555a9c0b604af9dd31e4e32,results/common_grid_v6/analysis/job_metrics.csv,fda26e3a545811d1f9d4b4ed2b9885cff0bab3505f6be8e6eb97491bb3355e1d,model::cardinal_fbc_physical,true,${CACHE_ROOT:?set CACHE_ROOT},${REVIEWER_ROOT:?set REVIEWER_ROOT},${REVIEWER_ROOT:?set REVIEWER_ROOT}/cardinal_fbc_physical__overall,${GPU:?set GPU},scripts/reproduce.sh reviewer estimate --scope model --model cardinal_fbc_physical,"scripts/reproduce.sh reviewer run --scope model --model cardinal_fbc_physical --cache-root ""${CACHE_ROOT:?set CACHE_ROOT}"" --run-root ""${REVIEWER_ROOT:?set REVIEWER_ROOT}/cardinal_fbc_physical__overall"" --gpu ""${GPU:?set GPU}""","scripts/reproduce.sh reviewer status --run-root ""${REVIEWER_ROOT:?set REVIEWER_ROOT}/cardinal_fbc_physical__overall""","scripts/reproduce.sh reviewer compare --run-root ""${REVIEWER_ROOT:?set REVIEWER_ROOT}/cardinal_fbc_physical__overall"" --cache-root ""${CACHE_ROOT:?set CACHE_ROOT}"""
dataset::cardinal_fbc_extended::local_exp4,cardinal_fbc_extended::local_exp4,cardinal_fbc_extended,18,equal_dataset_macro_balanced_accuracy,descriptive_opened_development_suite_only,18,sealed overall accuracy descending; frozen plan architecture order breaks exact ties,dataset,local_exp4,dataset,8,1,8,5,40,0.9066666666666666,0.9066666666666667,90.67%,90.667%,90.67%,90.667%,mean_seeds_within_subject_then_mean_subjects,0.078924535639,sum of sealed job_total_seconds measured on the formal four-RTX-A5000 workstation; not a wall-clock estimate or cross-hardware promise,private_institutional_authorization_required,false,false,"opened-development evidence only; not independent confirmation, a clinical result, or a global SOTA claim",strict score match requires the exact selected Cartesian replay and checks accuracy plus balanced accuracy; it does not imply bit-exact predictions,"rank is sealed-table context, not established by replaying one cell or one model; rank confirmation requires all 43 complete model rows","fixed-protocol replication is not exact execution identity unless source, cache, split, lock, CUDA, driver, and physical GPU identities all match",65b93b7e5d09cfc30fb6ce28156368e66aec1503f4efa37faa3189e25ebbc3b1,548c0bb707ac99debfafbc9082dd322aec7eb799e69f1ad69e25231eeb75873f,ed1070f69367e36109c473c193b4f898de40ad689a8d367ac3d9e7471a82a1cd,results/common_grid_v6/analysis/dataset_summary.csv,0f24934e47c275ffb66b06e78266cb7fc1883f3046da876a5ed50089c09686cf,results/common_grid_v6/analysis/model_ranking.csv,adddfd4687e09710b2867252fc873687f48ef073c555a9c0b604af9dd31e4e32,results/common_grid_v6/analysis/job_metrics.csv,fda26e3a545811d1f9d4b4ed2b9885cff0bab3505f6be8e6eb97491bb3355e1d,model::cardinal_fbc_extended,false,${CACHE_ROOT:?set CACHE_ROOT},${REVIEWER_ROOT:?set REVIEWER_ROOT},${REVIEWER_ROOT:?set REVIEWER_ROOT}/cardinal_fbc_extended__local_exp4,${GPU:?set GPU},scripts/reproduce.sh reviewer estimate --scope dataset --model cardinal_fbc_extended --dataset local_exp4,"scripts/reproduce.sh reviewer run --scope dataset --model cardinal_fbc_extended --dataset local_exp4 --cache-root ""${CACHE_ROOT:?set CACHE_ROOT}"" --run-root ""${REVIEWER_ROOT:?set REVIEWER_ROOT}/cardinal_fbc_extended__local_exp4"" --gpu ""${GPU:?set GPU}""","scripts/reproduce.sh reviewer status --run-root ""${REVIEWER_ROOT:?set REVIEWER_ROOT}/cardinal_fbc_extended__local_exp4""","scripts/reproduce.sh reviewer compare --run-root ""${REVIEWER_ROOT:?set REVIEWER_ROOT}/cardinal_fbc_extended__local_exp4"" --cache-root ""${CACHE_ROOT:?set CACHE_ROOT}"""
dataset::cardinal_fbc_extended::bnci2014_001,cardinal_fbc_extended::bnci2014_001,cardinal_fbc_extended,18,equal_dataset_macro_balanced_accuracy,descriptive_opened_development_suite_only,18,sealed overall accuracy descending; frozen plan architecture order breaks exact ties,dataset,bnci2014_001,dataset,9,1,9,5,45,0.7462191358024691,0.7462191358024691,74.62%,74.622%,74.62%,74.622%,mean_seeds_within_subject_then_mean_subjects,0.193836872532,sum of sealed job_total_seconds measured on the formal four-RTX-A5000 workstation; not a wall-clock estimate or cross-hardware promise,public_official_record_cc_by_nd_4_0_subject_to_terms,true,false,"opened-development evidence only; not independent confirmation, a clinical result, or a global SOTA claim",strict score match requires the exact selected Cartesian replay and checks accuracy plus balanced accuracy; it does not imply bit-exact predictions,"rank is sealed-table context, not established by replaying one cell or one model; rank confirmation requires all 43 complete model rows","fixed-protocol replication is not exact execution identity unless source, cache, split, lock, CUDA, driver, and physical GPU identities all match",65b93b7e5d09cfc30fb6ce28156368e66aec1503f4efa37faa3189e25ebbc3b1,548c0bb707ac99debfafbc9082dd322aec7eb799e69f1ad69e25231eeb75873f,ed1070f69367e36109c473c193b4f898de40ad689a8d367ac3d9e7471a82a1cd,results/common_grid_v6/analysis/dataset_summary.csv,0f24934e47c275ffb66b06e78266cb7fc1883f3046da876a5ed50089c09686cf,results/common_grid_v6/analysis/model_ranking.csv,adddfd4687e09710b2867252fc873687f48ef073c555a9c0b604af9dd31e4e32,results/common_grid_v6/analysis/job_metrics.csv,fda26e3a545811d1f9d4b4ed2b9885cff0bab3505f6be8e6eb97491bb3355e1d,model::cardinal_fbc_extended,false,${CACHE_ROOT:?set CACHE_ROOT},${REVIEWER_ROOT:?set REVIEWER_ROOT},${REVIEWER_ROOT:?set REVIEWER_ROOT}/cardinal_fbc_extended__bnci2014_001,${GPU:?set GPU},scripts/reproduce.sh reviewer estimate --scope dataset --model cardinal_fbc_extended --dataset bnci2014_001,"scripts/reproduce.sh reviewer run --scope dataset --model cardinal_fbc_extended --dataset bnci2014_001 --cache-root ""${CACHE_ROOT:?set CACHE_ROOT}"" --run-root ""${REVIEWER_ROOT:?set REVIEWER_ROOT}/cardinal_fbc_extended__bnci2014_001"" --gpu ""${GPU:?set GPU}""","scripts/reproduce.sh reviewer status --run-root ""${REVIEWER_ROOT:?set REVIEWER_ROOT}/cardinal_fbc_extended__bnci2014_001""","scripts/reproduce.sh reviewer compare --run-root ""${REVIEWER_ROOT:?set REVIEWER_ROOT}/cardinal_fbc_extended__bnci2014_001"" --cache-root ""${CACHE_ROOT:?set CACHE_ROOT}"""
dataset::cardinal_fbc_extended::bnci2014_004,cardinal_fbc_extended::bnci2014_004,cardinal_fbc_extended,18,equal_dataset_macro_balanced_accuracy,descriptive_opened_development_suite_only,18,sealed overall accuracy descending; frozen plan architecture order breaks exact ties,dataset,bnci2014_004,dataset,9,1,9,5,45,0.7670436507936508,0.7670436507936508,76.70%,76.704%,76.70%,76.704%,mean_seeds_within_subject_then_mean_subjects,0.080385417944,sum of sealed job_total_seconds measured on the formal four-RTX-A5000 workstation; not a wall-clock estimate or cross-hardware promise,public_official_record_cc_by_nd_4_0_subject_to_terms,true,false,"opened-development evidence only; not independent confirmation, a clinical result, or a global SOTA claim",strict score match requires the exact selected Cartesian replay and checks accuracy plus balanced accuracy; it does not imply bit-exact predictions,"rank is sealed-table context, not established by replaying one cell or one model; rank confirmation requires all 43 complete model rows","fixed-protocol replication is not exact execution identity unless source, cache, split, lock, CUDA, driver, and physical GPU identities all match",65b93b7e5d09cfc30fb6ce28156368e66aec1503f4efa37faa3189e25ebbc3b1,548c0bb707ac99debfafbc9082dd322aec7eb799e69f1ad69e25231eeb75873f,ed1070f69367e36109c473c193b4f898de40ad689a8d367ac3d9e7471a82a1cd,results/common_grid_v6/analysis/dataset_summary.csv,0f24934e47c275ffb66b06e78266cb7fc1883f3046da876a5ed50089c09686cf,results/common_grid_v6/analysis/model_ranking.csv,adddfd4687e09710b2867252fc873687f48ef073c555a9c0b604af9dd31e4e32,results/common_grid_v6/analysis/job_metrics.csv,fda26e3a545811d1f9d4b4ed2b9885cff0bab3505f6be8e6eb97491bb3355e1d,model::cardinal_fbc_extended,false,${CACHE_ROOT:?set CACHE_ROOT},${REVIEWER_ROOT:?set REVIEWER_ROOT},${REVIEWER_ROOT:?set REVIEWER_ROOT}/cardinal_fbc_extended__bnci2014_004,${GPU:?set GPU},scripts/reproduce.sh reviewer estimate --scope dataset --model cardinal_fbc_extended --dataset bnci2014_004,"scripts/reproduce.sh reviewer run --scope dataset --model cardinal_fbc_extended --dataset bnci2014_004 --cache-root ""${CACHE_ROOT:?set CACHE_ROOT}"" --run-root ""${REVIEWER_ROOT:?set REVIEWER_ROOT}/cardinal_fbc_extended__bnci2014_004"" --gpu ""${GPU:?set GPU}""","scripts/reproduce.sh reviewer status --run-root ""${REVIEWER_ROOT:?set REVIEWER_ROOT}/cardinal_fbc_extended__bnci2014_004""","scripts/reproduce.sh reviewer compare --run-root ""${REVIEWER_ROOT:?set REVIEWER_ROOT}/cardinal_fbc_extended__bnci2014_004"" --cache-root ""${CACHE_ROOT:?set CACHE_ROOT}"""
dataset::cardinal_fbc_extended::cho2017,cardinal_fbc_extended::cho2017,cardinal_fbc_extended,18,equal_dataset_macro_balanced_accuracy,descriptive_opened_development_suite_only,18,sealed overall accuracy descending; frozen plan architecture order breaks exact ties,dataset,cho2017,dataset,52,5,260,5,1300,0.6965961538461537,0.6965961538461537,69.66%,69.660%,69.66%,69.660%,mean_seeds_within_subject_then_mean_subjects,1.751400510010,sum of sealed job_total_seconds measured on the formal four-RTX-A5000 workstation; not a wall-clock estimate or cross-hardware promise,public_record_exact_acquired_byte_terms_unresolved,true,false,"opened-development evidence only; not independent confirmation, a clinical result, or a global SOTA claim",strict score match requires the exact selected Cartesian replay and checks accuracy plus balanced accuracy; it does not imply bit-exact predictions,"rank is sealed-table context, not established by replaying one cell or one model; rank confirmation requires all 43 complete model rows","fixed-protocol replication is not exact execution identity unless source, cache, split, lock, CUDA, driver, and physical GPU identities all match",65b93b7e5d09cfc30fb6ce28156368e66aec1503f4efa37faa3189e25ebbc3b1,548c0bb707ac99debfafbc9082dd322aec7eb799e69f1ad69e25231eeb75873f,ed1070f69367e36109c473c193b4f898de40ad689a8d367ac3d9e7471a82a1cd,results/common_grid_v6/analysis/dataset_summary.csv,0f24934e47c275ffb66b06e78266cb7fc1883f3046da876a5ed50089c09686cf,results/common_grid_v6/analysis/model_ranking.csv,adddfd4687e09710b2867252fc873687f48ef073c555a9c0b604af9dd31e4e32,results/common_grid_v6/analysis/job_metrics.csv,fda26e3a545811d1f9d4b4ed2b9885cff0bab3505f6be8e6eb97491bb3355e1d,model::cardinal_fbc_extended,false,${CACHE_ROOT:?set CACHE_ROOT},${REVIEWER_ROOT:?set REVIEWER_ROOT},${REVIEWER_ROOT:?set REVIEWER_ROOT}/cardinal_fbc_extended__cho2017,${GPU:?set GPU},scripts/reproduce.sh reviewer estimate --scope dataset --model cardinal_fbc_extended --dataset cho2017,"scripts/reproduce.sh reviewer run --scope dataset --model cardinal_fbc_extended --dataset cho2017 --cache-root ""${CACHE_ROOT:?set CACHE_ROOT}"" --run-root ""${REVIEWER_ROOT:?set REVIEWER_ROOT}/cardinal_fbc_extended__cho2017"" --gpu ""${GPU:?set GPU}""","scripts/reproduce.sh reviewer status --run-root ""${REVIEWER_ROOT:?set REVIEWER_ROOT}/cardinal_fbc_extended__cho2017""","scripts/reproduce.sh reviewer compare --run-root ""${REVIEWER_ROOT:?set REVIEWER_ROOT}/cardinal_fbc_extended__cho2017"" --cache-root ""${CACHE_ROOT:?set CACHE_ROOT}"""
dataset::cardinal_fbc_extended::physionet_mi,cardinal_fbc_extended::physionet_mi,cardinal_fbc_extended,18,equal_dataset_macro_balanced_accuracy,descriptive_opened_development_suite_only,18,sealed overall accuracy descending; frozen plan architecture order breaks exact ties,dataset,physionet_mi,dataset,54,3,162,5,810,0.546008230452675,0.5442463802971049,54.60%,54.601%,54.42%,54.425%,mean_seeds_within_subject_then_mean_subjects,0.231725421759,sum of sealed job_total_seconds measured on the formal four-RTX-A5000 workstation; not a wall-clock estimate or cross-hardware promise,public_official_record_odc_by_1_0_subject_to_terms,true,false,"opened-development evidence only; not independent confirmation, a clinical result, or a global SOTA claim",strict score match requires the exact selected Cartesian replay and checks accuracy plus balanced accuracy; it does not imply bit-exact predictions,"rank is sealed-table context, not established by replaying one cell or one model; rank confirmation requires all 43 complete model rows","fixed-protocol replication is not exact execution identity unless source, cache, split, lock, CUDA, driver, and physical GPU identities all match",65b93b7e5d09cfc30fb6ce28156368e66aec1503f4efa37faa3189e25ebbc3b1,548c0bb707ac99debfafbc9082dd322aec7eb799e69f1ad69e25231eeb75873f,ed1070f69367e36109c473c193b4f898de40ad689a8d367ac3d9e7471a82a1cd,results/common_grid_v6/analysis/dataset_summary.csv,0f24934e47c275ffb66b06e78266cb7fc1883f3046da876a5ed50089c09686cf,results/common_grid_v6/analysis/model_ranking.csv,adddfd4687e09710b2867252fc873687f48ef073c555a9c0b604af9dd31e4e32,results/common_grid_v6/analysis/job_metrics.csv,fda26e3a545811d1f9d4b4ed2b9885cff0bab3505f6be8e6eb97491bb3355e1d,model::cardinal_fbc_extended,false,${CACHE_ROOT:?set CACHE_ROOT},${REVIEWER_ROOT:?set REVIEWER_ROOT},${REVIEWER_ROOT:?set REVIEWER_ROOT}/cardinal_fbc_extended__physionet_mi,${GPU:?set GPU},scripts/reproduce.sh reviewer estimate --scope dataset --model cardinal_fbc_extended --dataset physionet_mi,"scripts/reproduce.sh reviewer run --scope dataset --model cardinal_fbc_extended --dataset physionet_mi --cache-root ""${CACHE_ROOT:?set CACHE_ROOT}"" --run-root ""${REVIEWER_ROOT:?set REVIEWER_ROOT}/cardinal_fbc_extended__physionet_mi"" --gpu ""${GPU:?set GPU}""","scripts/reproduce.sh reviewer status --run-root ""${REVIEWER_ROOT:?set REVIEWER_ROOT}/cardinal_fbc_extended__physionet_mi""","scripts/reproduce.sh reviewer compare --run-root ""${REVIEWER_ROOT:?set REVIEWER_ROOT}/cardinal_fbc_extended__physionet_mi"" --cache-root ""${CACHE_ROOT:?set CACHE_ROOT}"""
model::cardinal_fbc_extended,cardinal_fbc_extended::overall,cardinal_fbc_extended,18,equal_dataset_macro_balanced_accuracy,descriptive_opened_development_suite_only,18,sealed overall accuracy descending; frozen plan architecture order breaks exact ties,overall,overall,model,132,by_dataset:1|1|1|5|3,448,5,2240,0.7325067675123231,0.732154397481209,73.25%,73.251%,73.22%,73.215%,fold_concatenation_then_seed_mean_then_subject_mean_then_equal_dataset_mean,2.336272757884,sum of sealed job_total_seconds measured on the formal four-RTX-A5000 workstation; not a wall-clock estimate or cross-hardware promise,mixed_includes_private_local_exp4_authorization_required,false,false,"opened-development evidence only; not independent confirmation, a clinical result, or a global SOTA claim",strict score match requires the exact selected Cartesian replay and checks accuracy plus balanced accuracy; it does not imply bit-exact predictions,"rank is sealed-table context, not established by replaying one cell or one model; rank confirmation requires all 43 complete model rows","fixed-protocol replication is not exact execution identity unless source, cache, split, lock, CUDA, driver, and physical GPU identities all match",65b93b7e5d09cfc30fb6ce28156368e66aec1503f4efa37faa3189e25ebbc3b1,548c0bb707ac99debfafbc9082dd322aec7eb799e69f1ad69e25231eeb75873f,ed1070f69367e36109c473c193b4f898de40ad689a8d367ac3d9e7471a82a1cd,results/common_grid_v6/analysis/overall_summary.csv,d45dd54801f4ba9074bba808cd7076bd04c9a5267944ec4f7af274de96a11c6f,results/common_grid_v6/analysis/model_ranking.csv,adddfd4687e09710b2867252fc873687f48ef073c555a9c0b604af9dd31e4e32,results/common_grid_v6/analysis/job_metrics.csv,fda26e3a545811d1f9d4b4ed2b9885cff0bab3505f6be8e6eb97491bb3355e1d,model::cardinal_fbc_extended,true,${CACHE_ROOT:?set CACHE_ROOT},${REVIEWER_ROOT:?set REVIEWER_ROOT},${REVIEWER_ROOT:?set REVIEWER_ROOT}/cardinal_fbc_extended__overall,${GPU:?set GPU},scripts/reproduce.sh reviewer estimate --scope model --model cardinal_fbc_extended,"scripts/reproduce.sh reviewer run --scope model --model cardinal_fbc_extended --cache-root ""${CACHE_ROOT:?set CACHE_ROOT}"" --run-root ""${REVIEWER_ROOT:?set REVIEWER_ROOT}/cardinal_fbc_extended__overall"" --gpu ""${GPU:?set GPU}""","scripts/reproduce.sh reviewer status --run-root ""${REVIEWER_ROOT:?set REVIEWER_ROOT}/cardinal_fbc_extended__overall""","scripts/reproduce.sh reviewer compare --run-root ""${REVIEWER_ROOT:?set REVIEWER_ROOT}/cardinal_fbc_extended__overall"" --cache-root ""${CACHE_ROOT:?set CACHE_ROOT}"""
dataset::fbcnet::local_exp4,fbcnet::local_exp4,fbcnet,19,equal_dataset_macro_balanced_accuracy,descriptive_opened_development_suite_only,19,sealed overall accuracy descending; frozen plan architecture order breaks exact ties,dataset,local_exp4,dataset,8,1,8,5,40,0.90625,0.90625,90.62%,90.625%,90.62%,90.625%,mean_seeds_within_subject_then_mean_subjects,0.065443048556,sum of sealed job_total_seconds measured on the formal four-RTX-A5000 workstation; not a wall-clock estimate or cross-hardware promise,private_institutional_authorization_required,false,false,"opened-development evidence only; not independent confirmation, a clinical result, or a global SOTA claim",strict score match requires the exact selected Cartesian replay and checks accuracy plus balanced accuracy; it does not imply bit-exact predictions,"rank is sealed-table context, not established by replaying one cell or one model; rank confirmation requires all 43 complete model rows","fixed-protocol replication is not exact execution identity unless source, cache, split, lock, CUDA, driver, and physical GPU identities all match",65b93b7e5d09cfc30fb6ce28156368e66aec1503f4efa37faa3189e25ebbc3b1,548c0bb707ac99debfafbc9082dd322aec7eb799e69f1ad69e25231eeb75873f,ed1070f69367e36109c473c193b4f898de40ad689a8d367ac3d9e7471a82a1cd,results/common_grid_v6/analysis/dataset_summary.csv,0f24934e47c275ffb66b06e78266cb7fc1883f3046da876a5ed50089c09686cf,results/common_grid_v6/analysis/model_ranking.csv,adddfd4687e09710b2867252fc873687f48ef073c555a9c0b604af9dd31e4e32,results/common_grid_v6/analysis/job_metrics.csv,fda26e3a545811d1f9d4b4ed2b9885cff0bab3505f6be8e6eb97491bb3355e1d,model::fbcnet,false,${CACHE_ROOT:?set CACHE_ROOT},${REVIEWER_ROOT:?set REVIEWER_ROOT},${REVIEWER_ROOT:?set REVIEWER_ROOT}/fbcnet__local_exp4,${GPU:?set GPU},scripts/reproduce.sh reviewer estimate --scope dataset --model fbcnet --dataset local_exp4,"scripts/reproduce.sh reviewer run --scope dataset --model fbcnet --dataset local_exp4 --cache-root ""${CACHE_ROOT:?set CACHE_ROOT}"" --run-root ""${REVIEWER_ROOT:?set REVIEWER_ROOT}/fbcnet__local_exp4"" --gpu ""${GPU:?set GPU}""","scripts/reproduce.sh reviewer status --run-root ""${REVIEWER_ROOT:?set REVIEWER_ROOT}/fbcnet__local_exp4""","scripts/reproduce.sh reviewer compare --run-root ""${REVIEWER_ROOT:?set REVIEWER_ROOT}/fbcnet__local_exp4"" --cache-root ""${CACHE_ROOT:?set CACHE_ROOT}"""
dataset::fbcnet::bnci2014_001,fbcnet::bnci2014_001,fbcnet,19,equal_dataset_macro_balanced_accuracy,descriptive_opened_development_suite_only,19,sealed overall accuracy descending; frozen plan architecture order breaks exact ties,dataset,bnci2014_001,dataset,9,1,9,5,45,0.7456018518518517,0.7456018518518519,74.56%,74.560%,74.56%,74.560%,mean_seeds_within_subject_then_mean_subjects,0.166987119741,sum of sealed job_total_seconds measured on the formal four-RTX-A5000 workstation; not a wall-clock estimate or cross-hardware promise,public_official_record_cc_by_nd_4_0_subject_to_terms,true,false,"opened-development evidence only; not independent confirmation, a clinical result, or a global SOTA claim",strict score match requires the exact selected Cartesian replay and checks accuracy plus balanced accuracy; it does not imply bit-exact predictions,"rank is sealed-table context, not established by replaying one cell or one model; rank confirmation requires all 43 complete model rows","fixed-protocol replication is not exact execution identity unless source, cache, split, lock, CUDA, driver, and physical GPU identities all match",65b93b7e5d09cfc30fb6ce28156368e66aec1503f4efa37faa3189e25ebbc3b1,548c0bb707ac99debfafbc9082dd322aec7eb799e69f1ad69e25231eeb75873f,ed1070f69367e36109c473c193b4f898de40ad689a8d367ac3d9e7471a82a1cd,results/common_grid_v6/analysis/dataset_summary.csv,0f24934e47c275ffb66b06e78266cb7fc1883f3046da876a5ed50089c09686cf,results/common_grid_v6/analysis/model_ranking.csv,adddfd4687e09710b2867252fc873687f48ef073c555a9c0b604af9dd31e4e32,results/common_grid_v6/analysis/job_metrics.csv,fda26e3a545811d1f9d4b4ed2b9885cff0bab3505f6be8e6eb97491bb3355e1d,model::fbcnet,false,${CACHE_ROOT:?set CACHE_ROOT},${REVIEWER_ROOT:?set REVIEWER_ROOT},${REVIEWER_ROOT:?set REVIEWER_ROOT}/fbcnet__bnci2014_001,${GPU:?set GPU},scripts/reproduce.sh reviewer estimate --scope dataset --model fbcnet --dataset bnci2014_001,"scripts/reproduce.sh reviewer run --scope dataset --model fbcnet --dataset bnci2014_001 --cache-root ""${CACHE_ROOT:?set CACHE_ROOT}"" --run-root ""${REVIEWER_ROOT:?set REVIEWER_ROOT}/fbcnet__bnci2014_001"" --gpu ""${GPU:?set GPU}""","scripts/reproduce.sh reviewer status --run-root ""${REVIEWER_ROOT:?set REVIEWER_ROOT}/fbcnet__bnci2014_001""","scripts/reproduce.sh reviewer compare --run-root ""${REVIEWER_ROOT:?set REVIEWER_ROOT}/fbcnet__bnci2014_001"" --cache-root ""${CACHE_ROOT:?set CACHE_ROOT}"""
dataset::fbcnet::bnci2014_004,fbcnet::bnci2014_004,fbcnet,19,equal_dataset_macro_balanced_accuracy,descriptive_opened_development_suite_only,19,sealed overall accuracy descending; frozen plan architecture order breaks exact ties,dataset,bnci2014_004,dataset,9,1,9,5,45,0.7681646825396826,0.7681646825396826,76.82%,76.816%,76.82%,76.816%,mean_seeds_within_subject_then_mean_subjects,0.066512494481,sum of sealed job_total_seconds measured on the formal four-RTX-A5000 workstation; not a wall-clock estimate or cross-hardware promise,public_official_record_cc_by_nd_4_0_subject_to_terms,true,false,"opened-development evidence only; not independent confirmation, a clinical result, or a global SOTA claim",strict score match requires the exact selected Cartesian replay and checks accuracy plus balanced accuracy; it does not imply bit-exact predictions,"rank is sealed-table context, not established by replaying one cell or one model; rank confirmation requires all 43 complete model rows","fixed-protocol replication is not exact execution identity unless source, cache, split, lock, CUDA, driver, and physical GPU identities all match",65b93b7e5d09cfc30fb6ce28156368e66aec1503f4efa37faa3189e25ebbc3b1,548c0bb707ac99debfafbc9082dd322aec7eb799e69f1ad69e25231eeb75873f,ed1070f69367e36109c473c193b4f898de40ad689a8d367ac3d9e7471a82a1cd,results/common_grid_v6/analysis/dataset_summary.csv,0f24934e47c275ffb66b06e78266cb7fc1883f3046da876a5ed50089c09686cf,results/common_grid_v6/analysis/model_ranking.csv,adddfd4687e09710b2867252fc873687f48ef073c555a9c0b604af9dd31e4e32,results/common_grid_v6/analysis/job_metrics.csv,fda26e3a545811d1f9d4b4ed2b9885cff0bab3505f6be8e6eb97491bb3355e1d,model::fbcnet,false,${CACHE_ROOT:?set CACHE_ROOT},${REVIEWER_ROOT:?set REVIEWER_ROOT},${REVIEWER_ROOT:?set REVIEWER_ROOT}/fbcnet__bnci2014_004,${GPU:?set GPU},scripts/reproduce.sh reviewer estimate --scope dataset --model fbcnet --dataset bnci2014_004,"scripts/reproduce.sh reviewer run --scope dataset --model fbcnet --dataset bnci2014_004 --cache-root ""${CACHE_ROOT:?set CACHE_ROOT}"" --run-root ""${REVIEWER_ROOT:?set REVIEWER_ROOT}/fbcnet__bnci2014_004"" --gpu ""${GPU:?set GPU}""","scripts/reproduce.sh reviewer status --run-root ""${REVIEWER_ROOT:?set REVIEWER_ROOT}/fbcnet__bnci2014_004""","scripts/reproduce.sh reviewer compare --run-root ""${REVIEWER_ROOT:?set REVIEWER_ROOT}/fbcnet__bnci2014_004"" --cache-root ""${CACHE_ROOT:?set CACHE_ROOT}"""
dataset::fbcnet::cho2017,fbcnet::cho2017,fbcnet,19,equal_dataset_macro_balanced_accuracy,descriptive_opened_development_suite_only,19,sealed overall accuracy descending; frozen plan architecture order breaks exact ties,dataset,cho2017,dataset,52,5,260,5,1300,0.6959903846153845,0.6959903846153845,69.60%,69.599%,69.60%,69.599%,mean_seeds_within_subject_then_mean_subjects,1.374273317986,sum of sealed job_total_seconds measured on the formal four-RTX-A5000 workstation; not a wall-clock estimate or cross-hardware promise,public_record_exact_acquired_byte_terms_unresolved,true,false,"opened-development evidence only; not independent confirmation, a clinical result, or a global SOTA claim",strict score match requires the exact selected Cartesian replay and checks accuracy plus balanced accuracy; it does not imply bit-exact predictions,"rank is sealed-table context, not established by replaying one cell or one model; rank confirmation requires all 43 complete model rows","fixed-protocol replication is not exact execution identity unless source, cache, split, lock, CUDA, driver, and physical GPU identities all match",65b93b7e5d09cfc30fb6ce28156368e66aec1503f4efa37faa3189e25ebbc3b1,548c0bb707ac99debfafbc9082dd322aec7eb799e69f1ad69e25231eeb75873f,ed1070f69367e36109c473c193b4f898de40ad689a8d367ac3d9e7471a82a1cd,results/common_grid_v6/analysis/dataset_summary.csv,0f24934e47c275ffb66b06e78266cb7fc1883f3046da876a5ed50089c09686cf,results/common_grid_v6/analysis/model_ranking.csv,adddfd4687e09710b2867252fc873687f48ef073c555a9c0b604af9dd31e4e32,results/common_grid_v6/analysis/job_metrics.csv,fda26e3a545811d1f9d4b4ed2b9885cff0bab3505f6be8e6eb97491bb3355e1d,model::fbcnet,false,${CACHE_ROOT:?set CACHE_ROOT},${REVIEWER_ROOT:?set REVIEWER_ROOT},${REVIEWER_ROOT:?set REVIEWER_ROOT}/fbcnet__cho2017,${GPU:?set GPU},scripts/reproduce.sh reviewer estimate --scope dataset --model fbcnet --dataset cho2017,"scripts/reproduce.sh reviewer run --scope dataset --model fbcnet --dataset cho2017 --cache-root ""${CACHE_ROOT:?set CACHE_ROOT}"" --run-root ""${REVIEWER_ROOT:?set REVIEWER_ROOT}/fbcnet__cho2017"" --gpu ""${GPU:?set GPU}""","scripts/reproduce.sh reviewer status --run-root ""${REVIEWER_ROOT:?set REVIEWER_ROOT}/fbcnet__cho2017""","scripts/reproduce.sh reviewer compare --run-root ""${REVIEWER_ROOT:?set REVIEWER_ROOT}/fbcnet__cho2017"" --cache-root ""${CACHE_ROOT:?set CACHE_ROOT}"""
dataset::fbcnet::physionet_mi,fbcnet::physionet_mi,fbcnet,19,equal_dataset_macro_balanced_accuracy,descriptive_opened_development_suite_only,19,sealed overall accuracy descending; frozen plan architecture order breaks exact ties,dataset,physionet_mi,dataset,54,3,162,5,810,0.546008230452675,0.5442506500477514,54.60%,54.601%,54.43%,54.425%,mean_seeds_within_subject_then_mean_subjects,0.191356391356,sum of sealed job_total_seconds measured on the formal four-RTX-A5000 workstation; not a wall-clock estimate or cross-hardware promise,public_official_record_odc_by_1_0_subject_to_terms,true,false,"opened-development evidence only; not independent confirmation, a clinical result, or a global SOTA claim",strict score match requires the exact selected Cartesian replay and checks accuracy plus balanced accuracy; it does not imply bit-exact predictions,"rank is sealed-table context, not established by replaying one cell or one model; rank confirmation requires all 43 complete model rows","fixed-protocol replication is not exact execution identity unless source, cache, split, lock, CUDA, driver, and physical GPU identities all match",65b93b7e5d09cfc30fb6ce28156368e66aec1503f4efa37faa3189e25ebbc3b1,548c0bb707ac99debfafbc9082dd322aec7eb799e69f1ad69e25231eeb75873f,ed1070f69367e36109c473c193b4f898de40ad689a8d367ac3d9e7471a82a1cd,results/common_grid_v6/analysis/dataset_summary.csv,0f24934e47c275ffb66b06e78266cb7fc1883f3046da876a5ed50089c09686cf,results/common_grid_v6/analysis/model_ranking.csv,adddfd4687e09710b2867252fc873687f48ef073c555a9c0b604af9dd31e4e32,results/common_grid_v6/analysis/job_metrics.csv,fda26e3a545811d1f9d4b4ed2b9885cff0bab3505f6be8e6eb97491bb3355e1d,model::fbcnet,false,${CACHE_ROOT:?set CACHE_ROOT},${REVIEWER_ROOT:?set REVIEWER_ROOT},${REVIEWER_ROOT:?set REVIEWER_ROOT}/fbcnet__physionet_mi,${GPU:?set GPU},scripts/reproduce.sh reviewer estimate --scope dataset --model fbcnet --dataset physionet_mi,"scripts/reproduce.sh reviewer run --scope dataset --model fbcnet --dataset physionet_mi --cache-root ""${CACHE_ROOT:?set CACHE_ROOT}"" --run-root ""${REVIEWER_ROOT:?set REVIEWER_ROOT}/fbcnet__physionet_mi"" --gpu ""${GPU:?set GPU}""","scripts/reproduce.sh reviewer status --run-root ""${REVIEWER_ROOT:?set REVIEWER_ROOT}/fbcnet__physionet_mi""","scripts/reproduce.sh reviewer compare --run-root ""${REVIEWER_ROOT:?set REVIEWER_ROOT}/fbcnet__physionet_mi"" --cache-root ""${CACHE_ROOT:?set CACHE_ROOT}"""
model::fbcnet,fbcnet::overall,fbcnet,19,equal_dataset_macro_balanced_accuracy,descriptive_opened_development_suite_only,19,sealed overall accuracy descending; frozen plan architecture order breaks exact ties,overall,overall,model,132,by_dataset:1|1|1|5|3,448,5,2240,0.7324030298919186,0.7320515138109341,73.24%,73.240%,73.21%,73.205%,fold_concatenation_then_seed_mean_then_subject_mean_then_equal_dataset_mean,1.864572372120,sum of sealed job_total_seconds measured on the formal four-RTX-A5000 workstation; not a wall-clock estimate or cross-hardware promise,mixed_includes_private_local_exp4_authorization_required,false,false,"opened-development evidence only; not independent confirmation, a clinical result, or a global SOTA claim",strict score match requires the exact selected Cartesian replay and checks accuracy plus balanced accuracy; it does not imply bit-exact predictions,"rank is sealed-table context, not established by replaying one cell or one model; rank confirmation requires all 43 complete model rows","fixed-protocol replication is not exact execution identity unless source, cache, split, lock, CUDA, driver, and physical GPU identities all match",65b93b7e5d09cfc30fb6ce28156368e66aec1503f4efa37faa3189e25ebbc3b1,548c0bb707ac99debfafbc9082dd322aec7eb799e69f1ad69e25231eeb75873f,ed1070f69367e36109c473c193b4f898de40ad689a8d367ac3d9e7471a82a1cd,results/common_grid_v6/analysis/overall_summary.csv,d45dd54801f4ba9074bba808cd7076bd04c9a5267944ec4f7af274de96a11c6f,results/common_grid_v6/analysis/model_ranking.csv,adddfd4687e09710b2867252fc873687f48ef073c555a9c0b604af9dd31e4e32,results/common_grid_v6/analysis/job_metrics.csv,fda26e3a545811d1f9d4b4ed2b9885cff0bab3505f6be8e6eb97491bb3355e1d,model::fbcnet,true,${CACHE_ROOT:?set CACHE_ROOT},${REVIEWER_ROOT:?set REVIEWER_ROOT},${REVIEWER_ROOT:?set REVIEWER_ROOT}/fbcnet__overall,${GPU:?set GPU},scripts/reproduce.sh reviewer estimate --scope model --model fbcnet,"scripts/reproduce.sh reviewer run --scope model --model fbcnet --cache-root ""${CACHE_ROOT:?set CACHE_ROOT}"" --run-root ""${REVIEWER_ROOT:?set REVIEWER_ROOT}/fbcnet__overall"" --gpu ""${GPU:?set GPU}""","scripts/reproduce.sh reviewer status --run-root ""${REVIEWER_ROOT:?set REVIEWER_ROOT}/fbcnet__overall""","scripts/reproduce.sh reviewer compare --run-root ""${REVIEWER_ROOT:?set REVIEWER_ROOT}/fbcnet__overall"" --cache-root ""${CACHE_ROOT:?set CACHE_ROOT}"""
dataset::cardinal_fbc::local_exp4,cardinal_fbc::local_exp4,cardinal_fbc,20,equal_dataset_macro_balanced_accuracy,descriptive_opened_development_suite_only,20,sealed overall accuracy descending; frozen plan architecture order breaks exact ties,dataset,local_exp4,dataset,8,1,8,5,40,0.8983333333333332,0.8983333333333332,89.83%,89.833%,89.83%,89.833%,mean_seeds_within_subject_then_mean_subjects,0.090743479381,sum of sealed job_total_seconds measured on the formal four-RTX-A5000 workstation; not a wall-clock estimate or cross-hardware promise,private_institutional_authorization_required,false,false,"opened-development evidence only; not independent confirmation, a clinical result, or a global SOTA claim",strict score match requires the exact selected Cartesian replay and checks accuracy plus balanced accuracy; it does not imply bit-exact predictions,"rank is sealed-table context, not established by replaying one cell or one model; rank confirmation requires all 43 complete model rows","fixed-protocol replication is not exact execution identity unless source, cache, split, lock, CUDA, driver, and physical GPU identities all match",65b93b7e5d09cfc30fb6ce28156368e66aec1503f4efa37faa3189e25ebbc3b1,548c0bb707ac99debfafbc9082dd322aec7eb799e69f1ad69e25231eeb75873f,ed1070f69367e36109c473c193b4f898de40ad689a8d367ac3d9e7471a82a1cd,results/common_grid_v6/analysis/dataset_summary.csv,0f24934e47c275ffb66b06e78266cb7fc1883f3046da876a5ed50089c09686cf,results/common_grid_v6/analysis/model_ranking.csv,adddfd4687e09710b2867252fc873687f48ef073c555a9c0b604af9dd31e4e32,results/common_grid_v6/analysis/job_metrics.csv,fda26e3a545811d1f9d4b4ed2b9885cff0bab3505f6be8e6eb97491bb3355e1d,model::cardinal_fbc,false,${CACHE_ROOT:?set CACHE_ROOT},${REVIEWER_ROOT:?set REVIEWER_ROOT},${REVIEWER_ROOT:?set REVIEWER_ROOT}/cardinal_fbc__local_exp4,${GPU:?set GPU},scripts/reproduce.sh reviewer estimate --scope dataset --model cardinal_fbc --dataset local_exp4,"scripts/reproduce.sh reviewer run --scope dataset --model cardinal_fbc --dataset local_exp4 --cache-root ""${CACHE_ROOT:?set CACHE_ROOT}"" --run-root ""${REVIEWER_ROOT:?set REVIEWER_ROOT}/cardinal_fbc__local_exp4"" --gpu ""${GPU:?set GPU}""","scripts/reproduce.sh reviewer status --run-root ""${REVIEWER_ROOT:?set REVIEWER_ROOT}/cardinal_fbc__local_exp4""","scripts/reproduce.sh reviewer compare --run-root ""${REVIEWER_ROOT:?set REVIEWER_ROOT}/cardinal_fbc__local_exp4"" --cache-root ""${CACHE_ROOT:?set CACHE_ROOT}"""
dataset::cardinal_fbc::bnci2014_001,cardinal_fbc::bnci2014_001,cardinal_fbc,20,equal_dataset_macro_balanced_accuracy,descriptive_opened_development_suite_only,20,sealed overall accuracy descending; frozen plan architecture order breaks exact ties,dataset,bnci2014_001,dataset,9,1,9,5,45,0.7499228395061728,0.7499228395061728,74.99%,74.992%,74.99%,74.992%,mean_seeds_within_subject_then_mean_subjects,0.214438920312,sum of sealed job_total_seconds measured on the formal four-RTX-A5000 workstation; not a wall-clock estimate or cross-hardware promise,public_official_record_cc_by_nd_4_0_subject_to_terms,true,false,"opened-development evidence only; not independent confirmation, a clinical result, or a global SOTA claim",strict score match requires the exact selected Cartesian replay and checks accuracy plus balanced accuracy; it does not imply bit-exact predictions,"rank is sealed-table context, not established by replaying one cell or one model; rank confirmation requires all 43 complete model rows","fixed-protocol replication is not exact execution identity unless source, cache, split, lock, CUDA, driver, and physical GPU identities all match",65b93b7e5d09cfc30fb6ce28156368e66aec1503f4efa37faa3189e25ebbc3b1,548c0bb707ac99debfafbc9082dd322aec7eb799e69f1ad69e25231eeb75873f,ed1070f69367e36109c473c193b4f898de40ad689a8d367ac3d9e7471a82a1cd,results/common_grid_v6/analysis/dataset_summary.csv,0f24934e47c275ffb66b06e78266cb7fc1883f3046da876a5ed50089c09686cf,results/common_grid_v6/analysis/model_ranking.csv,adddfd4687e09710b2867252fc873687f48ef073c555a9c0b604af9dd31e4e32,results/common_grid_v6/analysis/job_metrics.csv,fda26e3a545811d1f9d4b4ed2b9885cff0bab3505f6be8e6eb97491bb3355e1d,model::cardinal_fbc,false,${CACHE_ROOT:?set CACHE_ROOT},${REVIEWER_ROOT:?set REVIEWER_ROOT},${REVIEWER_ROOT:?set REVIEWER_ROOT}/cardinal_fbc__bnci2014_001,${GPU:?set GPU},scripts/reproduce.sh reviewer estimate --scope dataset --model cardinal_fbc --dataset bnci2014_001,"scripts/reproduce.sh reviewer run --scope dataset --model cardinal_fbc --dataset bnci2014_001 --cache-root ""${CACHE_ROOT:?set CACHE_ROOT}"" --run-root ""${REVIEWER_ROOT:?set REVIEWER_ROOT}/cardinal_fbc__bnci2014_001"" --gpu ""${GPU:?set GPU}""","scripts/reproduce.sh reviewer status --run-root ""${REVIEWER_ROOT:?set REVIEWER_ROOT}/cardinal_fbc__bnci2014_001""","scripts/reproduce.sh reviewer compare --run-root ""${REVIEWER_ROOT:?set REVIEWER_ROOT}/cardinal_fbc__bnci2014_001"" --cache-root ""${CACHE_ROOT:?set CACHE_ROOT}"""
dataset::cardinal_fbc::bnci2014_004,cardinal_fbc::bnci2014_004,cardinal_fbc,20,equal_dataset_macro_balanced_accuracy,descriptive_opened_development_suite_only,20,sealed overall accuracy descending; frozen plan architecture order breaks exact ties,dataset,bnci2014_004,dataset,9,1,9,5,45,0.7718353174603174,0.7718353174603174,77.18%,77.184%,77.18%,77.184%,mean_seeds_within_subject_then_mean_subjects,0.082859899662,sum of sealed job_total_seconds measured on the formal four-RTX-A5000 workstation; not a wall-clock estimate or cross-hardware promise,public_official_record_cc_by_nd_4_0_subject_to_terms,true,false,"opened-development evidence only; not independent confirmation, a clinical result, or a global SOTA claim",strict score match requires the exact selected Cartesian replay and checks accuracy plus balanced accuracy; it does not imply bit-exact predictions,"rank is sealed-table context, not established by replaying one cell or one model; rank confirmation requires all 43 complete model rows","fixed-protocol replication is not exact execution identity unless source, cache, split, lock, CUDA, driver, and physical GPU identities all match",65b93b7e5d09cfc30fb6ce28156368e66aec1503f4efa37faa3189e25ebbc3b1,548c0bb707ac99debfafbc9082dd322aec7eb799e69f1ad69e25231eeb75873f,ed1070f69367e36109c473c193b4f898de40ad689a8d367ac3d9e7471a82a1cd,results/common_grid_v6/analysis/dataset_summary.csv,0f24934e47c275ffb66b06e78266cb7fc1883f3046da876a5ed50089c09686cf,results/common_grid_v6/analysis/model_ranking.csv,adddfd4687e09710b2867252fc873687f48ef073c555a9c0b604af9dd31e4e32,results/common_grid_v6/analysis/job_metrics.csv,fda26e3a545811d1f9d4b4ed2b9885cff0bab3505f6be8e6eb97491bb3355e1d,model::cardinal_fbc,false,${CACHE_ROOT:?set CACHE_ROOT},${REVIEWER_ROOT:?set REVIEWER_ROOT},${REVIEWER_ROOT:?set REVIEWER_ROOT}/cardinal_fbc__bnci2014_004,${GPU:?set GPU},scripts/reproduce.sh reviewer estimate --scope dataset --model cardinal_fbc --dataset bnci2014_004,"scripts/reproduce.sh reviewer run --scope dataset --model cardinal_fbc --dataset bnci2014_004 --cache-root ""${CACHE_ROOT:?set CACHE_ROOT}"" --run-root ""${REVIEWER_ROOT:?set REVIEWER_ROOT}/cardinal_fbc__bnci2014_004"" --gpu ""${GPU:?set GPU}""","scripts/reproduce.sh reviewer status --run-root ""${REVIEWER_ROOT:?set REVIEWER_ROOT}/cardinal_fbc__bnci2014_004""","scripts/reproduce.sh reviewer compare --run-root ""${REVIEWER_ROOT:?set REVIEWER_ROOT}/cardinal_fbc__bnci2014_004"" --cache-root ""${CACHE_ROOT:?set CACHE_ROOT}"""
dataset::cardinal_fbc::cho2017,cardinal_fbc::cho2017,cardinal_fbc,20,equal_dataset_macro_balanced_accuracy,descriptive_opened_development_suite_only,20,sealed overall accuracy descending; frozen plan architecture order breaks exact ties,dataset,cho2017,dataset,52,5,260,5,1300,0.6953653846153844,0.6953653846153844,69.54%,69.537%,69.54%,69.537%,mean_seeds_within_subject_then_mean_subjects,1.741282597916,sum of sealed job_total_seconds measured on the formal four-RTX-A5000 workstation; not a wall-clock estimate or cross-hardware promise,public_record_exact_acquired_byte_terms_unresolved,true,false,"opened-development evidence only; not independent confirmation, a clinical result, or a global SOTA claim",strict score match requires the exact selected Cartesian replay and checks accuracy plus balanced accuracy; it does not imply bit-exact predictions,"rank is sealed-table context, not established by replaying one cell or one model; rank confirmation requires all 43 complete model rows","fixed-protocol replication is not exact execution identity unless source, cache, split, lock, CUDA, driver, and physical GPU identities all match",65b93b7e5d09cfc30fb6ce28156368e66aec1503f4efa37faa3189e25ebbc3b1,548c0bb707ac99debfafbc9082dd322aec7eb799e69f1ad69e25231eeb75873f,ed1070f69367e36109c473c193b4f898de40ad689a8d367ac3d9e7471a82a1cd,results/common_grid_v6/analysis/dataset_summary.csv,0f24934e47c275ffb66b06e78266cb7fc1883f3046da876a5ed50089c09686cf,results/common_grid_v6/analysis/model_ranking.csv,adddfd4687e09710b2867252fc873687f48ef073c555a9c0b604af9dd31e4e32,results/common_grid_v6/analysis/job_metrics.csv,fda26e3a545811d1f9d4b4ed2b9885cff0bab3505f6be8e6eb97491bb3355e1d,model::cardinal_fbc,false,${CACHE_ROOT:?set CACHE_ROOT},${REVIEWER_ROOT:?set REVIEWER_ROOT},${REVIEWER_ROOT:?set REVIEWER_ROOT}/cardinal_fbc__cho2017,${GPU:?set GPU},scripts/reproduce.sh reviewer estimate --scope dataset --model cardinal_fbc --dataset cho2017,"scripts/reproduce.sh reviewer run --scope dataset --model cardinal_fbc --dataset cho2017 --cache-root ""${CACHE_ROOT:?set CACHE_ROOT}"" --run-root ""${REVIEWER_ROOT:?set REVIEWER_ROOT}/cardinal_fbc__cho2017"" --gpu ""${GPU:?set GPU}""","scripts/reproduce.sh reviewer status --run-root ""${REVIEWER_ROOT:?set REVIEWER_ROOT}/cardinal_fbc__cho2017""","scripts/reproduce.sh reviewer compare --run-root ""${REVIEWER_ROOT:?set REVIEWER_ROOT}/cardinal_fbc__cho2017"" --cache-root ""${CACHE_ROOT:?set CACHE_ROOT}"""
dataset::cardinal_fbc::physionet_mi,cardinal_fbc::physionet_mi,cardinal_fbc,20,equal_dataset_macro_balanced_accuracy,descriptive_opened_development_suite_only,20,sealed overall accuracy descending; frozen plan architecture order breaks exact ties,dataset,physionet_mi,dataset,54,3,162,5,810,0.5463374485596708,0.5445913587217935,54.63%,54.634%,54.46%,54.459%,mean_seeds_within_subject_then_mean_subjects,0.232380202461,sum of sealed job_total_seconds measured on the formal four-RTX-A5000 workstation; not a wall-clock estimate or cross-hardware promise,public_official_record_odc_by_1_0_subject_to_terms,true,false,"opened-development evidence only; not independent confirmation, a clinical result, or a global SOTA claim",strict score match requires the exact selected Cartesian replay and checks accuracy plus balanced accuracy; it does not imply bit-exact predictions,"rank is sealed-table context, not established by replaying one cell or one model; rank confirmation requires all 43 complete model rows","fixed-protocol replication is not exact execution identity unless source, cache, split, lock, CUDA, driver, and physical GPU identities all match",65b93b7e5d09cfc30fb6ce28156368e66aec1503f4efa37faa3189e25ebbc3b1,548c0bb707ac99debfafbc9082dd322aec7eb799e69f1ad69e25231eeb75873f,ed1070f69367e36109c473c193b4f898de40ad689a8d367ac3d9e7471a82a1cd,results/common_grid_v6/analysis/dataset_summary.csv,0f24934e47c275ffb66b06e78266cb7fc1883f3046da876a5ed50089c09686cf,results/common_grid_v6/analysis/model_ranking.csv,adddfd4687e09710b2867252fc873687f48ef073c555a9c0b604af9dd31e4e32,results/common_grid_v6/analysis/job_metrics.csv,fda26e3a545811d1f9d4b4ed2b9885cff0bab3505f6be8e6eb97491bb3355e1d,model::cardinal_fbc,false,${CACHE_ROOT:?set CACHE_ROOT},${REVIEWER_ROOT:?set REVIEWER_ROOT},${REVIEWER_ROOT:?set REVIEWER_ROOT}/cardinal_fbc__physionet_mi,${GPU:?set GPU},scripts/reproduce.sh reviewer estimate --scope dataset --model cardinal_fbc --dataset physionet_mi,"scripts/reproduce.sh reviewer run --scope dataset --model cardinal_fbc --dataset physionet_mi --cache-root ""${CACHE_ROOT:?set CACHE_ROOT}"" --run-root ""${REVIEWER_ROOT:?set REVIEWER_ROOT}/cardinal_fbc__physionet_mi"" --gpu ""${GPU:?set GPU}""","scripts/reproduce.sh reviewer status --run-root ""${REVIEWER_ROOT:?set REVIEWER_ROOT}/cardinal_fbc__physionet_mi""","scripts/reproduce.sh reviewer compare --run-root ""${REVIEWER_ROOT:?set REVIEWER_ROOT}/cardinal_fbc__physionet_mi"" --cache-root ""${CACHE_ROOT:?set CACHE_ROOT}"""
model::cardinal_fbc,cardinal_fbc::overall,cardinal_fbc,20,equal_dataset_macro_balanced_accuracy,descriptive_opened_development_suite_only,20,sealed overall accuracy descending; frozen plan architecture order breaks exact ties,overall,overall,model,132,by_dataset:1|1|1|5|3,448,5,2240,0.7323588646949757,0.7320096467274003,73.24%,73.236%,73.20%,73.201%,fold_concatenation_then_seed_mean_then_subject_mean_then_equal_dataset_mean,2.361705099731,sum of sealed job_total_seconds measured on the formal four-RTX-A5000 workstation; not a wall-clock estimate or cross-hardware promise,mixed_includes_private_local_exp4_authorization_required,false,false,"opened-development evidence only; not independent confirmation, a clinical result, or a global SOTA claim",strict score match requires the exact selected Cartesian replay and checks accuracy plus balanced accuracy; it does not imply bit-exact predictions,"rank is sealed-table context, not established by replaying one cell or one model; rank confirmation requires all 43 complete model rows","fixed-protocol replication is not exact execution identity unless source, cache, split, lock, CUDA, driver, and physical GPU identities all match",65b93b7e5d09cfc30fb6ce28156368e66aec1503f4efa37faa3189e25ebbc3b1,548c0bb707ac99debfafbc9082dd322aec7eb799e69f1ad69e25231eeb75873f,ed1070f69367e36109c473c193b4f898de40ad689a8d367ac3d9e7471a82a1cd,results/common_grid_v6/analysis/overall_summary.csv,d45dd54801f4ba9074bba808cd7076bd04c9a5267944ec4f7af274de96a11c6f,results/common_grid_v6/analysis/model_ranking.csv,adddfd4687e09710b2867252fc873687f48ef073c555a9c0b604af9dd31e4e32,results/common_grid_v6/analysis/job_metrics.csv,fda26e3a545811d1f9d4b4ed2b9885cff0bab3505f6be8e6eb97491bb3355e1d,model::cardinal_fbc,true,${CACHE_ROOT:?set CACHE_ROOT},${REVIEWER_ROOT:?set REVIEWER_ROOT},${REVIEWER_ROOT:?set REVIEWER_ROOT}/cardinal_fbc__overall,${GPU:?set GPU},scripts/reproduce.sh reviewer estimate --scope model --model cardinal_fbc,"scripts/reproduce.sh reviewer run --scope model --model cardinal_fbc --cache-root ""${CACHE_ROOT:?set CACHE_ROOT}"" --run-root ""${REVIEWER_ROOT:?set REVIEWER_ROOT}/cardinal_fbc__overall"" --gpu ""${GPU:?set GPU}""","scripts/reproduce.sh reviewer status --run-root ""${REVIEWER_ROOT:?set REVIEWER_ROOT}/cardinal_fbc__overall""","scripts/reproduce.sh reviewer compare --run-root ""${REVIEWER_ROOT:?set REVIEWER_ROOT}/cardinal_fbc__overall"" --cache-root ""${CACHE_ROOT:?set CACHE_ROOT}"""
dataset::cardinal_fbc_corr::local_exp4,cardinal_fbc_corr::local_exp4,cardinal_fbc_corr,21,equal_dataset_macro_balanced_accuracy,descriptive_opened_development_suite_only,21,sealed overall accuracy descending; frozen plan architecture order breaks exact ties,dataset,local_exp4,dataset,8,1,8,5,40,0.8887499999999999,0.8887499999999999,88.87%,88.875%,88.87%,88.875%,mean_seeds_within_subject_then_mean_subjects,0.106890712775,sum of sealed job_total_seconds measured on the formal four-RTX-A5000 workstation; not a wall-clock estimate or cross-hardware promise,private_institutional_authorization_required,false,false,"opened-development evidence only; not independent confirmation, a clinical result, or a global SOTA claim",strict score match requires the exact selected Cartesian replay and checks accuracy plus balanced accuracy; it does not imply bit-exact predictions,"rank is sealed-table context, not established by replaying one cell or one model; rank confirmation requires all 43 complete model rows","fixed-protocol replication is not exact execution identity unless source, cache, split, lock, CUDA, driver, and physical GPU identities all match",65b93b7e5d09cfc30fb6ce28156368e66aec1503f4efa37faa3189e25ebbc3b1,548c0bb707ac99debfafbc9082dd322aec7eb799e69f1ad69e25231eeb75873f,ed1070f69367e36109c473c193b4f898de40ad689a8d367ac3d9e7471a82a1cd,results/common_grid_v6/analysis/dataset_summary.csv,0f24934e47c275ffb66b06e78266cb7fc1883f3046da876a5ed50089c09686cf,results/common_grid_v6/analysis/model_ranking.csv,adddfd4687e09710b2867252fc873687f48ef073c555a9c0b604af9dd31e4e32,results/common_grid_v6/analysis/job_metrics.csv,fda26e3a545811d1f9d4b4ed2b9885cff0bab3505f6be8e6eb97491bb3355e1d,model::cardinal_fbc_corr,false,${CACHE_ROOT:?set CACHE_ROOT},${REVIEWER_ROOT:?set REVIEWER_ROOT},${REVIEWER_ROOT:?set REVIEWER_ROOT}/cardinal_fbc_corr__local_exp4,${GPU:?set GPU},scripts/reproduce.sh reviewer estimate --scope dataset --model cardinal_fbc_corr --dataset local_exp4,"scripts/reproduce.sh reviewer run --scope dataset --model cardinal_fbc_corr --dataset local_exp4 --cache-root ""${CACHE_ROOT:?set CACHE_ROOT}"" --run-root ""${REVIEWER_ROOT:?set REVIEWER_ROOT}/cardinal_fbc_corr__local_exp4"" --gpu ""${GPU:?set GPU}""","scripts/reproduce.sh reviewer status --run-root ""${REVIEWER_ROOT:?set REVIEWER_ROOT}/cardinal_fbc_corr__local_exp4""","scripts/reproduce.sh reviewer compare --run-root ""${REVIEWER_ROOT:?set REVIEWER_ROOT}/cardinal_fbc_corr__local_exp4"" --cache-root ""${CACHE_ROOT:?set CACHE_ROOT}"""
dataset::cardinal_fbc_corr::bnci2014_001,cardinal_fbc_corr::bnci2014_001,cardinal_fbc_corr,21,equal_dataset_macro_balanced_accuracy,descriptive_opened_development_suite_only,21,sealed overall accuracy descending; frozen plan architecture order breaks exact ties,dataset,bnci2014_001,dataset,9,1,9,5,45,0.7489197530864199,0.7489197530864199,74.89%,74.892%,74.89%,74.892%,mean_seeds_within_subject_then_mean_subjects,0.274089177310,sum of sealed job_total_seconds measured on the formal four-RTX-A5000 workstation; not a wall-clock estimate or cross-hardware promise,public_official_record_cc_by_nd_4_0_subject_to_terms,true,false,"opened-development evidence only; not independent confirmation, a clinical result, or a global SOTA claim",strict score match requires the exact selected Cartesian replay and checks accuracy plus balanced accuracy; it does not imply bit-exact predictions,"rank is sealed-table context, not established by replaying one cell or one model; rank confirmation requires all 43 complete model rows","fixed-protocol replication is not exact execution identity unless source, cache, split, lock, CUDA, driver, and physical GPU identities all match",65b93b7e5d09cfc30fb6ce28156368e66aec1503f4efa37faa3189e25ebbc3b1,548c0bb707ac99debfafbc9082dd322aec7eb799e69f1ad69e25231eeb75873f,ed1070f69367e36109c473c193b4f898de40ad689a8d367ac3d9e7471a82a1cd,results/common_grid_v6/analysis/dataset_summary.csv,0f24934e47c275ffb66b06e78266cb7fc1883f3046da876a5ed50089c09686cf,results/common_grid_v6/analysis/model_ranking.csv,adddfd4687e09710b2867252fc873687f48ef073c555a9c0b604af9dd31e4e32,results/common_grid_v6/analysis/job_metrics.csv,fda26e3a545811d1f9d4b4ed2b9885cff0bab3505f6be8e6eb97491bb3355e1d,model::cardinal_fbc_corr,false,${CACHE_ROOT:?set CACHE_ROOT},${REVIEWER_ROOT:?set REVIEWER_ROOT},${REVIEWER_ROOT:?set REVIEWER_ROOT}/cardinal_fbc_corr__bnci2014_001,${GPU:?set GPU},scripts/reproduce.sh reviewer estimate --scope dataset --model cardinal_fbc_corr --dataset bnci2014_001,"scripts/reproduce.sh reviewer run --scope dataset --model cardinal_fbc_corr --dataset bnci2014_001 --cache-root ""${CACHE_ROOT:?set CACHE_ROOT}"" --run-root ""${REVIEWER_ROOT:?set REVIEWER_ROOT}/cardinal_fbc_corr__bnci2014_001"" --gpu ""${GPU:?set GPU}""","scripts/reproduce.sh reviewer status --run-root ""${REVIEWER_ROOT:?set REVIEWER_ROOT}/cardinal_fbc_corr__bnci2014_001""","scripts/reproduce.sh reviewer compare --run-root ""${REVIEWER_ROOT:?set REVIEWER_ROOT}/cardinal_fbc_corr__bnci2014_001"" --cache-root ""${CACHE_ROOT:?set CACHE_ROOT}"""
dataset::cardinal_fbc_corr::bnci2014_004,cardinal_fbc_corr::bnci2014_004,cardinal_fbc_corr,21,equal_dataset_macro_balanced_accuracy,descriptive_opened_development_suite_only,21,sealed overall accuracy descending; frozen plan architecture order breaks exact ties,dataset,bnci2014_004,dataset,9,1,9,5,45,0.7644246031746031,0.7644246031746031,76.44%,76.442%,76.44%,76.442%,mean_seeds_within_subject_then_mean_subjects,0.104465995514,sum of sealed job_total_seconds measured on the formal four-RTX-A5000 workstation; not a wall-clock estimate or cross-hardware promise,public_official_record_cc_by_nd_4_0_subject_to_terms,true,false,"opened-development evidence only; not independent confirmation, a clinical result, or a global SOTA claim",strict score match requires the exact selected Cartesian replay and checks accuracy plus balanced accuracy; it does not imply bit-exact predictions,"rank is sealed-table context, not established by replaying one cell or one model; rank confirmation requires all 43 complete model rows","fixed-protocol replication is not exact execution identity unless source, cache, split, lock, CUDA, driver, and physical GPU identities all match",65b93b7e5d09cfc30fb6ce28156368e66aec1503f4efa37faa3189e25ebbc3b1,548c0bb707ac99debfafbc9082dd322aec7eb799e69f1ad69e25231eeb75873f,ed1070f69367e36109c473c193b4f898de40ad689a8d367ac3d9e7471a82a1cd,results/common_grid_v6/analysis/dataset_summary.csv,0f24934e47c275ffb66b06e78266cb7fc1883f3046da876a5ed50089c09686cf,results/common_grid_v6/analysis/model_ranking.csv,adddfd4687e09710b2867252fc873687f48ef073c555a9c0b604af9dd31e4e32,results/common_grid_v6/analysis/job_metrics.csv,fda26e3a545811d1f9d4b4ed2b9885cff0bab3505f6be8e6eb97491bb3355e1d,model::cardinal_fbc_corr,false,${CACHE_ROOT:?set CACHE_ROOT},${REVIEWER_ROOT:?set REVIEWER_ROOT},${REVIEWER_ROOT:?set REVIEWER_ROOT}/cardinal_fbc_corr__bnci2014_004,${GPU:?set GPU},scripts/reproduce.sh reviewer estimate --scope dataset --model cardinal_fbc_corr --dataset bnci2014_004,"scripts/reproduce.sh reviewer run --scope dataset --model cardinal_fbc_corr --dataset bnci2014_004 --cache-root ""${CACHE_ROOT:?set CACHE_ROOT}"" --run-root ""${REVIEWER_ROOT:?set REVIEWER_ROOT}/cardinal_fbc_corr__bnci2014_004"" --gpu ""${GPU:?set GPU}""","scripts/reproduce.sh reviewer status --run-root ""${REVIEWER_ROOT:?set REVIEWER_ROOT}/cardinal_fbc_corr__bnci2014_004""","scripts/reproduce.sh reviewer compare --run-root ""${REVIEWER_ROOT:?set REVIEWER_ROOT}/cardinal_fbc_corr__bnci2014_004"" --cache-root ""${CACHE_ROOT:?set CACHE_ROOT}"""
dataset::cardinal_fbc_corr::cho2017,cardinal_fbc_corr::cho2017,cardinal_fbc_corr,21,equal_dataset_macro_balanced_accuracy,descriptive_opened_development_suite_only,21,sealed overall accuracy descending; frozen plan architecture order breaks exact ties,dataset,cho2017,dataset,52,5,260,5,1300,0.7015673076923077,0.7015673076923077,70.16%,70.157%,70.16%,70.157%,mean_seeds_within_subject_then_mean_subjects,2.337039989032,sum of sealed job_total_seconds measured on the formal four-RTX-A5000 workstation; not a wall-clock estimate or cross-hardware promise,public_record_exact_acquired_byte_terms_unresolved,true,false,"opened-development evidence only; not independent confirmation, a clinical result, or a global SOTA claim",strict score match requires the exact selected Cartesian replay and checks accuracy plus balanced accuracy; it does not imply bit-exact predictions,"rank is sealed-table context, not established by replaying one cell or one model; rank confirmation requires all 43 complete model rows","fixed-protocol replication is not exact execution identity unless source, cache, split, lock, CUDA, driver, and physical GPU identities all match",65b93b7e5d09cfc30fb6ce28156368e66aec1503f4efa37faa3189e25ebbc3b1,548c0bb707ac99debfafbc9082dd322aec7eb799e69f1ad69e25231eeb75873f,ed1070f69367e36109c473c193b4f898de40ad689a8d367ac3d9e7471a82a1cd,results/common_grid_v6/analysis/dataset_summary.csv,0f24934e47c275ffb66b06e78266cb7fc1883f3046da876a5ed50089c09686cf,results/common_grid_v6/analysis/model_ranking.csv,adddfd4687e09710b2867252fc873687f48ef073c555a9c0b604af9dd31e4e32,results/common_grid_v6/analysis/job_metrics.csv,fda26e3a545811d1f9d4b4ed2b9885cff0bab3505f6be8e6eb97491bb3355e1d,model::cardinal_fbc_corr,false,${CACHE_ROOT:?set CACHE_ROOT},${REVIEWER_ROOT:?set REVIEWER_ROOT},${REVIEWER_ROOT:?set REVIEWER_ROOT}/cardinal_fbc_corr__cho2017,${GPU:?set GPU},scripts/reproduce.sh reviewer estimate --scope dataset --model cardinal_fbc_corr --dataset cho2017,"scripts/reproduce.sh reviewer run --scope dataset --model cardinal_fbc_corr --dataset cho2017 --cache-root ""${CACHE_ROOT:?set CACHE_ROOT}"" --run-root ""${REVIEWER_ROOT:?set REVIEWER_ROOT}/cardinal_fbc_corr__cho2017"" --gpu ""${GPU:?set GPU}""","scripts/reproduce.sh reviewer status --run-root ""${REVIEWER_ROOT:?set REVIEWER_ROOT}/cardinal_fbc_corr__cho2017""","scripts/reproduce.sh reviewer compare --run-root ""${REVIEWER_ROOT:?set REVIEWER_ROOT}/cardinal_fbc_corr__cho2017"" --cache-root ""${CACHE_ROOT:?set CACHE_ROOT}"""
dataset::cardinal_fbc_corr::physionet_mi,cardinal_fbc_corr::physionet_mi,cardinal_fbc_corr,21,equal_dataset_macro_balanced_accuracy,descriptive_opened_development_suite_only,21,sealed overall accuracy descending; frozen plan architecture order breaks exact ties,dataset,physionet_mi,dataset,54,3,162,5,810,0.5546502057613169,0.5527800869286376,55.47%,55.465%,55.28%,55.278%,mean_seeds_within_subject_then_mean_subjects,0.322359051955,sum of sealed job_total_seconds measured on the formal four-RTX-A5000 workstation; not a wall-clock estimate or cross-hardware promise,public_official_record_odc_by_1_0_subject_to_terms,true,false,"opened-development evidence only; not independent confirmation, a clinical result, or a global SOTA claim",strict score match requires the exact selected Cartesian replay and checks accuracy plus balanced accuracy; it does not imply bit-exact predictions,"rank is sealed-table context, not established by replaying one cell or one model; rank confirmation requires all 43 complete model rows","fixed-protocol replication is not exact execution identity unless source, cache, split, lock, CUDA, driver, and physical GPU identities all match",65b93b7e5d09cfc30fb6ce28156368e66aec1503f4efa37faa3189e25ebbc3b1,548c0bb707ac99debfafbc9082dd322aec7eb799e69f1ad69e25231eeb75873f,ed1070f69367e36109c473c193b4f898de40ad689a8d367ac3d9e7471a82a1cd,results/common_grid_v6/analysis/dataset_summary.csv,0f24934e47c275ffb66b06e78266cb7fc1883f3046da876a5ed50089c09686cf,results/common_grid_v6/analysis/model_ranking.csv,adddfd4687e09710b2867252fc873687f48ef073c555a9c0b604af9dd31e4e32,results/common_grid_v6/analysis/job_metrics.csv,fda26e3a545811d1f9d4b4ed2b9885cff0bab3505f6be8e6eb97491bb3355e1d,model::cardinal_fbc_corr,false,${CACHE_ROOT:?set CACHE_ROOT},${REVIEWER_ROOT:?set REVIEWER_ROOT},${REVIEWER_ROOT:?set REVIEWER_ROOT}/cardinal_fbc_corr__physionet_mi,${GPU:?set GPU},scripts/reproduce.sh reviewer estimate --scope dataset --model cardinal_fbc_corr --dataset physionet_mi,"scripts/reproduce.sh reviewer run --scope dataset --model cardinal_fbc_corr --dataset physionet_mi --cache-root ""${CACHE_ROOT:?set CACHE_ROOT}"" --run-root ""${REVIEWER_ROOT:?set REVIEWER_ROOT}/cardinal_fbc_corr__physionet_mi"" --gpu ""${GPU:?set GPU}""","scripts/reproduce.sh reviewer status --run-root ""${REVIEWER_ROOT:?set REVIEWER_ROOT}/cardinal_fbc_corr__physionet_mi""","scripts/reproduce.sh reviewer compare --run-root ""${REVIEWER_ROOT:?set REVIEWER_ROOT}/cardinal_fbc_corr__physionet_mi"" --cache-root ""${CACHE_ROOT:?set CACHE_ROOT}"""
model::cardinal_fbc_corr,cardinal_fbc_corr::overall,cardinal_fbc_corr,21,equal_dataset_macro_balanced_accuracy,descriptive_opened_development_suite_only,21,sealed overall accuracy descending; frozen plan architecture order breaks exact ties,overall,overall,model,132,by_dataset:1|1|1|5|3,448,5,2240,0.7316623739429294,0.7312883501763936,73.17%,73.166%,73.13%,73.129%,fold_concatenation_then_seed_mean_then_subject_mean_then_equal_dataset_mean,3.144844926586,sum of sealed job_total_seconds measured on the formal four-RTX-A5000 workstation; not a wall-clock estimate or cross-hardware promise,mixed_includes_private_local_exp4_authorization_required,false,false,"opened-development evidence only; not independent confirmation, a clinical result, or a global SOTA claim",strict score match requires the exact selected Cartesian replay and checks accuracy plus balanced accuracy; it does not imply bit-exact predictions,"rank is sealed-table context, not established by replaying one cell or one model; rank confirmation requires all 43 complete model rows","fixed-protocol replication is not exact execution identity unless source, cache, split, lock, CUDA, driver, and physical GPU identities all match",65b93b7e5d09cfc30fb6ce28156368e66aec1503f4efa37faa3189e25ebbc3b1,548c0bb707ac99debfafbc9082dd322aec7eb799e69f1ad69e25231eeb75873f,ed1070f69367e36109c473c193b4f898de40ad689a8d367ac3d9e7471a82a1cd,results/common_grid_v6/analysis/overall_summary.csv,d45dd54801f4ba9074bba808cd7076bd04c9a5267944ec4f7af274de96a11c6f,results/common_grid_v6/analysis/model_ranking.csv,adddfd4687e09710b2867252fc873687f48ef073c555a9c0b604af9dd31e4e32,results/common_grid_v6/analysis/job_metrics.csv,fda26e3a545811d1f9d4b4ed2b9885cff0bab3505f6be8e6eb97491bb3355e1d,model::cardinal_fbc_corr,true,${CACHE_ROOT:?set CACHE_ROOT},${REVIEWER_ROOT:?set REVIEWER_ROOT},${REVIEWER_ROOT:?set REVIEWER_ROOT}/cardinal_fbc_corr__overall,${GPU:?set GPU},scripts/reproduce.sh reviewer estimate --scope model --model cardinal_fbc_corr,"scripts/reproduce.sh reviewer run --scope model --model cardinal_fbc_corr --cache-root ""${CACHE_ROOT:?set CACHE_ROOT}"" --run-root ""${REVIEWER_ROOT:?set REVIEWER_ROOT}/cardinal_fbc_corr__overall"" --gpu ""${GPU:?set GPU}""","scripts/reproduce.sh reviewer status --run-root ""${REVIEWER_ROOT:?set REVIEWER_ROOT}/cardinal_fbc_corr__overall""","scripts/reproduce.sh reviewer compare --run-root ""${REVIEWER_ROOT:?set REVIEWER_ROOT}/cardinal_fbc_corr__overall"" --cache-root ""${CACHE_ROOT:?set CACHE_ROOT}"""
dataset::cardinal_fbc_compactdyn_scale010::local_exp4,cardinal_fbc_compactdyn_scale010::local_exp4,cardinal_fbc_compactdyn_scale010,22,equal_dataset_macro_balanced_accuracy,descriptive_opened_development_suite_only,22,sealed overall accuracy descending; frozen plan architecture order breaks exact ties,dataset,local_exp4,dataset,8,1,8,5,40,0.8941666666666667,0.8941666666666667,89.42%,89.417%,89.42%,89.417%,mean_seeds_within_subject_then_mean_subjects,0.116642922497,sum of sealed job_total_seconds measured on the formal four-RTX-A5000 workstation; not a wall-clock estimate or cross-hardware promise,private_institutional_authorization_required,false,false,"opened-development evidence only; not independent confirmation, a clinical result, or a global SOTA claim",strict score match requires the exact selected Cartesian replay and checks accuracy plus balanced accuracy; it does not imply bit-exact predictions,"rank is sealed-table context, not established by replaying one cell or one model; rank confirmation requires all 43 complete model rows","fixed-protocol replication is not exact execution identity unless source, cache, split, lock, CUDA, driver, and physical GPU identities all match",65b93b7e5d09cfc30fb6ce28156368e66aec1503f4efa37faa3189e25ebbc3b1,548c0bb707ac99debfafbc9082dd322aec7eb799e69f1ad69e25231eeb75873f,ed1070f69367e36109c473c193b4f898de40ad689a8d367ac3d9e7471a82a1cd,results/common_grid_v6/analysis/dataset_summary.csv,0f24934e47c275ffb66b06e78266cb7fc1883f3046da876a5ed50089c09686cf,results/common_grid_v6/analysis/model_ranking.csv,adddfd4687e09710b2867252fc873687f48ef073c555a9c0b604af9dd31e4e32,results/common_grid_v6/analysis/job_metrics.csv,fda26e3a545811d1f9d4b4ed2b9885cff0bab3505f6be8e6eb97491bb3355e1d,model::cardinal_fbc_compactdyn_scale010,false,${CACHE_ROOT:?set CACHE_ROOT},${REVIEWER_ROOT:?set REVIEWER_ROOT},${REVIEWER_ROOT:?set REVIEWER_ROOT}/cardinal_fbc_compactdyn_scale010__local_exp4,${GPU:?set GPU},scripts/reproduce.sh reviewer estimate --scope dataset --model cardinal_fbc_compactdyn_scale010 --dataset local_exp4,"scripts/reproduce.sh reviewer run --scope dataset --model cardinal_fbc_compactdyn_scale010 --dataset local_exp4 --cache-root ""${CACHE_ROOT:?set CACHE_ROOT}"" --run-root ""${REVIEWER_ROOT:?set REVIEWER_ROOT}/cardinal_fbc_compactdyn_scale010__local_exp4"" --gpu ""${GPU:?set GPU}""","scripts/reproduce.sh reviewer status --run-root ""${REVIEWER_ROOT:?set REVIEWER_ROOT}/cardinal_fbc_compactdyn_scale010__local_exp4""","scripts/reproduce.sh reviewer compare --run-root ""${REVIEWER_ROOT:?set REVIEWER_ROOT}/cardinal_fbc_compactdyn_scale010__local_exp4"" --cache-root ""${CACHE_ROOT:?set CACHE_ROOT}"""
dataset::cardinal_fbc_compactdyn_scale010::bnci2014_001,cardinal_fbc_compactdyn_scale010::bnci2014_001,cardinal_fbc_compactdyn_scale010,22,equal_dataset_macro_balanced_accuracy,descriptive_opened_development_suite_only,22,sealed overall accuracy descending; frozen plan architecture order breaks exact ties,dataset,bnci2014_001,dataset,9,1,9,5,45,0.7510802469135803,0.7510802469135802,75.11%,75.108%,75.11%,75.108%,mean_seeds_within_subject_then_mean_subjects,0.273722185351,sum of sealed job_total_seconds measured on the formal four-RTX-A5000 workstation; not a wall-clock estimate or cross-hardware promise,public_official_record_cc_by_nd_4_0_subject_to_terms,true,false,"opened-development evidence only; not independent confirmation, a clinical result, or a global SOTA claim",strict score match requires the exact selected Cartesian replay and checks accuracy plus balanced accuracy; it does not imply bit-exact predictions,"rank is sealed-table context, not established by replaying one cell or one model; rank confirmation requires all 43 complete model rows","fixed-protocol replication is not exact execution identity unless source, cache, split, lock, CUDA, driver, and physical GPU identities all match",65b93b7e5d09cfc30fb6ce28156368e66aec1503f4efa37faa3189e25ebbc3b1,548c0bb707ac99debfafbc9082dd322aec7eb799e69f1ad69e25231eeb75873f,ed1070f69367e36109c473c193b4f898de40ad689a8d367ac3d9e7471a82a1cd,results/common_grid_v6/analysis/dataset_summary.csv,0f24934e47c275ffb66b06e78266cb7fc1883f3046da876a5ed50089c09686cf,results/common_grid_v6/analysis/model_ranking.csv,adddfd4687e09710b2867252fc873687f48ef073c555a9c0b604af9dd31e4e32,results/common_grid_v6/analysis/job_metrics.csv,fda26e3a545811d1f9d4b4ed2b9885cff0bab3505f6be8e6eb97491bb3355e1d,model::cardinal_fbc_compactdyn_scale010,false,${CACHE_ROOT:?set CACHE_ROOT},${REVIEWER_ROOT:?set REVIEWER_ROOT},${REVIEWER_ROOT:?set REVIEWER_ROOT}/cardinal_fbc_compactdyn_scale010__bnci2014_001,${GPU:?set GPU},scripts/reproduce.sh reviewer estimate --scope dataset --model cardinal_fbc_compactdyn_scale010 --dataset bnci2014_001,"scripts/reproduce.sh reviewer run --scope dataset --model cardinal_fbc_compactdyn_scale010 --dataset bnci2014_001 --cache-root ""${CACHE_ROOT:?set CACHE_ROOT}"" --run-root ""${REVIEWER_ROOT:?set REVIEWER_ROOT}/cardinal_fbc_compactdyn_scale010__bnci2014_001"" --gpu ""${GPU:?set GPU}""","scripts/reproduce.sh reviewer status --run-root ""${REVIEWER_ROOT:?set REVIEWER_ROOT}/cardinal_fbc_compactdyn_scale010__bnci2014_001""","scripts/reproduce.sh reviewer compare --run-root ""${REVIEWER_ROOT:?set REVIEWER_ROOT}/cardinal_fbc_compactdyn_scale010__bnci2014_001"" --cache-root ""${CACHE_ROOT:?set CACHE_ROOT}"""
dataset::cardinal_fbc_compactdyn_scale010::bnci2014_004,cardinal_fbc_compactdyn_scale010::bnci2014_004,cardinal_fbc_compactdyn_scale010,22,equal_dataset_macro_balanced_accuracy,descriptive_opened_development_suite_only,22,sealed overall accuracy descending; frozen plan architecture order breaks exact ties,dataset,bnci2014_004,dataset,9,1,9,5,45,0.7672222222222222,0.7672222222222222,76.72%,76.722%,76.72%,76.722%,mean_seeds_within_subject_then_mean_subjects,0.107645442007,sum of sealed job_total_seconds measured on the formal four-RTX-A5000 workstation; not a wall-clock estimate or cross-hardware promise,public_official_record_cc_by_nd_4_0_subject_to_terms,true,false,"opened-development evidence only; not independent confirmation, a clinical result, or a global SOTA claim",strict score match requires the exact selected Cartesian replay and checks accuracy plus balanced accuracy; it does not imply bit-exact predictions,"rank is sealed-table context, not established by replaying one cell or one model; rank confirmation requires all 43 complete model rows","fixed-protocol replication is not exact execution identity unless source, cache, split, lock, CUDA, driver, and physical GPU identities all match",65b93b7e5d09cfc30fb6ce28156368e66aec1503f4efa37faa3189e25ebbc3b1,548c0bb707ac99debfafbc9082dd322aec7eb799e69f1ad69e25231eeb75873f,ed1070f69367e36109c473c193b4f898de40ad689a8d367ac3d9e7471a82a1cd,results/common_grid_v6/analysis/dataset_summary.csv,0f24934e47c275ffb66b06e78266cb7fc1883f3046da876a5ed50089c09686cf,results/common_grid_v6/analysis/model_ranking.csv,adddfd4687e09710b2867252fc873687f48ef073c555a9c0b604af9dd31e4e32,results/common_grid_v6/analysis/job_metrics.csv,fda26e3a545811d1f9d4b4ed2b9885cff0bab3505f6be8e6eb97491bb3355e1d,model::cardinal_fbc_compactdyn_scale010,false,${CACHE_ROOT:?set CACHE_ROOT},${REVIEWER_ROOT:?set REVIEWER_ROOT},${REVIEWER_ROOT:?set REVIEWER_ROOT}/cardinal_fbc_compactdyn_scale010__bnci2014_004,${GPU:?set GPU},scripts/reproduce.sh reviewer estimate --scope dataset --model cardinal_fbc_compactdyn_scale010 --dataset bnci2014_004,"scripts/reproduce.sh reviewer run --scope dataset --model cardinal_fbc_compactdyn_scale010 --dataset bnci2014_004 --cache-root ""${CACHE_ROOT:?set CACHE_ROOT}"" --run-root ""${REVIEWER_ROOT:?set REVIEWER_ROOT}/cardinal_fbc_compactdyn_scale010__bnci2014_004"" --gpu ""${GPU:?set GPU}""","scripts/reproduce.sh reviewer status --run-root ""${REVIEWER_ROOT:?set REVIEWER_ROOT}/cardinal_fbc_compactdyn_scale010__bnci2014_004""","scripts/reproduce.sh reviewer compare --run-root ""${REVIEWER_ROOT:?set REVIEWER_ROOT}/cardinal_fbc_compactdyn_scale010__bnci2014_004"" --cache-root ""${CACHE_ROOT:?set CACHE_ROOT}"""
dataset::cardinal_fbc_compactdyn_scale010::cho2017,cardinal_fbc_compactdyn_scale010::cho2017,cardinal_fbc_compactdyn_scale010,22,equal_dataset_macro_balanced_accuracy,descriptive_opened_development_suite_only,22,sealed overall accuracy descending; frozen plan architecture order breaks exact ties,dataset,cho2017,dataset,52,5,260,5,1300,0.6995224358974359,0.6995224358974357,69.95%,69.952%,69.95%,69.952%,mean_seeds_within_subject_then_mean_subjects,2.374795513250,sum of sealed job_total_seconds measured on the formal four-RTX-A5000 workstation; not a wall-clock estimate or cross-hardware promise,public_record_exact_acquired_byte_terms_unresolved,true,false,"opened-development evidence only; not independent confirmation, a clinical result, or a global SOTA claim",strict score match requires the exact selected Cartesian replay and checks accuracy plus balanced accuracy; it does not imply bit-exact predictions,"rank is sealed-table context, not established by replaying one cell or one model; rank confirmation requires all 43 complete model rows","fixed-protocol replication is not exact execution identity unless source, cache, split, lock, CUDA, driver, and physical GPU identities all match",65b93b7e5d09cfc30fb6ce28156368e66aec1503f4efa37faa3189e25ebbc3b1,548c0bb707ac99debfafbc9082dd322aec7eb799e69f1ad69e25231eeb75873f,ed1070f69367e36109c473c193b4f898de40ad689a8d367ac3d9e7471a82a1cd,results/common_grid_v6/analysis/dataset_summary.csv,0f24934e47c275ffb66b06e78266cb7fc1883f3046da876a5ed50089c09686cf,results/common_grid_v6/analysis/model_ranking.csv,adddfd4687e09710b2867252fc873687f48ef073c555a9c0b604af9dd31e4e32,results/common_grid_v6/analysis/job_metrics.csv,fda26e3a545811d1f9d4b4ed2b9885cff0bab3505f6be8e6eb97491bb3355e1d,model::cardinal_fbc_compactdyn_scale010,false,${CACHE_ROOT:?set CACHE_ROOT},${REVIEWER_ROOT:?set REVIEWER_ROOT},${REVIEWER_ROOT:?set REVIEWER_ROOT}/cardinal_fbc_compactdyn_scale010__cho2017,${GPU:?set GPU},scripts/reproduce.sh reviewer estimate --scope dataset --model cardinal_fbc_compactdyn_scale010 --dataset cho2017,"scripts/reproduce.sh reviewer run --scope dataset --model cardinal_fbc_compactdyn_scale010 --dataset cho2017 --cache-root ""${CACHE_ROOT:?set CACHE_ROOT}"" --run-root ""${REVIEWER_ROOT:?set REVIEWER_ROOT}/cardinal_fbc_compactdyn_scale010__cho2017"" --gpu ""${GPU:?set GPU}""","scripts/reproduce.sh reviewer status --run-root ""${REVIEWER_ROOT:?set REVIEWER_ROOT}/cardinal_fbc_compactdyn_scale010__cho2017""","scripts/reproduce.sh reviewer compare --run-root ""${REVIEWER_ROOT:?set REVIEWER_ROOT}/cardinal_fbc_compactdyn_scale010__cho2017"" --cache-root ""${CACHE_ROOT:?set CACHE_ROOT}"""
dataset::cardinal_fbc_compactdyn_scale010::physionet_mi,cardinal_fbc_compactdyn_scale010::physionet_mi,cardinal_fbc_compactdyn_scale010,22,equal_dataset_macro_balanced_accuracy,descriptive_opened_development_suite_only,22,sealed overall accuracy descending; frozen plan architecture order breaks exact ties,dataset,physionet_mi,dataset,54,3,162,5,810,0.545514403292181,0.5437461659381949,54.55%,54.551%,54.37%,54.375%,mean_seeds_within_subject_then_mean_subjects,0.330092243734,sum of sealed job_total_seconds measured on the formal four-RTX-A5000 workstation; not a wall-clock estimate or cross-hardware promise,public_official_record_odc_by_1_0_subject_to_terms,true,false,"opened-development evidence only; not independent confirmation, a clinical result, or a global SOTA claim",strict score match requires the exact selected Cartesian replay and checks accuracy plus balanced accuracy; it does not imply bit-exact predictions,"rank is sealed-table context, not established by replaying one cell or one model; rank confirmation requires all 43 complete model rows","fixed-protocol replication is not exact execution identity unless source, cache, split, lock, CUDA, driver, and physical GPU identities all match",65b93b7e5d09cfc30fb6ce28156368e66aec1503f4efa37faa3189e25ebbc3b1,548c0bb707ac99debfafbc9082dd322aec7eb799e69f1ad69e25231eeb75873f,ed1070f69367e36109c473c193b4f898de40ad689a8d367ac3d9e7471a82a1cd,results/common_grid_v6/analysis/dataset_summary.csv,0f24934e47c275ffb66b06e78266cb7fc1883f3046da876a5ed50089c09686cf,results/common_grid_v6/analysis/model_ranking.csv,adddfd4687e09710b2867252fc873687f48ef073c555a9c0b604af9dd31e4e32,results/common_grid_v6/analysis/job_metrics.csv,fda26e3a545811d1f9d4b4ed2b9885cff0bab3505f6be8e6eb97491bb3355e1d,model::cardinal_fbc_compactdyn_scale010,false,${CACHE_ROOT:?set CACHE_ROOT},${REVIEWER_ROOT:?set REVIEWER_ROOT},${REVIEWER_ROOT:?set REVIEWER_ROOT}/cardinal_fbc_compactdyn_scale010__physionet_mi,${GPU:?set GPU},scripts/reproduce.sh reviewer estimate --scope dataset --model cardinal_fbc_compactdyn_scale010 --dataset physionet_mi,"scripts/reproduce.sh reviewer run --scope dataset --model cardinal_fbc_compactdyn_scale010 --dataset physionet_mi --cache-root ""${CACHE_ROOT:?set CACHE_ROOT}"" --run-root ""${REVIEWER_ROOT:?set REVIEWER_ROOT}/cardinal_fbc_compactdyn_scale010__physionet_mi"" --gpu ""${GPU:?set GPU}""","scripts/reproduce.sh reviewer status --run-root ""${REVIEWER_ROOT:?set REVIEWER_ROOT}/cardinal_fbc_compactdyn_scale010__physionet_mi""","scripts/reproduce.sh reviewer compare --run-root ""${REVIEWER_ROOT:?set REVIEWER_ROOT}/cardinal_fbc_compactdyn_scale010__physionet_mi"" --cache-root ""${CACHE_ROOT:?set CACHE_ROOT}"""
model::cardinal_fbc_compactdyn_scale010,cardinal_fbc_compactdyn_scale010::overall,cardinal_fbc_compactdyn_scale010,22,equal_dataset_macro_balanced_accuracy,descriptive_opened_development_suite_only,22,sealed overall accuracy descending; frozen plan architecture order breaks exact ties,overall,overall,model,132,by_dataset:1|1|1|5|3,448,5,2240,0.7315011949984174,0.7311475475276199,73.15%,73.150%,73.11%,73.115%,fold_concatenation_then_seed_mean_then_subject_mean_then_equal_dataset_mean,3.202898306839,sum of sealed job_total_seconds measured on the formal four-RTX-A5000 workstation; not a wall-clock estimate or cross-hardware promise,mixed_includes_private_local_exp4_authorization_required,false,false,"opened-development evidence only; not independent confirmation, a clinical result, or a global SOTA claim",strict score match requires the exact selected Cartesian replay and checks accuracy plus balanced accuracy; it does not imply bit-exact predictions,"rank is sealed-table context, not established by replaying one cell or one model; rank confirmation requires all 43 complete model rows","fixed-protocol replication is not exact execution identity unless source, cache, split, lock, CUDA, driver, and physical GPU identities all match",65b93b7e5d09cfc30fb6ce28156368e66aec1503f4efa37faa3189e25ebbc3b1,548c0bb707ac99debfafbc9082dd322aec7eb799e69f1ad69e25231eeb75873f,ed1070f69367e36109c473c193b4f898de40ad689a8d367ac3d9e7471a82a1cd,results/common_grid_v6/analysis/overall_summary.csv,d45dd54801f4ba9074bba808cd7076bd04c9a5267944ec4f7af274de96a11c6f,results/common_grid_v6/analysis/model_ranking.csv,adddfd4687e09710b2867252fc873687f48ef073c555a9c0b604af9dd31e4e32,results/common_grid_v6/analysis/job_metrics.csv,fda26e3a545811d1f9d4b4ed2b9885cff0bab3505f6be8e6eb97491bb3355e1d,model::cardinal_fbc_compactdyn_scale010,true,${CACHE_ROOT:?set CACHE_ROOT},${REVIEWER_ROOT:?set REVIEWER_ROOT},${REVIEWER_ROOT:?set REVIEWER_ROOT}/cardinal_fbc_compactdyn_scale010__overall,${GPU:?set GPU},scripts/reproduce.sh reviewer estimate --scope model --model cardinal_fbc_compactdyn_scale010,"scripts/reproduce.sh reviewer run --scope model --model cardinal_fbc_compactdyn_scale010 --cache-root ""${CACHE_ROOT:?set CACHE_ROOT}"" --run-root ""${REVIEWER_ROOT:?set REVIEWER_ROOT}/cardinal_fbc_compactdyn_scale010__overall"" --gpu ""${GPU:?set GPU}""","scripts/reproduce.sh reviewer status --run-root ""${REVIEWER_ROOT:?set REVIEWER_ROOT}/cardinal_fbc_compactdyn_scale010__overall""","scripts/reproduce.sh reviewer compare --run-root ""${REVIEWER_ROOT:?set REVIEWER_ROOT}/cardinal_fbc_compactdyn_scale010__overall"" --cache-root ""${CACHE_ROOT:?set CACHE_ROOT}"""
dataset::cardinal_fbms::local_exp4,cardinal_fbms::local_exp4,cardinal_fbms,23,equal_dataset_macro_balanced_accuracy,descriptive_opened_development_suite_only,23,sealed overall accuracy descending; frozen plan architecture order breaks exact ties,dataset,local_exp4,dataset,8,1,8,5,40,0.8920833333333333,0.8920833333333333,89.21%,89.208%,89.21%,89.208%,mean_seeds_within_subject_then_mean_subjects,0.090290540639,sum of sealed job_total_seconds measured on the formal four-RTX-A5000 workstation; not a wall-clock estimate or cross-hardware promise,private_institutional_authorization_required,false,false,"opened-development evidence only; not independent confirmation, a clinical result, or a global SOTA claim",strict score match requires the exact selected Cartesian replay and checks accuracy plus balanced accuracy; it does not imply bit-exact predictions,"rank is sealed-table context, not established by replaying one cell or one model; rank confirmation requires all 43 complete model rows","fixed-protocol replication is not exact execution identity unless source, cache, split, lock, CUDA, driver, and physical GPU identities all match",65b93b7e5d09cfc30fb6ce28156368e66aec1503f4efa37faa3189e25ebbc3b1,548c0bb707ac99debfafbc9082dd322aec7eb799e69f1ad69e25231eeb75873f,ed1070f69367e36109c473c193b4f898de40ad689a8d367ac3d9e7471a82a1cd,results/common_grid_v6/analysis/dataset_summary.csv,0f24934e47c275ffb66b06e78266cb7fc1883f3046da876a5ed50089c09686cf,results/common_grid_v6/analysis/model_ranking.csv,adddfd4687e09710b2867252fc873687f48ef073c555a9c0b604af9dd31e4e32,results/common_grid_v6/analysis/job_metrics.csv,fda26e3a545811d1f9d4b4ed2b9885cff0bab3505f6be8e6eb97491bb3355e1d,model::cardinal_fbms,false,${CACHE_ROOT:?set CACHE_ROOT},${REVIEWER_ROOT:?set REVIEWER_ROOT},${REVIEWER_ROOT:?set REVIEWER_ROOT}/cardinal_fbms__local_exp4,${GPU:?set GPU},scripts/reproduce.sh reviewer estimate --scope dataset --model cardinal_fbms --dataset local_exp4,"scripts/reproduce.sh reviewer run --scope dataset --model cardinal_fbms --dataset local_exp4 --cache-root ""${CACHE_ROOT:?set CACHE_ROOT}"" --run-root ""${REVIEWER_ROOT:?set REVIEWER_ROOT}/cardinal_fbms__local_exp4"" --gpu ""${GPU:?set GPU}""","scripts/reproduce.sh reviewer status --run-root ""${REVIEWER_ROOT:?set REVIEWER_ROOT}/cardinal_fbms__local_exp4""","scripts/reproduce.sh reviewer compare --run-root ""${REVIEWER_ROOT:?set REVIEWER_ROOT}/cardinal_fbms__local_exp4"" --cache-root ""${CACHE_ROOT:?set CACHE_ROOT}"""
dataset::cardinal_fbms::bnci2014_001,cardinal_fbms::bnci2014_001,cardinal_fbms,23,equal_dataset_macro_balanced_accuracy,descriptive_opened_development_suite_only,23,sealed overall accuracy descending; frozen plan architecture order breaks exact ties,dataset,bnci2014_001,dataset,9,1,9,5,45,0.7441358024691359,0.7441358024691359,74.41%,74.414%,74.41%,74.414%,mean_seeds_within_subject_then_mean_subjects,0.212620453647,sum of sealed job_total_seconds measured on the formal four-RTX-A5000 workstation; not a wall-clock estimate or cross-hardware promise,public_official_record_cc_by_nd_4_0_subject_to_terms,true,false,"opened-development evidence only; not independent confirmation, a clinical result, or a global SOTA claim",strict score match requires the exact selected Cartesian replay and checks accuracy plus balanced accuracy; it does not imply bit-exact predictions,"rank is sealed-table context, not established by replaying one cell or one model; rank confirmation requires all 43 complete model rows","fixed-protocol replication is not exact execution identity unless source, cache, split, lock, CUDA, driver, and physical GPU identities all match",65b93b7e5d09cfc30fb6ce28156368e66aec1503f4efa37faa3189e25ebbc3b1,548c0bb707ac99debfafbc9082dd322aec7eb799e69f1ad69e25231eeb75873f,ed1070f69367e36109c473c193b4f898de40ad689a8d367ac3d9e7471a82a1cd,results/common_grid_v6/analysis/dataset_summary.csv,0f24934e47c275ffb66b06e78266cb7fc1883f3046da876a5ed50089c09686cf,results/common_grid_v6/analysis/model_ranking.csv,adddfd4687e09710b2867252fc873687f48ef073c555a9c0b604af9dd31e4e32,results/common_grid_v6/analysis/job_metrics.csv,fda26e3a545811d1f9d4b4ed2b9885cff0bab3505f6be8e6eb97491bb3355e1d,model::cardinal_fbms,false,${CACHE_ROOT:?set CACHE_ROOT},${REVIEWER_ROOT:?set REVIEWER_ROOT},${REVIEWER_ROOT:?set REVIEWER_ROOT}/cardinal_fbms__bnci2014_001,${GPU:?set GPU},scripts/reproduce.sh reviewer estimate --scope dataset --model cardinal_fbms --dataset bnci2014_001,"scripts/reproduce.sh reviewer run --scope dataset --model cardinal_fbms --dataset bnci2014_001 --cache-root ""${CACHE_ROOT:?set CACHE_ROOT}"" --run-root ""${REVIEWER_ROOT:?set REVIEWER_ROOT}/cardinal_fbms__bnci2014_001"" --gpu ""${GPU:?set GPU}""","scripts/reproduce.sh reviewer status --run-root ""${REVIEWER_ROOT:?set REVIEWER_ROOT}/cardinal_fbms__bnci2014_001""","scripts/reproduce.sh reviewer compare --run-root ""${REVIEWER_ROOT:?set REVIEWER_ROOT}/cardinal_fbms__bnci2014_001"" --cache-root ""${CACHE_ROOT:?set CACHE_ROOT}"""
dataset::cardinal_fbms::bnci2014_004,cardinal_fbms::bnci2014_004,cardinal_fbms,23,equal_dataset_macro_balanced_accuracy,descriptive_opened_development_suite_only,23,sealed overall accuracy descending; frozen plan architecture order breaks exact ties,dataset,bnci2014_004,dataset,9,1,9,5,45,0.7732738095238096,0.7732738095238095,77.33%,77.327%,77.33%,77.327%,mean_seeds_within_subject_then_mean_subjects,0.091211892137,sum of sealed job_total_seconds measured on the formal four-RTX-A5000 workstation; not a wall-clock estimate or cross-hardware promise,public_official_record_cc_by_nd_4_0_subject_to_terms,true,false,"opened-development evidence only; not independent confirmation, a clinical result, or a global SOTA claim",strict score match requires the exact selected Cartesian replay and checks accuracy plus balanced accuracy; it does not imply bit-exact predictions,"rank is sealed-table context, not established by replaying one cell or one model; rank confirmation requires all 43 complete model rows","fixed-protocol replication is not exact execution identity unless source, cache, split, lock, CUDA, driver, and physical GPU identities all match",65b93b7e5d09cfc30fb6ce28156368e66aec1503f4efa37faa3189e25ebbc3b1,548c0bb707ac99debfafbc9082dd322aec7eb799e69f1ad69e25231eeb75873f,ed1070f69367e36109c473c193b4f898de40ad689a8d367ac3d9e7471a82a1cd,results/common_grid_v6/analysis/dataset_summary.csv,0f24934e47c275ffb66b06e78266cb7fc1883f3046da876a5ed50089c09686cf,results/common_grid_v6/analysis/model_ranking.csv,adddfd4687e09710b2867252fc873687f48ef073c555a9c0b604af9dd31e4e32,results/common_grid_v6/analysis/job_metrics.csv,fda26e3a545811d1f9d4b4ed2b9885cff0bab3505f6be8e6eb97491bb3355e1d,model::cardinal_fbms,false,${CACHE_ROOT:?set CACHE_ROOT},${REVIEWER_ROOT:?set REVIEWER_ROOT},${REVIEWER_ROOT:?set REVIEWER_ROOT}/cardinal_fbms__bnci2014_004,${GPU:?set GPU},scripts/reproduce.sh reviewer estimate --scope dataset --model cardinal_fbms --dataset bnci2014_004,"scripts/reproduce.sh reviewer run --scope dataset --model cardinal_fbms --dataset bnci2014_004 --cache-root ""${CACHE_ROOT:?set CACHE_ROOT}"" --run-root ""${REVIEWER_ROOT:?set REVIEWER_ROOT}/cardinal_fbms__bnci2014_004"" --gpu ""${GPU:?set GPU}""","scripts/reproduce.sh reviewer status --run-root ""${REVIEWER_ROOT:?set REVIEWER_ROOT}/cardinal_fbms__bnci2014_004""","scripts/reproduce.sh reviewer compare --run-root ""${REVIEWER_ROOT:?set REVIEWER_ROOT}/cardinal_fbms__bnci2014_004"" --cache-root ""${CACHE_ROOT:?set CACHE_ROOT}"""
dataset::cardinal_fbms::cho2017,cardinal_fbms::cho2017,cardinal_fbms,23,equal_dataset_macro_balanced_accuracy,descriptive_opened_development_suite_only,23,sealed overall accuracy descending; frozen plan architecture order breaks exact ties,dataset,cho2017,dataset,52,5,260,5,1300,0.6894134615384618,0.6894134615384618,68.94%,68.941%,68.94%,68.941%,mean_seeds_within_subject_then_mean_subjects,2.019292530792,sum of sealed job_total_seconds measured on the formal four-RTX-A5000 workstation; not a wall-clock estimate or cross-hardware promise,public_record_exact_acquired_byte_terms_unresolved,true,false,"opened-development evidence only; not independent confirmation, a clinical result, or a global SOTA claim",strict score match requires the exact selected Cartesian replay and checks accuracy plus balanced accuracy; it does not imply bit-exact predictions,"rank is sealed-table context, not established by replaying one cell or one model; rank confirmation requires all 43 complete model rows","fixed-protocol replication is not exact execution identity unless source, cache, split, lock, CUDA, driver, and physical GPU identities all match",65b93b7e5d09cfc30fb6ce28156368e66aec1503f4efa37faa3189e25ebbc3b1,548c0bb707ac99debfafbc9082dd322aec7eb799e69f1ad69e25231eeb75873f,ed1070f69367e36109c473c193b4f898de40ad689a8d367ac3d9e7471a82a1cd,results/common_grid_v6/analysis/dataset_summary.csv,0f24934e47c275ffb66b06e78266cb7fc1883f3046da876a5ed50089c09686cf,results/common_grid_v6/analysis/model_ranking.csv,adddfd4687e09710b2867252fc873687f48ef073c555a9c0b604af9dd31e4e32,results/common_grid_v6/analysis/job_metrics.csv,fda26e3a545811d1f9d4b4ed2b9885cff0bab3505f6be8e6eb97491bb3355e1d,model::cardinal_fbms,false,${CACHE_ROOT:?set CACHE_ROOT},${REVIEWER_ROOT:?set REVIEWER_ROOT},${REVIEWER_ROOT:?set REVIEWER_ROOT}/cardinal_fbms__cho2017,${GPU:?set GPU},scripts/reproduce.sh reviewer estimate --scope dataset --model cardinal_fbms --dataset cho2017,"scripts/reproduce.sh reviewer run --scope dataset --model cardinal_fbms --dataset cho2017 --cache-root ""${CACHE_ROOT:?set CACHE_ROOT}"" --run-root ""${REVIEWER_ROOT:?set REVIEWER_ROOT}/cardinal_fbms__cho2017"" --gpu ""${GPU:?set GPU}""","scripts/reproduce.sh reviewer status --run-root ""${REVIEWER_ROOT:?set REVIEWER_ROOT}/cardinal_fbms__cho2017""","scripts/reproduce.sh reviewer compare --run-root ""${REVIEWER_ROOT:?set REVIEWER_ROOT}/cardinal_fbms__cho2017"" --cache-root ""${CACHE_ROOT:?set CACHE_ROOT}"""
dataset::cardinal_fbms::physionet_mi,cardinal_fbms::physionet_mi,cardinal_fbms,23,equal_dataset_macro_balanced_accuracy,descriptive_opened_development_suite_only,23,sealed overall accuracy descending; frozen plan architecture order breaks exact ties,dataset,physionet_mi,dataset,54,3,162,5,810,0.5529218106995883,0.5498761336623655,55.29%,55.292%,54.99%,54.988%,mean_seeds_within_subject_then_mean_subjects,0.283278726276,sum of sealed job_total_seconds measured on the formal four-RTX-A5000 workstation; not a wall-clock estimate or cross-hardware promise,public_official_record_odc_by_1_0_subject_to_terms,true,false,"opened-development evidence only; not independent confirmation, a clinical result, or a global SOTA claim",strict score match requires the exact selected Cartesian replay and checks accuracy plus balanced accuracy; it does not imply bit-exact predictions,"rank is sealed-table context, not established by replaying one cell or one model; rank confirmation requires all 43 complete model rows","fixed-protocol replication is not exact execution identity unless source, cache, split, lock, CUDA, driver, and physical GPU identities all match",65b93b7e5d09cfc30fb6ce28156368e66aec1503f4efa37faa3189e25ebbc3b1,548c0bb707ac99debfafbc9082dd322aec7eb799e69f1ad69e25231eeb75873f,ed1070f69367e36109c473c193b4f898de40ad689a8d367ac3d9e7471a82a1cd,results/common_grid_v6/analysis/dataset_summary.csv,0f24934e47c275ffb66b06e78266cb7fc1883f3046da876a5ed50089c09686cf,results/common_grid_v6/analysis/model_ranking.csv,adddfd4687e09710b2867252fc873687f48ef073c555a9c0b604af9dd31e4e32,results/common_grid_v6/analysis/job_metrics.csv,fda26e3a545811d1f9d4b4ed2b9885cff0bab3505f6be8e6eb97491bb3355e1d,model::cardinal_fbms,false,${CACHE_ROOT:?set CACHE_ROOT},${REVIEWER_ROOT:?set REVIEWER_ROOT},${REVIEWER_ROOT:?set REVIEWER_ROOT}/cardinal_fbms__physionet_mi,${GPU:?set GPU},scripts/reproduce.sh reviewer estimate --scope dataset --model cardinal_fbms --dataset physionet_mi,"scripts/reproduce.sh reviewer run --scope dataset --model cardinal_fbms --dataset physionet_mi --cache-root ""${CACHE_ROOT:?set CACHE_ROOT}"" --run-root ""${REVIEWER_ROOT:?set REVIEWER_ROOT}/cardinal_fbms__physionet_mi"" --gpu ""${GPU:?set GPU}""","scripts/reproduce.sh reviewer status --run-root ""${REVIEWER_ROOT:?set REVIEWER_ROOT}/cardinal_fbms__physionet_mi""","scripts/reproduce.sh reviewer compare --run-root ""${REVIEWER_ROOT:?set REVIEWER_ROOT}/cardinal_fbms__physionet_mi"" --cache-root ""${CACHE_ROOT:?set CACHE_ROOT}"""
model::cardinal_fbms,cardinal_fbms::overall,cardinal_fbms,23,equal_dataset_macro_balanced_accuracy,descriptive_opened_development_suite_only,23,sealed overall accuracy descending; frozen plan architecture order breaks exact ties,overall,overall,model,132,by_dataset:1|1|1|5|3,448,5,2240,0.7303656435128658,0.7297565081054211,73.04%,73.037%,72.98%,72.976%,fold_concatenation_then_seed_mean_then_subject_mean_then_equal_dataset_mean,2.696694143491,sum of sealed job_total_seconds measured on the formal four-RTX-A5000 workstation; not a wall-clock estimate or cross-hardware promise,mixed_includes_private_local_exp4_authorization_required,false,false,"opened-development evidence only; not independent confirmation, a clinical result, or a global SOTA claim",strict score match requires the exact selected Cartesian replay and checks accuracy plus balanced accuracy; it does not imply bit-exact predictions,"rank is sealed-table context, not established by replaying one cell or one model; rank confirmation requires all 43 complete model rows","fixed-protocol replication is not exact execution identity unless source, cache, split, lock, CUDA, driver, and physical GPU identities all match",65b93b7e5d09cfc30fb6ce28156368e66aec1503f4efa37faa3189e25ebbc3b1,548c0bb707ac99debfafbc9082dd322aec7eb799e69f1ad69e25231eeb75873f,ed1070f69367e36109c473c193b4f898de40ad689a8d367ac3d9e7471a82a1cd,results/common_grid_v6/analysis/overall_summary.csv,d45dd54801f4ba9074bba808cd7076bd04c9a5267944ec4f7af274de96a11c6f,results/common_grid_v6/analysis/model_ranking.csv,adddfd4687e09710b2867252fc873687f48ef073c555a9c0b604af9dd31e4e32,results/common_grid_v6/analysis/job_metrics.csv,fda26e3a545811d1f9d4b4ed2b9885cff0bab3505f6be8e6eb97491bb3355e1d,model::cardinal_fbms,true,${CACHE_ROOT:?set CACHE_ROOT},${REVIEWER_ROOT:?set REVIEWER_ROOT},${REVIEWER_ROOT:?set REVIEWER_ROOT}/cardinal_fbms__overall,${GPU:?set GPU},scripts/reproduce.sh reviewer estimate --scope model --model cardinal_fbms,"scripts/reproduce.sh reviewer run --scope model --model cardinal_fbms --cache-root ""${CACHE_ROOT:?set CACHE_ROOT}"" --run-root ""${REVIEWER_ROOT:?set REVIEWER_ROOT}/cardinal_fbms__overall"" --gpu ""${GPU:?set GPU}""","scripts/reproduce.sh reviewer status --run-root ""${REVIEWER_ROOT:?set REVIEWER_ROOT}/cardinal_fbms__overall""","scripts/reproduce.sh reviewer compare --run-root ""${REVIEWER_ROOT:?set REVIEWER_ROOT}/cardinal_fbms__overall"" --cache-root ""${CACHE_ROOT:?set CACHE_ROOT}"""
dataset::cardinal_dynamics_sinc_residual::local_exp4,cardinal_dynamics_sinc_residual::local_exp4,cardinal_dynamics_sinc_residual,24,equal_dataset_macro_balanced_accuracy,descriptive_opened_development_suite_only,24,sealed overall accuracy descending; frozen plan architecture order breaks exact ties,dataset,local_exp4,dataset,8,1,8,5,40,0.87125,0.8712500000000001,87.12%,87.125%,87.13%,87.125%,mean_seeds_within_subject_then_mean_subjects,0.138372395969,sum of sealed job_total_seconds measured on the formal four-RTX-A5000 workstation; not a wall-clock estimate or cross-hardware promise,private_institutional_authorization_required,false,false,"opened-development evidence only; not independent confirmation, a clinical result, or a global SOTA claim",strict score match requires the exact selected Cartesian replay and checks accuracy plus balanced accuracy; it does not imply bit-exact predictions,"rank is sealed-table context, not established by replaying one cell or one model; rank confirmation requires all 43 complete model rows","fixed-protocol replication is not exact execution identity unless source, cache, split, lock, CUDA, driver, and physical GPU identities all match",65b93b7e5d09cfc30fb6ce28156368e66aec1503f4efa37faa3189e25ebbc3b1,548c0bb707ac99debfafbc9082dd322aec7eb799e69f1ad69e25231eeb75873f,ed1070f69367e36109c473c193b4f898de40ad689a8d367ac3d9e7471a82a1cd,results/common_grid_v6/analysis/dataset_summary.csv,0f24934e47c275ffb66b06e78266cb7fc1883f3046da876a5ed50089c09686cf,results/common_grid_v6/analysis/model_ranking.csv,adddfd4687e09710b2867252fc873687f48ef073c555a9c0b604af9dd31e4e32,results/common_grid_v6/analysis/job_metrics.csv,fda26e3a545811d1f9d4b4ed2b9885cff0bab3505f6be8e6eb97491bb3355e1d,model::cardinal_dynamics_sinc_residual,false,${CACHE_ROOT:?set CACHE_ROOT},${REVIEWER_ROOT:?set REVIEWER_ROOT},${REVIEWER_ROOT:?set REVIEWER_ROOT}/cardinal_dynamics_sinc_residual__local_exp4,${GPU:?set GPU},scripts/reproduce.sh reviewer estimate --scope dataset --model cardinal_dynamics_sinc_residual --dataset local_exp4,"scripts/reproduce.sh reviewer run --scope dataset --model cardinal_dynamics_sinc_residual --dataset local_exp4 --cache-root ""${CACHE_ROOT:?set CACHE_ROOT}"" --run-root ""${REVIEWER_ROOT:?set REVIEWER_ROOT}/cardinal_dynamics_sinc_residual__local_exp4"" --gpu ""${GPU:?set GPU}""","scripts/reproduce.sh reviewer status --run-root ""${REVIEWER_ROOT:?set REVIEWER_ROOT}/cardinal_dynamics_sinc_residual__local_exp4""","scripts/reproduce.sh reviewer compare --run-root ""${REVIEWER_ROOT:?set REVIEWER_ROOT}/cardinal_dynamics_sinc_residual__local_exp4"" --cache-root ""${CACHE_ROOT:?set CACHE_ROOT}"""
dataset::cardinal_dynamics_sinc_residual::bnci2014_001,cardinal_dynamics_sinc_residual::bnci2014_001,cardinal_dynamics_sinc_residual,24,equal_dataset_macro_balanced_accuracy,descriptive_opened_development_suite_only,24,sealed overall accuracy descending; frozen plan architecture order breaks exact ties,dataset,bnci2014_001,dataset,9,1,9,5,45,0.7064043209876543,0.7064043209876543,70.64%,70.640%,70.64%,70.640%,mean_seeds_within_subject_then_mean_subjects,0.249212000592,sum of sealed job_total_seconds measured on the formal four-RTX-A5000 workstation; not a wall-clock estimate or cross-hardware promise,public_official_record_cc_by_nd_4_0_subject_to_terms,true,false,"opened-development evidence only; not independent confirmation, a clinical result, or a global SOTA claim",strict score match requires the exact selected Cartesian replay and checks accuracy plus balanced accuracy; it does not imply bit-exact predictions,"rank is sealed-table context, not established by replaying one cell or one model; rank confirmation requires all 43 complete model rows","fixed-protocol replication is not exact execution identity unless source, cache, split, lock, CUDA, driver, and physical GPU identities all match",65b93b7e5d09cfc30fb6ce28156368e66aec1503f4efa37faa3189e25ebbc3b1,548c0bb707ac99debfafbc9082dd322aec7eb799e69f1ad69e25231eeb75873f,ed1070f69367e36109c473c193b4f898de40ad689a8d367ac3d9e7471a82a1cd,results/common_grid_v6/analysis/dataset_summary.csv,0f24934e47c275ffb66b06e78266cb7fc1883f3046da876a5ed50089c09686cf,results/common_grid_v6/analysis/model_ranking.csv,adddfd4687e09710b2867252fc873687f48ef073c555a9c0b604af9dd31e4e32,results/common_grid_v6/analysis/job_metrics.csv,fda26e3a545811d1f9d4b4ed2b9885cff0bab3505f6be8e6eb97491bb3355e1d,model::cardinal_dynamics_sinc_residual,false,${CACHE_ROOT:?set CACHE_ROOT},${REVIEWER_ROOT:?set REVIEWER_ROOT},${REVIEWER_ROOT:?set REVIEWER_ROOT}/cardinal_dynamics_sinc_residual__bnci2014_001,${GPU:?set GPU},scripts/reproduce.sh reviewer estimate --scope dataset --model cardinal_dynamics_sinc_residual --dataset bnci2014_001,"scripts/reproduce.sh reviewer run --scope dataset --model cardinal_dynamics_sinc_residual --dataset bnci2014_001 --cache-root ""${CACHE_ROOT:?set CACHE_ROOT}"" --run-root ""${REVIEWER_ROOT:?set REVIEWER_ROOT}/cardinal_dynamics_sinc_residual__bnci2014_001"" --gpu ""${GPU:?set GPU}""","scripts/reproduce.sh reviewer status --run-root ""${REVIEWER_ROOT:?set REVIEWER_ROOT}/cardinal_dynamics_sinc_residual__bnci2014_001""","scripts/reproduce.sh reviewer compare --run-root ""${REVIEWER_ROOT:?set REVIEWER_ROOT}/cardinal_dynamics_sinc_residual__bnci2014_001"" --cache-root ""${CACHE_ROOT:?set CACHE_ROOT}"""
dataset::cardinal_dynamics_sinc_residual::bnci2014_004,cardinal_dynamics_sinc_residual::bnci2014_004,cardinal_dynamics_sinc_residual,24,equal_dataset_macro_balanced_accuracy,descriptive_opened_development_suite_only,24,sealed overall accuracy descending; frozen plan architecture order breaks exact ties,dataset,bnci2014_004,dataset,9,1,9,5,45,0.7892063492063492,0.7892063492063492,78.92%,78.921%,78.92%,78.921%,mean_seeds_within_subject_then_mean_subjects,0.135908287148,sum of sealed job_total_seconds measured on the formal four-RTX-A5000 workstation; not a wall-clock estimate or cross-hardware promise,public_official_record_cc_by_nd_4_0_subject_to_terms,true,false,"opened-development evidence only; not independent confirmation, a clinical result, or a global SOTA claim",strict score match requires the exact selected Cartesian replay and checks accuracy plus balanced accuracy; it does not imply bit-exact predictions,"rank is sealed-table context, not established by replaying one cell or one model; rank confirmation requires all 43 complete model rows","fixed-protocol replication is not exact execution identity unless source, cache, split, lock, CUDA, driver, and physical GPU identities all match",65b93b7e5d09cfc30fb6ce28156368e66aec1503f4efa37faa3189e25ebbc3b1,548c0bb707ac99debfafbc9082dd322aec7eb799e69f1ad69e25231eeb75873f,ed1070f69367e36109c473c193b4f898de40ad689a8d367ac3d9e7471a82a1cd,results/common_grid_v6/analysis/dataset_summary.csv,0f24934e47c275ffb66b06e78266cb7fc1883f3046da876a5ed50089c09686cf,results/common_grid_v6/analysis/model_ranking.csv,adddfd4687e09710b2867252fc873687f48ef073c555a9c0b604af9dd31e4e32,results/common_grid_v6/analysis/job_metrics.csv,fda26e3a545811d1f9d4b4ed2b9885cff0bab3505f6be8e6eb97491bb3355e1d,model::cardinal_dynamics_sinc_residual,false,${CACHE_ROOT:?set CACHE_ROOT},${REVIEWER_ROOT:?set REVIEWER_ROOT},${REVIEWER_ROOT:?set REVIEWER_ROOT}/cardinal_dynamics_sinc_residual__bnci2014_004,${GPU:?set GPU},scripts/reproduce.sh reviewer estimate --scope dataset --model cardinal_dynamics_sinc_residual --dataset bnci2014_004,"scripts/reproduce.sh reviewer run --scope dataset --model cardinal_dynamics_sinc_residual --dataset bnci2014_004 --cache-root ""${CACHE_ROOT:?set CACHE_ROOT}"" --run-root ""${REVIEWER_ROOT:?set REVIEWER_ROOT}/cardinal_dynamics_sinc_residual__bnci2014_004"" --gpu ""${GPU:?set GPU}""","scripts/reproduce.sh reviewer status --run-root ""${REVIEWER_ROOT:?set REVIEWER_ROOT}/cardinal_dynamics_sinc_residual__bnci2014_004""","scripts/reproduce.sh reviewer compare --run-root ""${REVIEWER_ROOT:?set REVIEWER_ROOT}/cardinal_dynamics_sinc_residual__bnci2014_004"" --cache-root ""${CACHE_ROOT:?set CACHE_ROOT}"""
dataset::cardinal_dynamics_sinc_residual::cho2017,cardinal_dynamics_sinc_residual::cho2017,cardinal_dynamics_sinc_residual,24,equal_dataset_macro_balanced_accuracy,descriptive_opened_development_suite_only,24,sealed overall accuracy descending; frozen plan architecture order breaks exact ties,dataset,cho2017,dataset,52,5,260,5,1300,0.6953878205128206,0.6953878205128206,69.54%,69.539%,69.54%,69.539%,mean_seeds_within_subject_then_mean_subjects,2.404118263759,sum of sealed job_total_seconds measured on the formal four-RTX-A5000 workstation; not a wall-clock estimate or cross-hardware promise,public_record_exact_acquired_byte_terms_unresolved,true,false,"opened-development evidence only; not independent confirmation, a clinical result, or a global SOTA claim",strict score match requires the exact selected Cartesian replay and checks accuracy plus balanced accuracy; it does not imply bit-exact predictions,"rank is sealed-table context, not established by replaying one cell or one model; rank confirmation requires all 43 complete model rows","fixed-protocol replication is not exact execution identity unless source, cache, split, lock, CUDA, driver, and physical GPU identities all match",65b93b7e5d09cfc30fb6ce28156368e66aec1503f4efa37faa3189e25ebbc3b1,548c0bb707ac99debfafbc9082dd322aec7eb799e69f1ad69e25231eeb75873f,ed1070f69367e36109c473c193b4f898de40ad689a8d367ac3d9e7471a82a1cd,results/common_grid_v6/analysis/dataset_summary.csv,0f24934e47c275ffb66b06e78266cb7fc1883f3046da876a5ed50089c09686cf,results/common_grid_v6/analysis/model_ranking.csv,adddfd4687e09710b2867252fc873687f48ef073c555a9c0b604af9dd31e4e32,results/common_grid_v6/analysis/job_metrics.csv,fda26e3a545811d1f9d4b4ed2b9885cff0bab3505f6be8e6eb97491bb3355e1d,model::cardinal_dynamics_sinc_residual,false,${CACHE_ROOT:?set CACHE_ROOT},${REVIEWER_ROOT:?set REVIEWER_ROOT},${REVIEWER_ROOT:?set REVIEWER_ROOT}/cardinal_dynamics_sinc_residual__cho2017,${GPU:?set GPU},scripts/reproduce.sh reviewer estimate --scope dataset --model cardinal_dynamics_sinc_residual --dataset cho2017,"scripts/reproduce.sh reviewer run --scope dataset --model cardinal_dynamics_sinc_residual --dataset cho2017 --cache-root ""${CACHE_ROOT:?set CACHE_ROOT}"" --run-root ""${REVIEWER_ROOT:?set REVIEWER_ROOT}/cardinal_dynamics_sinc_residual__cho2017"" --gpu ""${GPU:?set GPU}""","scripts/reproduce.sh reviewer status --run-root ""${REVIEWER_ROOT:?set REVIEWER_ROOT}/cardinal_dynamics_sinc_residual__cho2017""","scripts/reproduce.sh reviewer compare --run-root ""${REVIEWER_ROOT:?set REVIEWER_ROOT}/cardinal_dynamics_sinc_residual__cho2017"" --cache-root ""${CACHE_ROOT:?set CACHE_ROOT}"""
dataset::cardinal_dynamics_sinc_residual::physionet_mi,cardinal_dynamics_sinc_residual::physionet_mi,cardinal_dynamics_sinc_residual,24,equal_dataset_macro_balanced_accuracy,descriptive_opened_development_suite_only,24,sealed overall accuracy descending; frozen plan architecture order breaks exact ties,dataset,physionet_mi,dataset,54,3,162,5,810,0.5792592592592593,0.5783640406828813,57.93%,57.926%,57.84%,57.836%,mean_seeds_within_subject_then_mean_subjects,0.403775509297,sum of sealed job_total_seconds measured on the formal four-RTX-A5000 workstation; not a wall-clock estimate or cross-hardware promise,public_official_record_odc_by_1_0_subject_to_terms,true,false,"opened-development evidence only; not independent confirmation, a clinical result, or a global SOTA claim",strict score match requires the exact selected Cartesian replay and checks accuracy plus balanced accuracy; it does not imply bit-exact predictions,"rank is sealed-table context, not established by replaying one cell or one model; rank confirmation requires all 43 complete model rows","fixed-protocol replication is not exact execution identity unless source, cache, split, lock, CUDA, driver, and physical GPU identities all match",65b93b7e5d09cfc30fb6ce28156368e66aec1503f4efa37faa3189e25ebbc3b1,548c0bb707ac99debfafbc9082dd322aec7eb799e69f1ad69e25231eeb75873f,ed1070f69367e36109c473c193b4f898de40ad689a8d367ac3d9e7471a82a1cd,results/common_grid_v6/analysis/dataset_summary.csv,0f24934e47c275ffb66b06e78266cb7fc1883f3046da876a5ed50089c09686cf,results/common_grid_v6/analysis/model_ranking.csv,adddfd4687e09710b2867252fc873687f48ef073c555a9c0b604af9dd31e4e32,results/common_grid_v6/analysis/job_metrics.csv,fda26e3a545811d1f9d4b4ed2b9885cff0bab3505f6be8e6eb97491bb3355e1d,model::cardinal_dynamics_sinc_residual,false,${CACHE_ROOT:?set CACHE_ROOT},${REVIEWER_ROOT:?set REVIEWER_ROOT},${REVIEWER_ROOT:?set REVIEWER_ROOT}/cardinal_dynamics_sinc_residual__physionet_mi,${GPU:?set GPU},scripts/reproduce.sh reviewer estimate --scope dataset --model cardinal_dynamics_sinc_residual --dataset physionet_mi,"scripts/reproduce.sh reviewer run --scope dataset --model cardinal_dynamics_sinc_residual --dataset physionet_mi --cache-root ""${CACHE_ROOT:?set CACHE_ROOT}"" --run-root ""${REVIEWER_ROOT:?set REVIEWER_ROOT}/cardinal_dynamics_sinc_residual__physionet_mi"" --gpu ""${GPU:?set GPU}""","scripts/reproduce.sh reviewer status --run-root ""${REVIEWER_ROOT:?set REVIEWER_ROOT}/cardinal_dynamics_sinc_residual__physionet_mi""","scripts/reproduce.sh reviewer compare --run-root ""${REVIEWER_ROOT:?set REVIEWER_ROOT}/cardinal_dynamics_sinc_residual__physionet_mi"" --cache-root ""${CACHE_ROOT:?set CACHE_ROOT}"""
model::cardinal_dynamics_sinc_residual,cardinal_dynamics_sinc_residual::overall,cardinal_dynamics_sinc_residual,24,equal_dataset_macro_balanced_accuracy,descriptive_opened_development_suite_only,24,sealed overall accuracy descending; frozen plan architecture order breaks exact ties,overall,overall,model,132,by_dataset:1|1|1|5|3,448,5,2240,0.7283015499932166,0.7281225062779411,72.83%,72.830%,72.81%,72.812%,fold_concatenation_then_seed_mean_then_subject_mean_then_equal_dataset_mean,3.331386456766,sum of sealed job_total_seconds measured on the formal four-RTX-A5000 workstation; not a wall-clock estimate or cross-hardware promise,mixed_includes_private_local_exp4_authorization_required,false,false,"opened-development evidence only; not independent confirmation, a clinical result, or a global SOTA claim",strict score match requires the exact selected Cartesian replay and checks accuracy plus balanced accuracy; it does not imply bit-exact predictions,"rank is sealed-table context, not established by replaying one cell or one model; rank confirmation requires all 43 complete model rows","fixed-protocol replication is not exact execution identity unless source, cache, split, lock, CUDA, driver, and physical GPU identities all match",65b93b7e5d09cfc30fb6ce28156368e66aec1503f4efa37faa3189e25ebbc3b1,548c0bb707ac99debfafbc9082dd322aec7eb799e69f1ad69e25231eeb75873f,ed1070f69367e36109c473c193b4f898de40ad689a8d367ac3d9e7471a82a1cd,results/common_grid_v6/analysis/overall_summary.csv,d45dd54801f4ba9074bba808cd7076bd04c9a5267944ec4f7af274de96a11c6f,results/common_grid_v6/analysis/model_ranking.csv,adddfd4687e09710b2867252fc873687f48ef073c555a9c0b604af9dd31e4e32,results/common_grid_v6/analysis/job_metrics.csv,fda26e3a545811d1f9d4b4ed2b9885cff0bab3505f6be8e6eb97491bb3355e1d,model::cardinal_dynamics_sinc_residual,true,${CACHE_ROOT:?set CACHE_ROOT},${REVIEWER_ROOT:?set REVIEWER_ROOT},${REVIEWER_ROOT:?set REVIEWER_ROOT}/cardinal_dynamics_sinc_residual__overall,${GPU:?set GPU},scripts/reproduce.sh reviewer estimate --scope model --model cardinal_dynamics_sinc_residual,"scripts/reproduce.sh reviewer run --scope model --model cardinal_dynamics_sinc_residual --cache-root ""${CACHE_ROOT:?set CACHE_ROOT}"" --run-root ""${REVIEWER_ROOT:?set REVIEWER_ROOT}/cardinal_dynamics_sinc_residual__overall"" --gpu ""${GPU:?set GPU}""","scripts/reproduce.sh reviewer status --run-root ""${REVIEWER_ROOT:?set REVIEWER_ROOT}/cardinal_dynamics_sinc_residual__overall""","scripts/reproduce.sh reviewer compare --run-root ""${REVIEWER_ROOT:?set REVIEWER_ROOT}/cardinal_dynamics_sinc_residual__overall"" --cache-root ""${CACHE_ROOT:?set CACHE_ROOT}"""
dataset::cardinal_dynamics_sinc::local_exp4,cardinal_dynamics_sinc::local_exp4,cardinal_dynamics_sinc,25,equal_dataset_macro_balanced_accuracy,descriptive_opened_development_suite_only,25,sealed overall accuracy descending; frozen plan architecture order breaks exact ties,dataset,local_exp4,dataset,8,1,8,5,40,0.8720833333333333,0.8720833333333333,87.21%,87.208%,87.21%,87.208%,mean_seeds_within_subject_then_mean_subjects,0.090822878168,sum of sealed job_total_seconds measured on the formal four-RTX-A5000 workstation; not a wall-clock estimate or cross-hardware promise,private_institutional_authorization_required,false,false,"opened-development evidence only; not independent confirmation, a clinical result, or a global SOTA claim",strict score match requires the exact selected Cartesian replay and checks accuracy plus balanced accuracy; it does not imply bit-exact predictions,"rank is sealed-table context, not established by replaying one cell or one model; rank confirmation requires all 43 complete model rows","fixed-protocol replication is not exact execution identity unless source, cache, split, lock, CUDA, driver, and physical GPU identities all match",65b93b7e5d09cfc30fb6ce28156368e66aec1503f4efa37faa3189e25ebbc3b1,548c0bb707ac99debfafbc9082dd322aec7eb799e69f1ad69e25231eeb75873f,ed1070f69367e36109c473c193b4f898de40ad689a8d367ac3d9e7471a82a1cd,results/common_grid_v6/analysis/dataset_summary.csv,0f24934e47c275ffb66b06e78266cb7fc1883f3046da876a5ed50089c09686cf,results/common_grid_v6/analysis/model_ranking.csv,adddfd4687e09710b2867252fc873687f48ef073c555a9c0b604af9dd31e4e32,results/common_grid_v6/analysis/job_metrics.csv,fda26e3a545811d1f9d4b4ed2b9885cff0bab3505f6be8e6eb97491bb3355e1d,model::cardinal_dynamics_sinc,false,${CACHE_ROOT:?set CACHE_ROOT},${REVIEWER_ROOT:?set REVIEWER_ROOT},${REVIEWER_ROOT:?set REVIEWER_ROOT}/cardinal_dynamics_sinc__local_exp4,${GPU:?set GPU},scripts/reproduce.sh reviewer estimate --scope dataset --model cardinal_dynamics_sinc --dataset local_exp4,"scripts/reproduce.sh reviewer run --scope dataset --model cardinal_dynamics_sinc --dataset local_exp4 --cache-root ""${CACHE_ROOT:?set CACHE_ROOT}"" --run-root ""${REVIEWER_ROOT:?set REVIEWER_ROOT}/cardinal_dynamics_sinc__local_exp4"" --gpu ""${GPU:?set GPU}""","scripts/reproduce.sh reviewer status --run-root ""${REVIEWER_ROOT:?set REVIEWER_ROOT}/cardinal_dynamics_sinc__local_exp4""","scripts/reproduce.sh reviewer compare --run-root ""${REVIEWER_ROOT:?set REVIEWER_ROOT}/cardinal_dynamics_sinc__local_exp4"" --cache-root ""${CACHE_ROOT:?set CACHE_ROOT}"""
dataset::cardinal_dynamics_sinc::bnci2014_001,cardinal_dynamics_sinc::bnci2014_001,cardinal_dynamics_sinc,25,equal_dataset_macro_balanced_accuracy,descriptive_opened_development_suite_only,25,sealed overall accuracy descending; frozen plan architecture order breaks exact ties,dataset,bnci2014_001,dataset,9,1,9,5,45,0.7042438271604938,0.7042438271604938,70.42%,70.424%,70.42%,70.424%,mean_seeds_within_subject_then_mean_subjects,0.171297174711,sum of sealed job_total_seconds measured on the formal four-RTX-A5000 workstation; not a wall-clock estimate or cross-hardware promise,public_official_record_cc_by_nd_4_0_subject_to_terms,true,false,"opened-development evidence only; not independent confirmation, a clinical result, or a global SOTA claim",strict score match requires the exact selected Cartesian replay and checks accuracy plus balanced accuracy; it does not imply bit-exact predictions,"rank is sealed-table context, not established by replaying one cell or one model; rank confirmation requires all 43 complete model rows","fixed-protocol replication is not exact execution identity unless source, cache, split, lock, CUDA, driver, and physical GPU identities all match",65b93b7e5d09cfc30fb6ce28156368e66aec1503f4efa37faa3189e25ebbc3b1,548c0bb707ac99debfafbc9082dd322aec7eb799e69f1ad69e25231eeb75873f,ed1070f69367e36109c473c193b4f898de40ad689a8d367ac3d9e7471a82a1cd,results/common_grid_v6/analysis/dataset_summary.csv,0f24934e47c275ffb66b06e78266cb7fc1883f3046da876a5ed50089c09686cf,results/common_grid_v6/analysis/model_ranking.csv,adddfd4687e09710b2867252fc873687f48ef073c555a9c0b604af9dd31e4e32,results/common_grid_v6/analysis/job_metrics.csv,fda26e3a545811d1f9d4b4ed2b9885cff0bab3505f6be8e6eb97491bb3355e1d,model::cardinal_dynamics_sinc,false,${CACHE_ROOT:?set CACHE_ROOT},${REVIEWER_ROOT:?set REVIEWER_ROOT},${REVIEWER_ROOT:?set REVIEWER_ROOT}/cardinal_dynamics_sinc__bnci2014_001,${GPU:?set GPU},scripts/reproduce.sh reviewer estimate --scope dataset --model cardinal_dynamics_sinc --dataset bnci2014_001,"scripts/reproduce.sh reviewer run --scope dataset --model cardinal_dynamics_sinc --dataset bnci2014_001 --cache-root ""${CACHE_ROOT:?set CACHE_ROOT}"" --run-root ""${REVIEWER_ROOT:?set REVIEWER_ROOT}/cardinal_dynamics_sinc__bnci2014_001"" --gpu ""${GPU:?set GPU}""","scripts/reproduce.sh reviewer status --run-root ""${REVIEWER_ROOT:?set REVIEWER_ROOT}/cardinal_dynamics_sinc__bnci2014_001""","scripts/reproduce.sh reviewer compare --run-root ""${REVIEWER_ROOT:?set REVIEWER_ROOT}/cardinal_dynamics_sinc__bnci2014_001"" --cache-root ""${CACHE_ROOT:?set CACHE_ROOT}"""
dataset::cardinal_dynamics_sinc::bnci2014_004,cardinal_dynamics_sinc::bnci2014_004,cardinal_dynamics_sinc,25,equal_dataset_macro_balanced_accuracy,descriptive_opened_development_suite_only,25,sealed overall accuracy descending; frozen plan architecture order breaks exact ties,dataset,bnci2014_004,dataset,9,1,9,5,45,0.787986111111111,0.7879861111111112,78.80%,78.799%,78.80%,78.799%,mean_seeds_within_subject_then_mean_subjects,0.092544580928,sum of sealed job_total_seconds measured on the formal four-RTX-A5000 workstation; not a wall-clock estimate or cross-hardware promise,public_official_record_cc_by_nd_4_0_subject_to_terms,true,false,"opened-development evidence only; not independent confirmation, a clinical result, or a global SOTA claim",strict score match requires the exact selected Cartesian replay and checks accuracy plus balanced accuracy; it does not imply bit-exact predictions,"rank is sealed-table context, not established by replaying one cell or one model; rank confirmation requires all 43 complete model rows","fixed-protocol replication is not exact execution identity unless source, cache, split, lock, CUDA, driver, and physical GPU identities all match",65b93b7e5d09cfc30fb6ce28156368e66aec1503f4efa37faa3189e25ebbc3b1,548c0bb707ac99debfafbc9082dd322aec7eb799e69f1ad69e25231eeb75873f,ed1070f69367e36109c473c193b4f898de40ad689a8d367ac3d9e7471a82a1cd,results/common_grid_v6/analysis/dataset_summary.csv,0f24934e47c275ffb66b06e78266cb7fc1883f3046da876a5ed50089c09686cf,results/common_grid_v6/analysis/model_ranking.csv,adddfd4687e09710b2867252fc873687f48ef073c555a9c0b604af9dd31e4e32,results/common_grid_v6/analysis/job_metrics.csv,fda26e3a545811d1f9d4b4ed2b9885cff0bab3505f6be8e6eb97491bb3355e1d,model::cardinal_dynamics_sinc,false,${CACHE_ROOT:?set CACHE_ROOT},${REVIEWER_ROOT:?set REVIEWER_ROOT},${REVIEWER_ROOT:?set REVIEWER_ROOT}/cardinal_dynamics_sinc__bnci2014_004,${GPU:?set GPU},scripts/reproduce.sh reviewer estimate --scope dataset --model cardinal_dynamics_sinc --dataset bnci2014_004,"scripts/reproduce.sh reviewer run --scope dataset --model cardinal_dynamics_sinc --dataset bnci2014_004 --cache-root ""${CACHE_ROOT:?set CACHE_ROOT}"" --run-root ""${REVIEWER_ROOT:?set REVIEWER_ROOT}/cardinal_dynamics_sinc__bnci2014_004"" --gpu ""${GPU:?set GPU}""","scripts/reproduce.sh reviewer status --run-root ""${REVIEWER_ROOT:?set REVIEWER_ROOT}/cardinal_dynamics_sinc__bnci2014_004""","scripts/reproduce.sh reviewer compare --run-root ""${REVIEWER_ROOT:?set REVIEWER_ROOT}/cardinal_dynamics_sinc__bnci2014_004"" --cache-root ""${CACHE_ROOT:?set CACHE_ROOT}"""
dataset::cardinal_dynamics_sinc::cho2017,cardinal_dynamics_sinc::cho2017,cardinal_dynamics_sinc,25,equal_dataset_macro_balanced_accuracy,descriptive_opened_development_suite_only,25,sealed overall accuracy descending; frozen plan architecture order breaks exact ties,dataset,cho2017,dataset,52,5,260,5,1300,0.6887371794871794,0.6887371794871794,68.87%,68.874%,68.87%,68.874%,mean_seeds_within_subject_then_mean_subjects,1.572014987011,sum of sealed job_total_seconds measured on the formal four-RTX-A5000 workstation; not a wall-clock estimate or cross-hardware promise,public_record_exact_acquired_byte_terms_unresolved,true,false,"opened-development evidence only; not independent confirmation, a clinical result, or a global SOTA claim",strict score match requires the exact selected Cartesian replay and checks accuracy plus balanced accuracy; it does not imply bit-exact predictions,"rank is sealed-table context, not established by replaying one cell or one model; rank confirmation requires all 43 complete model rows","fixed-protocol replication is not exact execution identity unless source, cache, split, lock, CUDA, driver, and physical GPU identities all match",65b93b7e5d09cfc30fb6ce28156368e66aec1503f4efa37faa3189e25ebbc3b1,548c0bb707ac99debfafbc9082dd322aec7eb799e69f1ad69e25231eeb75873f,ed1070f69367e36109c473c193b4f898de40ad689a8d367ac3d9e7471a82a1cd,results/common_grid_v6/analysis/dataset_summary.csv,0f24934e47c275ffb66b06e78266cb7fc1883f3046da876a5ed50089c09686cf,results/common_grid_v6/analysis/model_ranking.csv,adddfd4687e09710b2867252fc873687f48ef073c555a9c0b604af9dd31e4e32,results/common_grid_v6/analysis/job_metrics.csv,fda26e3a545811d1f9d4b4ed2b9885cff0bab3505f6be8e6eb97491bb3355e1d,model::cardinal_dynamics_sinc,false,${CACHE_ROOT:?set CACHE_ROOT},${REVIEWER_ROOT:?set REVIEWER_ROOT},${REVIEWER_ROOT:?set REVIEWER_ROOT}/cardinal_dynamics_sinc__cho2017,${GPU:?set GPU},scripts/reproduce.sh reviewer estimate --scope dataset --model cardinal_dynamics_sinc --dataset cho2017,"scripts/reproduce.sh reviewer run --scope dataset --model cardinal_dynamics_sinc --dataset cho2017 --cache-root ""${CACHE_ROOT:?set CACHE_ROOT}"" --run-root ""${REVIEWER_ROOT:?set REVIEWER_ROOT}/cardinal_dynamics_sinc__cho2017"" --gpu ""${GPU:?set GPU}""","scripts/reproduce.sh reviewer status --run-root ""${REVIEWER_ROOT:?set REVIEWER_ROOT}/cardinal_dynamics_sinc__cho2017""","scripts/reproduce.sh reviewer compare --run-root ""${REVIEWER_ROOT:?set REVIEWER_ROOT}/cardinal_dynamics_sinc__cho2017"" --cache-root ""${CACHE_ROOT:?set CACHE_ROOT}"""
dataset::cardinal_dynamics_sinc::physionet_mi,cardinal_dynamics_sinc::physionet_mi,cardinal_dynamics_sinc,25,equal_dataset_macro_balanced_accuracy,descriptive_opened_development_suite_only,25,sealed overall accuracy descending; frozen plan architecture order breaks exact ties,dataset,physionet_mi,dataset,54,3,162,5,810,0.5693827160493827,0.5677693515555835,56.94%,56.938%,56.78%,56.777%,mean_seeds_within_subject_then_mean_subjects,0.263824144187,sum of sealed job_total_seconds measured on the formal four-RTX-A5000 workstation; not a wall-clock estimate or cross-hardware promise,public_official_record_odc_by_1_0_subject_to_terms,true,false,"opened-development evidence only; not independent confirmation, a clinical result, or a global SOTA claim",strict score match requires the exact selected Cartesian replay and checks accuracy plus balanced accuracy; it does not imply bit-exact predictions,"rank is sealed-table context, not established by replaying one cell or one model; rank confirmation requires all 43 complete model rows","fixed-protocol replication is not exact execution identity unless source, cache, split, lock, CUDA, driver, and physical GPU identities all match",65b93b7e5d09cfc30fb6ce28156368e66aec1503f4efa37faa3189e25ebbc3b1,548c0bb707ac99debfafbc9082dd322aec7eb799e69f1ad69e25231eeb75873f,ed1070f69367e36109c473c193b4f898de40ad689a8d367ac3d9e7471a82a1cd,results/common_grid_v6/analysis/dataset_summary.csv,0f24934e47c275ffb66b06e78266cb7fc1883f3046da876a5ed50089c09686cf,results/common_grid_v6/analysis/model_ranking.csv,adddfd4687e09710b2867252fc873687f48ef073c555a9c0b604af9dd31e4e32,results/common_grid_v6/analysis/job_metrics.csv,fda26e3a545811d1f9d4b4ed2b9885cff0bab3505f6be8e6eb97491bb3355e1d,model::cardinal_dynamics_sinc,false,${CACHE_ROOT:?set CACHE_ROOT},${REVIEWER_ROOT:?set REVIEWER_ROOT},${REVIEWER_ROOT:?set REVIEWER_ROOT}/cardinal_dynamics_sinc__physionet_mi,${GPU:?set GPU},scripts/reproduce.sh reviewer estimate --scope dataset --model cardinal_dynamics_sinc --dataset physionet_mi,"scripts/reproduce.sh reviewer run --scope dataset --model cardinal_dynamics_sinc --dataset physionet_mi --cache-root ""${CACHE_ROOT:?set CACHE_ROOT}"" --run-root ""${REVIEWER_ROOT:?set REVIEWER_ROOT}/cardinal_dynamics_sinc__physionet_mi"" --gpu ""${GPU:?set GPU}""","scripts/reproduce.sh reviewer status --run-root ""${REVIEWER_ROOT:?set REVIEWER_ROOT}/cardinal_dynamics_sinc__physionet_mi""","scripts/reproduce.sh reviewer compare --run-root ""${REVIEWER_ROOT:?set REVIEWER_ROOT}/cardinal_dynamics_sinc__physionet_mi"" --cache-root ""${CACHE_ROOT:?set CACHE_ROOT}"""
model::cardinal_dynamics_sinc,cardinal_dynamics_sinc::overall,cardinal_dynamics_sinc,25,equal_dataset_macro_balanced_accuracy,descriptive_opened_development_suite_only,25,sealed overall accuracy descending; frozen plan architecture order breaks exact ties,overall,overall,model,132,by_dataset:1|1|1|5|3,448,5,2240,0.7244866334283001,0.7241639605295402,72.45%,72.449%,72.42%,72.416%,fold_concatenation_then_seed_mean_then_subject_mean_then_equal_dataset_mean,2.190503765006,sum of sealed job_total_seconds measured on the formal four-RTX-A5000 workstation; not a wall-clock estimate or cross-hardware promise,mixed_includes_private_local_exp4_authorization_required,false,false,"opened-development evidence only; not independent confirmation, a clinical result, or a global SOTA claim",strict score match requires the exact selected Cartesian replay and checks accuracy plus balanced accuracy; it does not imply bit-exact predictions,"rank is sealed-table context, not established by replaying one cell or one model; rank confirmation requires all 43 complete model rows","fixed-protocol replication is not exact execution identity unless source, cache, split, lock, CUDA, driver, and physical GPU identities all match",65b93b7e5d09cfc30fb6ce28156368e66aec1503f4efa37faa3189e25ebbc3b1,548c0bb707ac99debfafbc9082dd322aec7eb799e69f1ad69e25231eeb75873f,ed1070f69367e36109c473c193b4f898de40ad689a8d367ac3d9e7471a82a1cd,results/common_grid_v6/analysis/overall_summary.csv,d45dd54801f4ba9074bba808cd7076bd04c9a5267944ec4f7af274de96a11c6f,results/common_grid_v6/analysis/model_ranking.csv,adddfd4687e09710b2867252fc873687f48ef073c555a9c0b604af9dd31e4e32,results/common_grid_v6/analysis/job_metrics.csv,fda26e3a545811d1f9d4b4ed2b9885cff0bab3505f6be8e6eb97491bb3355e1d,model::cardinal_dynamics_sinc,true,${CACHE_ROOT:?set CACHE_ROOT},${REVIEWER_ROOT:?set REVIEWER_ROOT},${REVIEWER_ROOT:?set REVIEWER_ROOT}/cardinal_dynamics_sinc__overall,${GPU:?set GPU},scripts/reproduce.sh reviewer estimate --scope model --model cardinal_dynamics_sinc,"scripts/reproduce.sh reviewer run --scope model --model cardinal_dynamics_sinc --cache-root ""${CACHE_ROOT:?set CACHE_ROOT}"" --run-root ""${REVIEWER_ROOT:?set REVIEWER_ROOT}/cardinal_dynamics_sinc__overall"" --gpu ""${GPU:?set GPU}""","scripts/reproduce.sh reviewer status --run-root ""${REVIEWER_ROOT:?set REVIEWER_ROOT}/cardinal_dynamics_sinc__overall""","scripts/reproduce.sh reviewer compare --run-root ""${REVIEWER_ROOT:?set REVIEWER_ROOT}/cardinal_dynamics_sinc__overall"" --cache-root ""${CACHE_ROOT:?set CACHE_ROOT}"""
dataset::free_cardinal::local_exp4,free_cardinal::local_exp4,free_cardinal,26,equal_dataset_macro_balanced_accuracy,descriptive_opened_development_suite_only,26,sealed overall accuracy descending; frozen plan architecture order breaks exact ties,dataset,local_exp4,dataset,8,1,8,5,40,0.8854166666666667,0.8854166666666667,88.54%,88.542%,88.54%,88.542%,mean_seeds_within_subject_then_mean_subjects,0.048857071889,sum of sealed job_total_seconds measured on the formal four-RTX-A5000 workstation; not a wall-clock estimate or cross-hardware promise,private_institutional_authorization_required,false,false,"opened-development evidence only; not independent confirmation, a clinical result, or a global SOTA claim",strict score match requires the exact selected Cartesian replay and checks accuracy plus balanced accuracy; it does not imply bit-exact predictions,"rank is sealed-table context, not established by replaying one cell or one model; rank confirmation requires all 43 complete model rows","fixed-protocol replication is not exact execution identity unless source, cache, split, lock, CUDA, driver, and physical GPU identities all match",65b93b7e5d09cfc30fb6ce28156368e66aec1503f4efa37faa3189e25ebbc3b1,548c0bb707ac99debfafbc9082dd322aec7eb799e69f1ad69e25231eeb75873f,ed1070f69367e36109c473c193b4f898de40ad689a8d367ac3d9e7471a82a1cd,results/common_grid_v6/analysis/dataset_summary.csv,0f24934e47c275ffb66b06e78266cb7fc1883f3046da876a5ed50089c09686cf,results/common_grid_v6/analysis/model_ranking.csv,adddfd4687e09710b2867252fc873687f48ef073c555a9c0b604af9dd31e4e32,results/common_grid_v6/analysis/job_metrics.csv,fda26e3a545811d1f9d4b4ed2b9885cff0bab3505f6be8e6eb97491bb3355e1d,model::free_cardinal,false,${CACHE_ROOT:?set CACHE_ROOT},${REVIEWER_ROOT:?set REVIEWER_ROOT},${REVIEWER_ROOT:?set REVIEWER_ROOT}/free_cardinal__local_exp4,${GPU:?set GPU},scripts/reproduce.sh reviewer estimate --scope dataset --model free_cardinal --dataset local_exp4,"scripts/reproduce.sh reviewer run --scope dataset --model free_cardinal --dataset local_exp4 --cache-root ""${CACHE_ROOT:?set CACHE_ROOT}"" --run-root ""${REVIEWER_ROOT:?set REVIEWER_ROOT}/free_cardinal__local_exp4"" --gpu ""${GPU:?set GPU}""","scripts/reproduce.sh reviewer status --run-root ""${REVIEWER_ROOT:?set REVIEWER_ROOT}/free_cardinal__local_exp4""","scripts/reproduce.sh reviewer compare --run-root ""${REVIEWER_ROOT:?set REVIEWER_ROOT}/free_cardinal__local_exp4"" --cache-root ""${CACHE_ROOT:?set CACHE_ROOT}"""
dataset::free_cardinal::bnci2014_001,free_cardinal::bnci2014_001,free_cardinal,26,equal_dataset_macro_balanced_accuracy,descriptive_opened_development_suite_only,26,sealed overall accuracy descending; frozen plan architecture order breaks exact ties,dataset,bnci2014_001,dataset,9,1,9,5,45,0.7003086419753086,0.7003086419753086,70.03%,70.031%,70.03%,70.031%,mean_seeds_within_subject_then_mean_subjects,0.120100266509,sum of sealed job_total_seconds measured on the formal four-RTX-A5000 workstation; not a wall-clock estimate or cross-hardware promise,public_official_record_cc_by_nd_4_0_subject_to_terms,true,false,"opened-development evidence only; not independent confirmation, a clinical result, or a global SOTA claim",strict score match requires the exact selected Cartesian replay and checks accuracy plus balanced accuracy; it does not imply bit-exact predictions,"rank is sealed-table context, not established by replaying one cell or one model; rank confirmation requires all 43 complete model rows","fixed-protocol replication is not exact execution identity unless source, cache, split, lock, CUDA, driver, and physical GPU identities all match",65b93b7e5d09cfc30fb6ce28156368e66aec1503f4efa37faa3189e25ebbc3b1,548c0bb707ac99debfafbc9082dd322aec7eb799e69f1ad69e25231eeb75873f,ed1070f69367e36109c473c193b4f898de40ad689a8d367ac3d9e7471a82a1cd,results/common_grid_v6/analysis/dataset_summary.csv,0f24934e47c275ffb66b06e78266cb7fc1883f3046da876a5ed50089c09686cf,results/common_grid_v6/analysis/model_ranking.csv,adddfd4687e09710b2867252fc873687f48ef073c555a9c0b604af9dd31e4e32,results/common_grid_v6/analysis/job_metrics.csv,fda26e3a545811d1f9d4b4ed2b9885cff0bab3505f6be8e6eb97491bb3355e1d,model::free_cardinal,false,${CACHE_ROOT:?set CACHE_ROOT},${REVIEWER_ROOT:?set REVIEWER_ROOT},${REVIEWER_ROOT:?set REVIEWER_ROOT}/free_cardinal__bnci2014_001,${GPU:?set GPU},scripts/reproduce.sh reviewer estimate --scope dataset --model free_cardinal --dataset bnci2014_001,"scripts/reproduce.sh reviewer run --scope dataset --model free_cardinal --dataset bnci2014_001 --cache-root ""${CACHE_ROOT:?set CACHE_ROOT}"" --run-root ""${REVIEWER_ROOT:?set REVIEWER_ROOT}/free_cardinal__bnci2014_001"" --gpu ""${GPU:?set GPU}""","scripts/reproduce.sh reviewer status --run-root ""${REVIEWER_ROOT:?set REVIEWER_ROOT}/free_cardinal__bnci2014_001""","scripts/reproduce.sh reviewer compare --run-root ""${REVIEWER_ROOT:?set REVIEWER_ROOT}/free_cardinal__bnci2014_001"" --cache-root ""${CACHE_ROOT:?set CACHE_ROOT}"""
dataset::free_cardinal::bnci2014_004,free_cardinal::bnci2014_004,free_cardinal,26,equal_dataset_macro_balanced_accuracy,descriptive_opened_development_suite_only,26,sealed overall accuracy descending; frozen plan architecture order breaks exact ties,dataset,bnci2014_004,dataset,9,1,9,5,45,0.7604365079365079,0.760436507936508,76.04%,76.044%,76.04%,76.044%,mean_seeds_within_subject_then_mean_subjects,0.068739587642,sum of sealed job_total_seconds measured on the formal four-RTX-A5000 workstation; not a wall-clock estimate or cross-hardware promise,public_official_record_cc_by_nd_4_0_subject_to_terms,true,false,"opened-development evidence only; not independent confirmation, a clinical result, or a global SOTA claim",strict score match requires the exact selected Cartesian replay and checks accuracy plus balanced accuracy; it does not imply bit-exact predictions,"rank is sealed-table context, not established by replaying one cell or one model; rank confirmation requires all 43 complete model rows","fixed-protocol replication is not exact execution identity unless source, cache, split, lock, CUDA, driver, and physical GPU identities all match",65b93b7e5d09cfc30fb6ce28156368e66aec1503f4efa37faa3189e25ebbc3b1,548c0bb707ac99debfafbc9082dd322aec7eb799e69f1ad69e25231eeb75873f,ed1070f69367e36109c473c193b4f898de40ad689a8d367ac3d9e7471a82a1cd,results/common_grid_v6/analysis/dataset_summary.csv,0f24934e47c275ffb66b06e78266cb7fc1883f3046da876a5ed50089c09686cf,results/common_grid_v6/analysis/model_ranking.csv,adddfd4687e09710b2867252fc873687f48ef073c555a9c0b604af9dd31e4e32,results/common_grid_v6/analysis/job_metrics.csv,fda26e3a545811d1f9d4b4ed2b9885cff0bab3505f6be8e6eb97491bb3355e1d,model::free_cardinal,false,${CACHE_ROOT:?set CACHE_ROOT},${REVIEWER_ROOT:?set REVIEWER_ROOT},${REVIEWER_ROOT:?set REVIEWER_ROOT}/free_cardinal__bnci2014_004,${GPU:?set GPU},scripts/reproduce.sh reviewer estimate --scope dataset --model free_cardinal --dataset bnci2014_004,"scripts/reproduce.sh reviewer run --scope dataset --model free_cardinal --dataset bnci2014_004 --cache-root ""${CACHE_ROOT:?set CACHE_ROOT}"" --run-root ""${REVIEWER_ROOT:?set REVIEWER_ROOT}/free_cardinal__bnci2014_004"" --gpu ""${GPU:?set GPU}""","scripts/reproduce.sh reviewer status --run-root ""${REVIEWER_ROOT:?set REVIEWER_ROOT}/free_cardinal__bnci2014_004""","scripts/reproduce.sh reviewer compare --run-root ""${REVIEWER_ROOT:?set REVIEWER_ROOT}/free_cardinal__bnci2014_004"" --cache-root ""${CACHE_ROOT:?set CACHE_ROOT}"""
dataset::free_cardinal::cho2017,free_cardinal::cho2017,free_cardinal,26,equal_dataset_macro_balanced_accuracy,descriptive_opened_development_suite_only,26,sealed overall accuracy descending; frozen plan architecture order breaks exact ties,dataset,cho2017,dataset,52,5,260,5,1300,0.6778301282051283,0.6778301282051283,67.78%,67.783%,67.78%,67.783%,mean_seeds_within_subject_then_mean_subjects,1.262217699586,sum of sealed job_total_seconds measured on the formal four-RTX-A5000 workstation; not a wall-clock estimate or cross-hardware promise,public_record_exact_acquired_byte_terms_unresolved,true,false,"opened-development evidence only; not independent confirmation, a clinical result, or a global SOTA claim",strict score match requires the exact selected Cartesian replay and checks accuracy plus balanced accuracy; it does not imply bit-exact predictions,"rank is sealed-table context, not established by replaying one cell or one model; rank confirmation requires all 43 complete model rows","fixed-protocol replication is not exact execution identity unless source, cache, split, lock, CUDA, driver, and physical GPU identities all match",65b93b7e5d09cfc30fb6ce28156368e66aec1503f4efa37faa3189e25ebbc3b1,548c0bb707ac99debfafbc9082dd322aec7eb799e69f1ad69e25231eeb75873f,ed1070f69367e36109c473c193b4f898de40ad689a8d367ac3d9e7471a82a1cd,results/common_grid_v6/analysis/dataset_summary.csv,0f24934e47c275ffb66b06e78266cb7fc1883f3046da876a5ed50089c09686cf,results/common_grid_v6/analysis/model_ranking.csv,adddfd4687e09710b2867252fc873687f48ef073c555a9c0b604af9dd31e4e32,results/common_grid_v6/analysis/job_metrics.csv,fda26e3a545811d1f9d4b4ed2b9885cff0bab3505f6be8e6eb97491bb3355e1d,model::free_cardinal,false,${CACHE_ROOT:?set CACHE_ROOT},${REVIEWER_ROOT:?set REVIEWER_ROOT},${REVIEWER_ROOT:?set REVIEWER_ROOT}/free_cardinal__cho2017,${GPU:?set GPU},scripts/reproduce.sh reviewer estimate --scope dataset --model free_cardinal --dataset cho2017,"scripts/reproduce.sh reviewer run --scope dataset --model free_cardinal --dataset cho2017 --cache-root ""${CACHE_ROOT:?set CACHE_ROOT}"" --run-root ""${REVIEWER_ROOT:?set REVIEWER_ROOT}/free_cardinal__cho2017"" --gpu ""${GPU:?set GPU}""","scripts/reproduce.sh reviewer status --run-root ""${REVIEWER_ROOT:?set REVIEWER_ROOT}/free_cardinal__cho2017""","scripts/reproduce.sh reviewer compare --run-root ""${REVIEWER_ROOT:?set REVIEWER_ROOT}/free_cardinal__cho2017"" --cache-root ""${CACHE_ROOT:?set CACHE_ROOT}"""
dataset::free_cardinal::physionet_mi,free_cardinal::physionet_mi,free_cardinal,26,equal_dataset_macro_balanced_accuracy,descriptive_opened_development_suite_only,26,sealed overall accuracy descending; frozen plan architecture order breaks exact ties,dataset,physionet_mi,dataset,54,3,162,5,810,0.5841975308641975,0.58217239684631,58.42%,58.420%,58.22%,58.217%,mean_seeds_within_subject_then_mean_subjects,0.215860867042,sum of sealed job_total_seconds measured on the formal four-RTX-A5000 workstation; not a wall-clock estimate or cross-hardware promise,public_official_record_odc_by_1_0_subject_to_terms,true,false,"opened-development evidence only; not independent confirmation, a clinical result, or a global SOTA claim",strict score match requires the exact selected Cartesian replay and checks accuracy plus balanced accuracy; it does not imply bit-exact predictions,"rank is sealed-table context, not established by replaying one cell or one model; rank confirmation requires all 43 complete model rows","fixed-protocol replication is not exact execution identity unless source, cache, split, lock, CUDA, driver, and physical GPU identities all match",65b93b7e5d09cfc30fb6ce28156368e66aec1503f4efa37faa3189e25ebbc3b1,548c0bb707ac99debfafbc9082dd322aec7eb799e69f1ad69e25231eeb75873f,ed1070f69367e36109c473c193b4f898de40ad689a8d367ac3d9e7471a82a1cd,results/common_grid_v6/analysis/dataset_summary.csv,0f24934e47c275ffb66b06e78266cb7fc1883f3046da876a5ed50089c09686cf,results/common_grid_v6/analysis/model_ranking.csv,adddfd4687e09710b2867252fc873687f48ef073c555a9c0b604af9dd31e4e32,results/common_grid_v6/analysis/job_metrics.csv,fda26e3a545811d1f9d4b4ed2b9885cff0bab3505f6be8e6eb97491bb3355e1d,model::free_cardinal,false,${CACHE_ROOT:?set CACHE_ROOT},${REVIEWER_ROOT:?set REVIEWER_ROOT},${REVIEWER_ROOT:?set REVIEWER_ROOT}/free_cardinal__physionet_mi,${GPU:?set GPU},scripts/reproduce.sh reviewer estimate --scope dataset --model free_cardinal --dataset physionet_mi,"scripts/reproduce.sh reviewer run --scope dataset --model free_cardinal --dataset physionet_mi --cache-root ""${CACHE_ROOT:?set CACHE_ROOT}"" --run-root ""${REVIEWER_ROOT:?set REVIEWER_ROOT}/free_cardinal__physionet_mi"" --gpu ""${GPU:?set GPU}""","scripts/reproduce.sh reviewer status --run-root ""${REVIEWER_ROOT:?set REVIEWER_ROOT}/free_cardinal__physionet_mi""","scripts/reproduce.sh reviewer compare --run-root ""${REVIEWER_ROOT:?set REVIEWER_ROOT}/free_cardinal__physionet_mi"" --cache-root ""${CACHE_ROOT:?set CACHE_ROOT}"""
model::free_cardinal,free_cardinal::overall,free_cardinal,26,equal_dataset_macro_balanced_accuracy,descriptive_opened_development_suite_only,26,sealed overall accuracy descending; frozen plan architecture order breaks exact ties,overall,overall,model,132,by_dataset:1|1|1|5|3,448,5,2240,0.7216378951295619,0.7212328683259843,72.16%,72.164%,72.12%,72.123%,fold_concatenation_then_seed_mean_then_subject_mean_then_equal_dataset_mean,1.715775492668,sum of sealed job_total_seconds measured on the formal four-RTX-A5000 workstation; not a wall-clock estimate or cross-hardware promise,mixed_includes_private_local_exp4_authorization_required,false,false,"opened-development evidence only; not independent confirmation, a clinical result, or a global SOTA claim",strict score match requires the exact selected Cartesian replay and checks accuracy plus balanced accuracy; it does not imply bit-exact predictions,"rank is sealed-table context, not established by replaying one cell or one model; rank confirmation requires all 43 complete model rows","fixed-protocol replication is not exact execution identity unless source, cache, split, lock, CUDA, driver, and physical GPU identities all match",65b93b7e5d09cfc30fb6ce28156368e66aec1503f4efa37faa3189e25ebbc3b1,548c0bb707ac99debfafbc9082dd322aec7eb799e69f1ad69e25231eeb75873f,ed1070f69367e36109c473c193b4f898de40ad689a8d367ac3d9e7471a82a1cd,results/common_grid_v6/analysis/overall_summary.csv,d45dd54801f4ba9074bba808cd7076bd04c9a5267944ec4f7af274de96a11c6f,results/common_grid_v6/analysis/model_ranking.csv,adddfd4687e09710b2867252fc873687f48ef073c555a9c0b604af9dd31e4e32,results/common_grid_v6/analysis/job_metrics.csv,fda26e3a545811d1f9d4b4ed2b9885cff0bab3505f6be8e6eb97491bb3355e1d,model::free_cardinal,true,${CACHE_ROOT:?set CACHE_ROOT},${REVIEWER_ROOT:?set REVIEWER_ROOT},${REVIEWER_ROOT:?set REVIEWER_ROOT}/free_cardinal__overall,${GPU:?set GPU},scripts/reproduce.sh reviewer estimate --scope model --model free_cardinal,"scripts/reproduce.sh reviewer run --scope model --model free_cardinal --cache-root ""${CACHE_ROOT:?set CACHE_ROOT}"" --run-root ""${REVIEWER_ROOT:?set REVIEWER_ROOT}/free_cardinal__overall"" --gpu ""${GPU:?set GPU}""","scripts/reproduce.sh reviewer status --run-root ""${REVIEWER_ROOT:?set REVIEWER_ROOT}/free_cardinal__overall""","scripts/reproduce.sh reviewer compare --run-root ""${REVIEWER_ROOT:?set REVIEWER_ROOT}/free_cardinal__overall"" --cache-root ""${CACHE_ROOT:?set CACHE_ROOT}"""
dataset::cardinal_mix_drop::local_exp4,cardinal_mix_drop::local_exp4,cardinal_mix_drop,27,equal_dataset_macro_balanced_accuracy,descriptive_opened_development_suite_only,27,sealed overall accuracy descending; frozen plan architecture order breaks exact ties,dataset,local_exp4,dataset,8,1,8,5,40,0.8316666666666667,0.8316666666666668,83.17%,83.167%,83.17%,83.167%,mean_seeds_within_subject_then_mean_subjects,0.087028013994,sum of sealed job_total_seconds measured on the formal four-RTX-A5000 workstation; not a wall-clock estimate or cross-hardware promise,private_institutional_authorization_required,false,false,"opened-development evidence only; not independent confirmation, a clinical result, or a global SOTA claim",strict score match requires the exact selected Cartesian replay and checks accuracy plus balanced accuracy; it does not imply bit-exact predictions,"rank is sealed-table context, not established by replaying one cell or one model; rank confirmation requires all 43 complete model rows","fixed-protocol replication is not exact execution identity unless source, cache, split, lock, CUDA, driver, and physical GPU identities all match",65b93b7e5d09cfc30fb6ce28156368e66aec1503f4efa37faa3189e25ebbc3b1,548c0bb707ac99debfafbc9082dd322aec7eb799e69f1ad69e25231eeb75873f,ed1070f69367e36109c473c193b4f898de40ad689a8d367ac3d9e7471a82a1cd,results/common_grid_v6/analysis/dataset_summary.csv,0f24934e47c275ffb66b06e78266cb7fc1883f3046da876a5ed50089c09686cf,results/common_grid_v6/analysis/model_ranking.csv,adddfd4687e09710b2867252fc873687f48ef073c555a9c0b604af9dd31e4e32,results/common_grid_v6/analysis/job_metrics.csv,fda26e3a545811d1f9d4b4ed2b9885cff0bab3505f6be8e6eb97491bb3355e1d,model::cardinal_mix_drop,false,${CACHE_ROOT:?set CACHE_ROOT},${REVIEWER_ROOT:?set REVIEWER_ROOT},${REVIEWER_ROOT:?set REVIEWER_ROOT}/cardinal_mix_drop__local_exp4,${GPU:?set GPU},scripts/reproduce.sh reviewer estimate --scope dataset --model cardinal_mix_drop --dataset local_exp4,"scripts/reproduce.sh reviewer run --scope dataset --model cardinal_mix_drop --dataset local_exp4 --cache-root ""${CACHE_ROOT:?set CACHE_ROOT}"" --run-root ""${REVIEWER_ROOT:?set REVIEWER_ROOT}/cardinal_mix_drop__local_exp4"" --gpu ""${GPU:?set GPU}""","scripts/reproduce.sh reviewer status --run-root ""${REVIEWER_ROOT:?set REVIEWER_ROOT}/cardinal_mix_drop__local_exp4""","scripts/reproduce.sh reviewer compare --run-root ""${REVIEWER_ROOT:?set REVIEWER_ROOT}/cardinal_mix_drop__local_exp4"" --cache-root ""${CACHE_ROOT:?set CACHE_ROOT}"""
dataset::cardinal_mix_drop::bnci2014_001,cardinal_mix_drop::bnci2014_001,cardinal_mix_drop,27,equal_dataset_macro_balanced_accuracy,descriptive_opened_development_suite_only,27,sealed overall accuracy descending; frozen plan architecture order breaks exact ties,dataset,bnci2014_001,dataset,9,1,9,5,45,0.7209104938271604,0.7209104938271603,72.09%,72.091%,72.09%,72.091%,mean_seeds_within_subject_then_mean_subjects,0.176581198703,sum of sealed job_total_seconds measured on the formal four-RTX-A5000 workstation; not a wall-clock estimate or cross-hardware promise,public_official_record_cc_by_nd_4_0_subject_to_terms,true,false,"opened-development evidence only; not independent confirmation, a clinical result, or a global SOTA claim",strict score match requires the exact selected Cartesian replay and checks accuracy plus balanced accuracy; it does not imply bit-exact predictions,"rank is sealed-table context, not established by replaying one cell or one model; rank confirmation requires all 43 complete model rows","fixed-protocol replication is not exact execution identity unless source, cache, split, lock, CUDA, driver, and physical GPU identities all match",65b93b7e5d09cfc30fb6ce28156368e66aec1503f4efa37faa3189e25ebbc3b1,548c0bb707ac99debfafbc9082dd322aec7eb799e69f1ad69e25231eeb75873f,ed1070f69367e36109c473c193b4f898de40ad689a8d367ac3d9e7471a82a1cd,results/common_grid_v6/analysis/dataset_summary.csv,0f24934e47c275ffb66b06e78266cb7fc1883f3046da876a5ed50089c09686cf,results/common_grid_v6/analysis/model_ranking.csv,adddfd4687e09710b2867252fc873687f48ef073c555a9c0b604af9dd31e4e32,results/common_grid_v6/analysis/job_metrics.csv,fda26e3a545811d1f9d4b4ed2b9885cff0bab3505f6be8e6eb97491bb3355e1d,model::cardinal_mix_drop,false,${CACHE_ROOT:?set CACHE_ROOT},${REVIEWER_ROOT:?set REVIEWER_ROOT},${REVIEWER_ROOT:?set REVIEWER_ROOT}/cardinal_mix_drop__bnci2014_001,${GPU:?set GPU},scripts/reproduce.sh reviewer estimate --scope dataset --model cardinal_mix_drop --dataset bnci2014_001,"scripts/reproduce.sh reviewer run --scope dataset --model cardinal_mix_drop --dataset bnci2014_001 --cache-root ""${CACHE_ROOT:?set CACHE_ROOT}"" --run-root ""${REVIEWER_ROOT:?set REVIEWER_ROOT}/cardinal_mix_drop__bnci2014_001"" --gpu ""${GPU:?set GPU}""","scripts/reproduce.sh reviewer status --run-root ""${REVIEWER_ROOT:?set REVIEWER_ROOT}/cardinal_mix_drop__bnci2014_001""","scripts/reproduce.sh reviewer compare --run-root ""${REVIEWER_ROOT:?set REVIEWER_ROOT}/cardinal_mix_drop__bnci2014_001"" --cache-root ""${CACHE_ROOT:?set CACHE_ROOT}"""
dataset::cardinal_mix_drop::bnci2014_004,cardinal_mix_drop::bnci2014_004,cardinal_mix_drop,27,equal_dataset_macro_balanced_accuracy,descriptive_opened_development_suite_only,27,sealed overall accuracy descending; frozen plan architecture order breaks exact ties,dataset,bnci2014_004,dataset,9,1,9,5,45,0.7769940476190477,0.7769940476190477,77.70%,77.699%,77.70%,77.699%,mean_seeds_within_subject_then_mean_subjects,0.073765163809,sum of sealed job_total_seconds measured on the formal four-RTX-A5000 workstation; not a wall-clock estimate or cross-hardware promise,public_official_record_cc_by_nd_4_0_subject_to_terms,true,false,"opened-development evidence only; not independent confirmation, a clinical result, or a global SOTA claim",strict score match requires the exact selected Cartesian replay and checks accuracy plus balanced accuracy; it does not imply bit-exact predictions,"rank is sealed-table context, not established by replaying one cell or one model; rank confirmation requires all 43 complete model rows","fixed-protocol replication is not exact execution identity unless source, cache, split, lock, CUDA, driver, and physical GPU identities all match",65b93b7e5d09cfc30fb6ce28156368e66aec1503f4efa37faa3189e25ebbc3b1,548c0bb707ac99debfafbc9082dd322aec7eb799e69f1ad69e25231eeb75873f,ed1070f69367e36109c473c193b4f898de40ad689a8d367ac3d9e7471a82a1cd,results/common_grid_v6/analysis/dataset_summary.csv,0f24934e47c275ffb66b06e78266cb7fc1883f3046da876a5ed50089c09686cf,results/common_grid_v6/analysis/model_ranking.csv,adddfd4687e09710b2867252fc873687f48ef073c555a9c0b604af9dd31e4e32,results/common_grid_v6/analysis/job_metrics.csv,fda26e3a545811d1f9d4b4ed2b9885cff0bab3505f6be8e6eb97491bb3355e1d,model::cardinal_mix_drop,false,${CACHE_ROOT:?set CACHE_ROOT},${REVIEWER_ROOT:?set REVIEWER_ROOT},${REVIEWER_ROOT:?set REVIEWER_ROOT}/cardinal_mix_drop__bnci2014_004,${GPU:?set GPU},scripts/reproduce.sh reviewer estimate --scope dataset --model cardinal_mix_drop --dataset bnci2014_004,"scripts/reproduce.sh reviewer run --scope dataset --model cardinal_mix_drop --dataset bnci2014_004 --cache-root ""${CACHE_ROOT:?set CACHE_ROOT}"" --run-root ""${REVIEWER_ROOT:?set REVIEWER_ROOT}/cardinal_mix_drop__bnci2014_004"" --gpu ""${GPU:?set GPU}""","scripts/reproduce.sh reviewer status --run-root ""${REVIEWER_ROOT:?set REVIEWER_ROOT}/cardinal_mix_drop__bnci2014_004""","scripts/reproduce.sh reviewer compare --run-root ""${REVIEWER_ROOT:?set REVIEWER_ROOT}/cardinal_mix_drop__bnci2014_004"" --cache-root ""${CACHE_ROOT:?set CACHE_ROOT}"""
dataset::cardinal_mix_drop::cho2017,cardinal_mix_drop::cho2017,cardinal_mix_drop,27,equal_dataset_macro_balanced_accuracy,descriptive_opened_development_suite_only,27,sealed overall accuracy descending; frozen plan architecture order breaks exact ties,dataset,cho2017,dataset,52,5,260,5,1300,0.6809519230769231,0.6809519230769231,68.10%,68.095%,68.10%,68.095%,mean_seeds_within_subject_then_mean_subjects,1.990409093048,sum of sealed job_total_seconds measured on the formal four-RTX-A5000 workstation; not a wall-clock estimate or cross-hardware promise,public_record_exact_acquired_byte_terms_unresolved,true,false,"opened-development evidence only; not independent confirmation, a clinical result, or a global SOTA claim",strict score match requires the exact selected Cartesian replay and checks accuracy plus balanced accuracy; it does not imply bit-exact predictions,"rank is sealed-table context, not established by replaying one cell or one model; rank confirmation requires all 43 complete model rows","fixed-protocol replication is not exact execution identity unless source, cache, split, lock, CUDA, driver, and physical GPU identities all match",65b93b7e5d09cfc30fb6ce28156368e66aec1503f4efa37faa3189e25ebbc3b1,548c0bb707ac99debfafbc9082dd322aec7eb799e69f1ad69e25231eeb75873f,ed1070f69367e36109c473c193b4f898de40ad689a8d367ac3d9e7471a82a1cd,results/common_grid_v6/analysis/dataset_summary.csv,0f24934e47c275ffb66b06e78266cb7fc1883f3046da876a5ed50089c09686cf,results/common_grid_v6/analysis/model_ranking.csv,adddfd4687e09710b2867252fc873687f48ef073c555a9c0b604af9dd31e4e32,results/common_grid_v6/analysis/job_metrics.csv,fda26e3a545811d1f9d4b4ed2b9885cff0bab3505f6be8e6eb97491bb3355e1d,model::cardinal_mix_drop,false,${CACHE_ROOT:?set CACHE_ROOT},${REVIEWER_ROOT:?set REVIEWER_ROOT},${REVIEWER_ROOT:?set REVIEWER_ROOT}/cardinal_mix_drop__cho2017,${GPU:?set GPU},scripts/reproduce.sh reviewer estimate --scope dataset --model cardinal_mix_drop --dataset cho2017,"scripts/reproduce.sh reviewer run --scope dataset --model cardinal_mix_drop --dataset cho2017 --cache-root ""${CACHE_ROOT:?set CACHE_ROOT}"" --run-root ""${REVIEWER_ROOT:?set REVIEWER_ROOT}/cardinal_mix_drop__cho2017"" --gpu ""${GPU:?set GPU}""","scripts/reproduce.sh reviewer status --run-root ""${REVIEWER_ROOT:?set REVIEWER_ROOT}/cardinal_mix_drop__cho2017""","scripts/reproduce.sh reviewer compare --run-root ""${REVIEWER_ROOT:?set REVIEWER_ROOT}/cardinal_mix_drop__cho2017"" --cache-root ""${CACHE_ROOT:?set CACHE_ROOT}"""
dataset::cardinal_mix_drop::physionet_mi,cardinal_mix_drop::physionet_mi,cardinal_mix_drop,27,equal_dataset_macro_balanced_accuracy,descriptive_opened_development_suite_only,27,sealed overall accuracy descending; frozen plan architecture order breaks exact ties,dataset,physionet_mi,dataset,54,3,162,5,810,0.571522633744856,0.570003476796955,57.15%,57.152%,57.00%,57.000%,mean_seeds_within_subject_then_mean_subjects,0.288401218540,sum of sealed job_total_seconds measured on the formal four-RTX-A5000 workstation; not a wall-clock estimate or cross-hardware promise,public_official_record_odc_by_1_0_subject_to_terms,true,false,"opened-development evidence only; not independent confirmation, a clinical result, or a global SOTA claim",strict score match requires the exact selected Cartesian replay and checks accuracy plus balanced accuracy; it does not imply bit-exact predictions,"rank is sealed-table context, not established by replaying one cell or one model; rank confirmation requires all 43 complete model rows","fixed-protocol replication is not exact execution identity unless source, cache, split, lock, CUDA, driver, and physical GPU identities all match",65b93b7e5d09cfc30fb6ce28156368e66aec1503f4efa37faa3189e25ebbc3b1,548c0bb707ac99debfafbc9082dd322aec7eb799e69f1ad69e25231eeb75873f,ed1070f69367e36109c473c193b4f898de40ad689a8d367ac3d9e7471a82a1cd,results/common_grid_v6/analysis/dataset_summary.csv,0f24934e47c275ffb66b06e78266cb7fc1883f3046da876a5ed50089c09686cf,results/common_grid_v6/analysis/model_ranking.csv,adddfd4687e09710b2867252fc873687f48ef073c555a9c0b604af9dd31e4e32,results/common_grid_v6/analysis/job_metrics.csv,fda26e3a545811d1f9d4b4ed2b9885cff0bab3505f6be8e6eb97491bb3355e1d,model::cardinal_mix_drop,false,${CACHE_ROOT:?set CACHE_ROOT},${REVIEWER_ROOT:?set REVIEWER_ROOT},${REVIEWER_ROOT:?set REVIEWER_ROOT}/cardinal_mix_drop__physionet_mi,${GPU:?set GPU},scripts/reproduce.sh reviewer estimate --scope dataset --model cardinal_mix_drop --dataset physionet_mi,"scripts/reproduce.sh reviewer run --scope dataset --model cardinal_mix_drop --dataset physionet_mi --cache-root ""${CACHE_ROOT:?set CACHE_ROOT}"" --run-root ""${REVIEWER_ROOT:?set REVIEWER_ROOT}/cardinal_mix_drop__physionet_mi"" --gpu ""${GPU:?set GPU}""","scripts/reproduce.sh reviewer status --run-root ""${REVIEWER_ROOT:?set REVIEWER_ROOT}/cardinal_mix_drop__physionet_mi""","scripts/reproduce.sh reviewer compare --run-root ""${REVIEWER_ROOT:?set REVIEWER_ROOT}/cardinal_mix_drop__physionet_mi"" --cache-root ""${CACHE_ROOT:?set CACHE_ROOT}"""
model::cardinal_mix_drop,cardinal_mix_drop::overall,cardinal_mix_drop,27,equal_dataset_macro_balanced_accuracy,descriptive_opened_development_suite_only,27,sealed overall accuracy descending; frozen plan architecture order breaks exact ties,overall,overall,model,132,by_dataset:1|1|1|5|3,448,5,2240,0.7164091529869308,0.7161053215973505,71.64%,71.641%,71.61%,71.611%,fold_concatenation_then_seed_mean_then_subject_mean_then_equal_dataset_mean,2.616184688094,sum of sealed job_total_seconds measured on the formal four-RTX-A5000 workstation; not a wall-clock estimate or cross-hardware promise,mixed_includes_private_local_exp4_authorization_required,false,false,"opened-development evidence only; not independent confirmation, a clinical result, or a global SOTA claim",strict score match requires the exact selected Cartesian replay and checks accuracy plus balanced accuracy; it does not imply bit-exact predictions,"rank is sealed-table context, not established by replaying one cell or one model; rank confirmation requires all 43 complete model rows","fixed-protocol replication is not exact execution identity unless source, cache, split, lock, CUDA, driver, and physical GPU identities all match",65b93b7e5d09cfc30fb6ce28156368e66aec1503f4efa37faa3189e25ebbc3b1,548c0bb707ac99debfafbc9082dd322aec7eb799e69f1ad69e25231eeb75873f,ed1070f69367e36109c473c193b4f898de40ad689a8d367ac3d9e7471a82a1cd,results/common_grid_v6/analysis/overall_summary.csv,d45dd54801f4ba9074bba808cd7076bd04c9a5267944ec4f7af274de96a11c6f,results/common_grid_v6/analysis/model_ranking.csv,adddfd4687e09710b2867252fc873687f48ef073c555a9c0b604af9dd31e4e32,results/common_grid_v6/analysis/job_metrics.csv,fda26e3a545811d1f9d4b4ed2b9885cff0bab3505f6be8e6eb97491bb3355e1d,model::cardinal_mix_drop,true,${CACHE_ROOT:?set CACHE_ROOT},${REVIEWER_ROOT:?set REVIEWER_ROOT},${REVIEWER_ROOT:?set REVIEWER_ROOT}/cardinal_mix_drop__overall,${GPU:?set GPU},scripts/reproduce.sh reviewer estimate --scope model --model cardinal_mix_drop,"scripts/reproduce.sh reviewer run --scope model --model cardinal_mix_drop --cache-root ""${CACHE_ROOT:?set CACHE_ROOT}"" --run-root ""${REVIEWER_ROOT:?set REVIEWER_ROOT}/cardinal_mix_drop__overall"" --gpu ""${GPU:?set GPU}""","scripts/reproduce.sh reviewer status --run-root ""${REVIEWER_ROOT:?set REVIEWER_ROOT}/cardinal_mix_drop__overall""","scripts/reproduce.sh reviewer compare --run-root ""${REVIEWER_ROOT:?set REVIEWER_ROOT}/cardinal_mix_drop__overall"" --cache-root ""${CACHE_ROOT:?set CACHE_ROOT}"""
dataset::cardinal_mix::local_exp4,cardinal_mix::local_exp4,cardinal_mix,28,equal_dataset_macro_balanced_accuracy,descriptive_opened_development_suite_only,28,sealed overall accuracy descending; frozen plan architecture order breaks exact ties,dataset,local_exp4,dataset,8,1,8,5,40,0.8212499999999999,0.82125,82.12%,82.125%,82.12%,82.125%,mean_seeds_within_subject_then_mean_subjects,0.076294920988,sum of sealed job_total_seconds measured on the formal four-RTX-A5000 workstation; not a wall-clock estimate or cross-hardware promise,private_institutional_authorization_required,false,false,"opened-development evidence only; not independent confirmation, a clinical result, or a global SOTA claim",strict score match requires the exact selected Cartesian replay and checks accuracy plus balanced accuracy; it does not imply bit-exact predictions,"rank is sealed-table context, not established by replaying one cell or one model; rank confirmation requires all 43 complete model rows","fixed-protocol replication is not exact execution identity unless source, cache, split, lock, CUDA, driver, and physical GPU identities all match",65b93b7e5d09cfc30fb6ce28156368e66aec1503f4efa37faa3189e25ebbc3b1,548c0bb707ac99debfafbc9082dd322aec7eb799e69f1ad69e25231eeb75873f,ed1070f69367e36109c473c193b4f898de40ad689a8d367ac3d9e7471a82a1cd,results/common_grid_v6/analysis/dataset_summary.csv,0f24934e47c275ffb66b06e78266cb7fc1883f3046da876a5ed50089c09686cf,results/common_grid_v6/analysis/model_ranking.csv,adddfd4687e09710b2867252fc873687f48ef073c555a9c0b604af9dd31e4e32,results/common_grid_v6/analysis/job_metrics.csv,fda26e3a545811d1f9d4b4ed2b9885cff0bab3505f6be8e6eb97491bb3355e1d,model::cardinal_mix,false,${CACHE_ROOT:?set CACHE_ROOT},${REVIEWER_ROOT:?set REVIEWER_ROOT},${REVIEWER_ROOT:?set REVIEWER_ROOT}/cardinal_mix__local_exp4,${GPU:?set GPU},scripts/reproduce.sh reviewer estimate --scope dataset --model cardinal_mix --dataset local_exp4,"scripts/reproduce.sh reviewer run --scope dataset --model cardinal_mix --dataset local_exp4 --cache-root ""${CACHE_ROOT:?set CACHE_ROOT}"" --run-root ""${REVIEWER_ROOT:?set REVIEWER_ROOT}/cardinal_mix__local_exp4"" --gpu ""${GPU:?set GPU}""","scripts/reproduce.sh reviewer status --run-root ""${REVIEWER_ROOT:?set REVIEWER_ROOT}/cardinal_mix__local_exp4""","scripts/reproduce.sh reviewer compare --run-root ""${REVIEWER_ROOT:?set REVIEWER_ROOT}/cardinal_mix__local_exp4"" --cache-root ""${CACHE_ROOT:?set CACHE_ROOT}"""
dataset::cardinal_mix::bnci2014_001,cardinal_mix::bnci2014_001,cardinal_mix,28,equal_dataset_macro_balanced_accuracy,descriptive_opened_development_suite_only,28,sealed overall accuracy descending; frozen plan architecture order breaks exact ties,dataset,bnci2014_001,dataset,9,1,9,5,45,0.7197530864197531,0.719753086419753,71.98%,71.975%,71.98%,71.975%,mean_seeds_within_subject_then_mean_subjects,0.177077157980,sum of sealed job_total_seconds measured on the formal four-RTX-A5000 workstation; not a wall-clock estimate or cross-hardware promise,public_official_record_cc_by_nd_4_0_subject_to_terms,true,false,"opened-development evidence only; not independent confirmation, a clinical result, or a global SOTA claim",strict score match requires the exact selected Cartesian replay and checks accuracy plus balanced accuracy; it does not imply bit-exact predictions,"rank is sealed-table context, not established by replaying one cell or one model; rank confirmation requires all 43 complete model rows","fixed-protocol replication is not exact execution identity unless source, cache, split, lock, CUDA, driver, and physical GPU identities all match",65b93b7e5d09cfc30fb6ce28156368e66aec1503f4efa37faa3189e25ebbc3b1,548c0bb707ac99debfafbc9082dd322aec7eb799e69f1ad69e25231eeb75873f,ed1070f69367e36109c473c193b4f898de40ad689a8d367ac3d9e7471a82a1cd,results/common_grid_v6/analysis/dataset_summary.csv,0f24934e47c275ffb66b06e78266cb7fc1883f3046da876a5ed50089c09686cf,results/common_grid_v6/analysis/model_ranking.csv,adddfd4687e09710b2867252fc873687f48ef073c555a9c0b604af9dd31e4e32,results/common_grid_v6/analysis/job_metrics.csv,fda26e3a545811d1f9d4b4ed2b9885cff0bab3505f6be8e6eb97491bb3355e1d,model::cardinal_mix,false,${CACHE_ROOT:?set CACHE_ROOT},${REVIEWER_ROOT:?set REVIEWER_ROOT},${REVIEWER_ROOT:?set REVIEWER_ROOT}/cardinal_mix__bnci2014_001,${GPU:?set GPU},scripts/reproduce.sh reviewer estimate --scope dataset --model cardinal_mix --dataset bnci2014_001,"scripts/reproduce.sh reviewer run --scope dataset --model cardinal_mix --dataset bnci2014_001 --cache-root ""${CACHE_ROOT:?set CACHE_ROOT}"" --run-root ""${REVIEWER_ROOT:?set REVIEWER_ROOT}/cardinal_mix__bnci2014_001"" --gpu ""${GPU:?set GPU}""","scripts/reproduce.sh reviewer status --run-root ""${REVIEWER_ROOT:?set REVIEWER_ROOT}/cardinal_mix__bnci2014_001""","scripts/reproduce.sh reviewer compare --run-root ""${REVIEWER_ROOT:?set REVIEWER_ROOT}/cardinal_mix__bnci2014_001"" --cache-root ""${CACHE_ROOT:?set CACHE_ROOT}"""
dataset::cardinal_mix::bnci2014_004,cardinal_mix::bnci2014_004,cardinal_mix,28,equal_dataset_macro_balanced_accuracy,descriptive_opened_development_suite_only,28,sealed overall accuracy descending; frozen plan architecture order breaks exact ties,dataset,bnci2014_004,dataset,9,1,9,5,45,0.7767658730158731,0.7767658730158731,77.68%,77.677%,77.68%,77.677%,mean_seeds_within_subject_then_mean_subjects,0.069636362265,sum of sealed job_total_seconds measured on the formal four-RTX-A5000 workstation; not a wall-clock estimate or cross-hardware promise,public_official_record_cc_by_nd_4_0_subject_to_terms,true,false,"opened-development evidence only; not independent confirmation, a clinical result, or a global SOTA claim",strict score match requires the exact selected Cartesian replay and checks accuracy plus balanced accuracy; it does not imply bit-exact predictions,"rank is sealed-table context, not established by replaying one cell or one model; rank confirmation requires all 43 complete model rows","fixed-protocol replication is not exact execution identity unless source, cache, split, lock, CUDA, driver, and physical GPU identities all match",65b93b7e5d09cfc30fb6ce28156368e66aec1503f4efa37faa3189e25ebbc3b1,548c0bb707ac99debfafbc9082dd322aec7eb799e69f1ad69e25231eeb75873f,ed1070f69367e36109c473c193b4f898de40ad689a8d367ac3d9e7471a82a1cd,results/common_grid_v6/analysis/dataset_summary.csv,0f24934e47c275ffb66b06e78266cb7fc1883f3046da876a5ed50089c09686cf,results/common_grid_v6/analysis/model_ranking.csv,adddfd4687e09710b2867252fc873687f48ef073c555a9c0b604af9dd31e4e32,results/common_grid_v6/analysis/job_metrics.csv,fda26e3a545811d1f9d4b4ed2b9885cff0bab3505f6be8e6eb97491bb3355e1d,model::cardinal_mix,false,${CACHE_ROOT:?set CACHE_ROOT},${REVIEWER_ROOT:?set REVIEWER_ROOT},${REVIEWER_ROOT:?set REVIEWER_ROOT}/cardinal_mix__bnci2014_004,${GPU:?set GPU},scripts/reproduce.sh reviewer estimate --scope dataset --model cardinal_mix --dataset bnci2014_004,"scripts/reproduce.sh reviewer run --scope dataset --model cardinal_mix --dataset bnci2014_004 --cache-root ""${CACHE_ROOT:?set CACHE_ROOT}"" --run-root ""${REVIEWER_ROOT:?set REVIEWER_ROOT}/cardinal_mix__bnci2014_004"" --gpu ""${GPU:?set GPU}""","scripts/reproduce.sh reviewer status --run-root ""${REVIEWER_ROOT:?set REVIEWER_ROOT}/cardinal_mix__bnci2014_004""","scripts/reproduce.sh reviewer compare --run-root ""${REVIEWER_ROOT:?set REVIEWER_ROOT}/cardinal_mix__bnci2014_004"" --cache-root ""${CACHE_ROOT:?set CACHE_ROOT}"""
dataset::cardinal_mix::cho2017,cardinal_mix::cho2017,cardinal_mix,28,equal_dataset_macro_balanced_accuracy,descriptive_opened_development_suite_only,28,sealed overall accuracy descending; frozen plan architecture order breaks exact ties,dataset,cho2017,dataset,52,5,260,5,1300,0.6719423076923078,0.6719423076923078,67.19%,67.194%,67.19%,67.194%,mean_seeds_within_subject_then_mean_subjects,1.774795054214,sum of sealed job_total_seconds measured on the formal four-RTX-A5000 workstation; not a wall-clock estimate or cross-hardware promise,public_record_exact_acquired_byte_terms_unresolved,true,false,"opened-development evidence only; not independent confirmation, a clinical result, or a global SOTA claim",strict score match requires the exact selected Cartesian replay and checks accuracy plus balanced accuracy; it does not imply bit-exact predictions,"rank is sealed-table context, not established by replaying one cell or one model; rank confirmation requires all 43 complete model rows","fixed-protocol replication is not exact execution identity unless source, cache, split, lock, CUDA, driver, and physical GPU identities all match",65b93b7e5d09cfc30fb6ce28156368e66aec1503f4efa37faa3189e25ebbc3b1,548c0bb707ac99debfafbc9082dd322aec7eb799e69f1ad69e25231eeb75873f,ed1070f69367e36109c473c193b4f898de40ad689a8d367ac3d9e7471a82a1cd,results/common_grid_v6/analysis/dataset_summary.csv,0f24934e47c275ffb66b06e78266cb7fc1883f3046da876a5ed50089c09686cf,results/common_grid_v6/analysis/model_ranking.csv,adddfd4687e09710b2867252fc873687f48ef073c555a9c0b604af9dd31e4e32,results/common_grid_v6/analysis/job_metrics.csv,fda26e3a545811d1f9d4b4ed2b9885cff0bab3505f6be8e6eb97491bb3355e1d,model::cardinal_mix,false,${CACHE_ROOT:?set CACHE_ROOT},${REVIEWER_ROOT:?set REVIEWER_ROOT},${REVIEWER_ROOT:?set REVIEWER_ROOT}/cardinal_mix__cho2017,${GPU:?set GPU},scripts/reproduce.sh reviewer estimate --scope dataset --model cardinal_mix --dataset cho2017,"scripts/reproduce.sh reviewer run --scope dataset --model cardinal_mix --dataset cho2017 --cache-root ""${CACHE_ROOT:?set CACHE_ROOT}"" --run-root ""${REVIEWER_ROOT:?set REVIEWER_ROOT}/cardinal_mix__cho2017"" --gpu ""${GPU:?set GPU}""","scripts/reproduce.sh reviewer status --run-root ""${REVIEWER_ROOT:?set REVIEWER_ROOT}/cardinal_mix__cho2017""","scripts/reproduce.sh reviewer compare --run-root ""${REVIEWER_ROOT:?set REVIEWER_ROOT}/cardinal_mix__cho2017"" --cache-root ""${CACHE_ROOT:?set CACHE_ROOT}"""
dataset::cardinal_mix::physionet_mi,cardinal_mix::physionet_mi,cardinal_mix,28,equal_dataset_macro_balanced_accuracy,descriptive_opened_development_suite_only,28,sealed overall accuracy descending; frozen plan architecture order breaks exact ties,dataset,physionet_mi,dataset,54,3,162,5,810,0.568971193415638,0.5677364570480513,56.90%,56.897%,56.77%,56.774%,mean_seeds_within_subject_then_mean_subjects,0.271945160049,sum of sealed job_total_seconds measured on the formal four-RTX-A5000 workstation; not a wall-clock estimate or cross-hardware promise,public_official_record_odc_by_1_0_subject_to_terms,true,false,"opened-development evidence only; not independent confirmation, a clinical result, or a global SOTA claim",strict score match requires the exact selected Cartesian replay and checks accuracy plus balanced accuracy; it does not imply bit-exact predictions,"rank is sealed-table context, not established by replaying one cell or one model; rank confirmation requires all 43 complete model rows","fixed-protocol replication is not exact execution identity unless source, cache, split, lock, CUDA, driver, and physical GPU identities all match",65b93b7e5d09cfc30fb6ce28156368e66aec1503f4efa37faa3189e25ebbc3b1,548c0bb707ac99debfafbc9082dd322aec7eb799e69f1ad69e25231eeb75873f,ed1070f69367e36109c473c193b4f898de40ad689a8d367ac3d9e7471a82a1cd,results/common_grid_v6/analysis/dataset_summary.csv,0f24934e47c275ffb66b06e78266cb7fc1883f3046da876a5ed50089c09686cf,results/common_grid_v6/analysis/model_ranking.csv,adddfd4687e09710b2867252fc873687f48ef073c555a9c0b604af9dd31e4e32,results/common_grid_v6/analysis/job_metrics.csv,fda26e3a545811d1f9d4b4ed2b9885cff0bab3505f6be8e6eb97491bb3355e1d,model::cardinal_mix,false,${CACHE_ROOT:?set CACHE_ROOT},${REVIEWER_ROOT:?set REVIEWER_ROOT},${REVIEWER_ROOT:?set REVIEWER_ROOT}/cardinal_mix__physionet_mi,${GPU:?set GPU},scripts/reproduce.sh reviewer estimate --scope dataset --model cardinal_mix --dataset physionet_mi,"scripts/reproduce.sh reviewer run --scope dataset --model cardinal_mix --dataset physionet_mi --cache-root ""${CACHE_ROOT:?set CACHE_ROOT}"" --run-root ""${REVIEWER_ROOT:?set REVIEWER_ROOT}/cardinal_mix__physionet_mi"" --gpu ""${GPU:?set GPU}""","scripts/reproduce.sh reviewer status --run-root ""${REVIEWER_ROOT:?set REVIEWER_ROOT}/cardinal_mix__physionet_mi""","scripts/reproduce.sh reviewer compare --run-root ""${REVIEWER_ROOT:?set REVIEWER_ROOT}/cardinal_mix__physionet_mi"" --cache-root ""${CACHE_ROOT:?set CACHE_ROOT}"""
model::cardinal_mix,cardinal_mix::overall,cardinal_mix,28,equal_dataset_macro_balanced_accuracy,descriptive_opened_development_suite_only,28,sealed overall accuracy descending; frozen plan architecture order breaks exact ties,overall,overall,model,132,by_dataset:1|1|1|5|3,448,5,2240,0.7117364921087144,0.711489544835197,71.17%,71.174%,71.15%,71.149%,fold_concatenation_then_seed_mean_then_subject_mean_then_equal_dataset_mean,2.369748655497,sum of sealed job_total_seconds measured on the formal four-RTX-A5000 workstation; not a wall-clock estimate or cross-hardware promise,mixed_includes_private_local_exp4_authorization_required,false,false,"opened-development evidence only; not independent confirmation, a clinical result, or a global SOTA claim",strict score match requires the exact selected Cartesian replay and checks accuracy plus balanced accuracy; it does not imply bit-exact predictions,"rank is sealed-table context, not established by replaying one cell or one model; rank confirmation requires all 43 complete model rows","fixed-protocol replication is not exact execution identity unless source, cache, split, lock, CUDA, driver, and physical GPU identities all match",65b93b7e5d09cfc30fb6ce28156368e66aec1503f4efa37faa3189e25ebbc3b1,548c0bb707ac99debfafbc9082dd322aec7eb799e69f1ad69e25231eeb75873f,ed1070f69367e36109c473c193b4f898de40ad689a8d367ac3d9e7471a82a1cd,results/common_grid_v6/analysis/overall_summary.csv,d45dd54801f4ba9074bba808cd7076bd04c9a5267944ec4f7af274de96a11c6f,results/common_grid_v6/analysis/model_ranking.csv,adddfd4687e09710b2867252fc873687f48ef073c555a9c0b604af9dd31e4e32,results/common_grid_v6/analysis/job_metrics.csv,fda26e3a545811d1f9d4b4ed2b9885cff0bab3505f6be8e6eb97491bb3355e1d,model::cardinal_mix,true,${CACHE_ROOT:?set CACHE_ROOT},${REVIEWER_ROOT:?set REVIEWER_ROOT},${REVIEWER_ROOT:?set REVIEWER_ROOT}/cardinal_mix__overall,${GPU:?set GPU},scripts/reproduce.sh reviewer estimate --scope model --model cardinal_mix,"scripts/reproduce.sh reviewer run --scope model --model cardinal_mix --cache-root ""${CACHE_ROOT:?set CACHE_ROOT}"" --run-root ""${REVIEWER_ROOT:?set REVIEWER_ROOT}/cardinal_mix__overall"" --gpu ""${GPU:?set GPU}""","scripts/reproduce.sh reviewer status --run-root ""${REVIEWER_ROOT:?set REVIEWER_ROOT}/cardinal_mix__overall""","scripts/reproduce.sh reviewer compare --run-root ""${REVIEWER_ROOT:?set REVIEWER_ROOT}/cardinal_mix__overall"" --cache-root ""${CACHE_ROOT:?set CACHE_ROOT}"""
dataset::shallow::local_exp4,shallow::local_exp4,shallow,29,equal_dataset_macro_balanced_accuracy,descriptive_opened_development_suite_only,29,sealed overall accuracy descending; frozen plan architecture order breaks exact ties,dataset,local_exp4,dataset,8,1,8,5,40,0.8766666666666666,0.8766666666666667,87.67%,87.667%,87.67%,87.667%,mean_seeds_within_subject_then_mean_subjects,0.030337901459,sum of sealed job_total_seconds measured on the formal four-RTX-A5000 workstation; not a wall-clock estimate or cross-hardware promise,private_institutional_authorization_required,false,false,"opened-development evidence only; not independent confirmation, a clinical result, or a global SOTA claim",strict score match requires the exact selected Cartesian replay and checks accuracy plus balanced accuracy; it does not imply bit-exact predictions,"rank is sealed-table context, not established by replaying one cell or one model; rank confirmation requires all 43 complete model rows","fixed-protocol replication is not exact execution identity unless source, cache, split, lock, CUDA, driver, and physical GPU identities all match",65b93b7e5d09cfc30fb6ce28156368e66aec1503f4efa37faa3189e25ebbc3b1,548c0bb707ac99debfafbc9082dd322aec7eb799e69f1ad69e25231eeb75873f,ed1070f69367e36109c473c193b4f898de40ad689a8d367ac3d9e7471a82a1cd,results/common_grid_v6/analysis/dataset_summary.csv,0f24934e47c275ffb66b06e78266cb7fc1883f3046da876a5ed50089c09686cf,results/common_grid_v6/analysis/model_ranking.csv,adddfd4687e09710b2867252fc873687f48ef073c555a9c0b604af9dd31e4e32,results/common_grid_v6/analysis/job_metrics.csv,fda26e3a545811d1f9d4b4ed2b9885cff0bab3505f6be8e6eb97491bb3355e1d,model::shallow,false,${CACHE_ROOT:?set CACHE_ROOT},${REVIEWER_ROOT:?set REVIEWER_ROOT},${REVIEWER_ROOT:?set REVIEWER_ROOT}/shallow__local_exp4,${GPU:?set GPU},scripts/reproduce.sh reviewer estimate --scope dataset --model shallow --dataset local_exp4,"scripts/reproduce.sh reviewer run --scope dataset --model shallow --dataset local_exp4 --cache-root ""${CACHE_ROOT:?set CACHE_ROOT}"" --run-root ""${REVIEWER_ROOT:?set REVIEWER_ROOT}/shallow__local_exp4"" --gpu ""${GPU:?set GPU}""","scripts/reproduce.sh reviewer status --run-root ""${REVIEWER_ROOT:?set REVIEWER_ROOT}/shallow__local_exp4""","scripts/reproduce.sh reviewer compare --run-root ""${REVIEWER_ROOT:?set REVIEWER_ROOT}/shallow__local_exp4"" --cache-root ""${CACHE_ROOT:?set CACHE_ROOT}"""
dataset::shallow::bnci2014_001,shallow::bnci2014_001,shallow,29,equal_dataset_macro_balanced_accuracy,descriptive_opened_development_suite_only,29,sealed overall accuracy descending; frozen plan architecture order breaks exact ties,dataset,bnci2014_001,dataset,9,1,9,5,45,0.654398148148148,0.654398148148148,65.44%,65.440%,65.44%,65.440%,mean_seeds_within_subject_then_mean_subjects,0.090838898793,sum of sealed job_total_seconds measured on the formal four-RTX-A5000 workstation; not a wall-clock estimate or cross-hardware promise,public_official_record_cc_by_nd_4_0_subject_to_terms,true,false,"opened-development evidence only; not independent confirmation, a clinical result, or a global SOTA claim",strict score match requires the exact selected Cartesian replay and checks accuracy plus balanced accuracy; it does not imply bit-exact predictions,"rank is sealed-table context, not established by replaying one cell or one model; rank confirmation requires all 43 complete model rows","fixed-protocol replication is not exact execution identity unless source, cache, split, lock, CUDA, driver, and physical GPU identities all match",65b93b7e5d09cfc30fb6ce28156368e66aec1503f4efa37faa3189e25ebbc3b1,548c0bb707ac99debfafbc9082dd322aec7eb799e69f1ad69e25231eeb75873f,ed1070f69367e36109c473c193b4f898de40ad689a8d367ac3d9e7471a82a1cd,results/common_grid_v6/analysis/dataset_summary.csv,0f24934e47c275ffb66b06e78266cb7fc1883f3046da876a5ed50089c09686cf,results/common_grid_v6/analysis/model_ranking.csv,adddfd4687e09710b2867252fc873687f48ef073c555a9c0b604af9dd31e4e32,results/common_grid_v6/analysis/job_metrics.csv,fda26e3a545811d1f9d4b4ed2b9885cff0bab3505f6be8e6eb97491bb3355e1d,model::shallow,false,${CACHE_ROOT:?set CACHE_ROOT},${REVIEWER_ROOT:?set REVIEWER_ROOT},${REVIEWER_ROOT:?set REVIEWER_ROOT}/shallow__bnci2014_001,${GPU:?set GPU},scripts/reproduce.sh reviewer estimate --scope dataset --model shallow --dataset bnci2014_001,"scripts/reproduce.sh reviewer run --scope dataset --model shallow --dataset bnci2014_001 --cache-root ""${CACHE_ROOT:?set CACHE_ROOT}"" --run-root ""${REVIEWER_ROOT:?set REVIEWER_ROOT}/shallow__bnci2014_001"" --gpu ""${GPU:?set GPU}""","scripts/reproduce.sh reviewer status --run-root ""${REVIEWER_ROOT:?set REVIEWER_ROOT}/shallow__bnci2014_001""","scripts/reproduce.sh reviewer compare --run-root ""${REVIEWER_ROOT:?set REVIEWER_ROOT}/shallow__bnci2014_001"" --cache-root ""${CACHE_ROOT:?set CACHE_ROOT}"""
dataset::shallow::bnci2014_004,shallow::bnci2014_004,shallow,29,equal_dataset_macro_balanced_accuracy,descriptive_opened_development_suite_only,29,sealed overall accuracy descending; frozen plan architecture order breaks exact ties,dataset,bnci2014_004,dataset,9,1,9,5,45,0.7738888888888888,0.7738888888888887,77.39%,77.389%,77.39%,77.389%,mean_seeds_within_subject_then_mean_subjects,0.037995742902,sum of sealed job_total_seconds measured on the formal four-RTX-A5000 workstation; not a wall-clock estimate or cross-hardware promise,public_official_record_cc_by_nd_4_0_subject_to_terms,true,false,"opened-development evidence only; not independent confirmation, a clinical result, or a global SOTA claim",strict score match requires the exact selected Cartesian replay and checks accuracy plus balanced accuracy; it does not imply bit-exact predictions,"rank is sealed-table context, not established by replaying one cell or one model; rank confirmation requires all 43 complete model rows","fixed-protocol replication is not exact execution identity unless source, cache, split, lock, CUDA, driver, and physical GPU identities all match",65b93b7e5d09cfc30fb6ce28156368e66aec1503f4efa37faa3189e25ebbc3b1,548c0bb707ac99debfafbc9082dd322aec7eb799e69f1ad69e25231eeb75873f,ed1070f69367e36109c473c193b4f898de40ad689a8d367ac3d9e7471a82a1cd,results/common_grid_v6/analysis/dataset_summary.csv,0f24934e47c275ffb66b06e78266cb7fc1883f3046da876a5ed50089c09686cf,results/common_grid_v6/analysis/model_ranking.csv,adddfd4687e09710b2867252fc873687f48ef073c555a9c0b604af9dd31e4e32,results/common_grid_v6/analysis/job_metrics.csv,fda26e3a545811d1f9d4b4ed2b9885cff0bab3505f6be8e6eb97491bb3355e1d,model::shallow,false,${CACHE_ROOT:?set CACHE_ROOT},${REVIEWER_ROOT:?set REVIEWER_ROOT},${REVIEWER_ROOT:?set REVIEWER_ROOT}/shallow__bnci2014_004,${GPU:?set GPU},scripts/reproduce.sh reviewer estimate --scope dataset --model shallow --dataset bnci2014_004,"scripts/reproduce.sh reviewer run --scope dataset --model shallow --dataset bnci2014_004 --cache-root ""${CACHE_ROOT:?set CACHE_ROOT}"" --run-root ""${REVIEWER_ROOT:?set REVIEWER_ROOT}/shallow__bnci2014_004"" --gpu ""${GPU:?set GPU}""","scripts/reproduce.sh reviewer status --run-root ""${REVIEWER_ROOT:?set REVIEWER_ROOT}/shallow__bnci2014_004""","scripts/reproduce.sh reviewer compare --run-root ""${REVIEWER_ROOT:?set REVIEWER_ROOT}/shallow__bnci2014_004"" --cache-root ""${CACHE_ROOT:?set CACHE_ROOT}"""
dataset::shallow::cho2017,shallow::cho2017,shallow,29,equal_dataset_macro_balanced_accuracy,descriptive_opened_development_suite_only,29,sealed overall accuracy descending; frozen plan architecture order breaks exact ties,dataset,cho2017,dataset,52,5,260,5,1300,0.681701923076923,0.681701923076923,68.17%,68.170%,68.17%,68.170%,mean_seeds_within_subject_then_mean_subjects,0.825421693886,sum of sealed job_total_seconds measured on the formal four-RTX-A5000 workstation; not a wall-clock estimate or cross-hardware promise,public_record_exact_acquired_byte_terms_unresolved,true,false,"opened-development evidence only; not independent confirmation, a clinical result, or a global SOTA claim",strict score match requires the exact selected Cartesian replay and checks accuracy plus balanced accuracy; it does not imply bit-exact predictions,"rank is sealed-table context, not established by replaying one cell or one model; rank confirmation requires all 43 complete model rows","fixed-protocol replication is not exact execution identity unless source, cache, split, lock, CUDA, driver, and physical GPU identities all match",65b93b7e5d09cfc30fb6ce28156368e66aec1503f4efa37faa3189e25ebbc3b1,548c0bb707ac99debfafbc9082dd322aec7eb799e69f1ad69e25231eeb75873f,ed1070f69367e36109c473c193b4f898de40ad689a8d367ac3d9e7471a82a1cd,results/common_grid_v6/analysis/dataset_summary.csv,0f24934e47c275ffb66b06e78266cb7fc1883f3046da876a5ed50089c09686cf,results/common_grid_v6/analysis/model_ranking.csv,adddfd4687e09710b2867252fc873687f48ef073c555a9c0b604af9dd31e4e32,results/common_grid_v6/analysis/job_metrics.csv,fda26e3a545811d1f9d4b4ed2b9885cff0bab3505f6be8e6eb97491bb3355e1d,model::shallow,false,${CACHE_ROOT:?set CACHE_ROOT},${REVIEWER_ROOT:?set REVIEWER_ROOT},${REVIEWER_ROOT:?set REVIEWER_ROOT}/shallow__cho2017,${GPU:?set GPU},scripts/reproduce.sh reviewer estimate --scope dataset --model shallow --dataset cho2017,"scripts/reproduce.sh reviewer run --scope dataset --model shallow --dataset cho2017 --cache-root ""${CACHE_ROOT:?set CACHE_ROOT}"" --run-root ""${REVIEWER_ROOT:?set REVIEWER_ROOT}/shallow__cho2017"" --gpu ""${GPU:?set GPU}""","scripts/reproduce.sh reviewer status --run-root ""${REVIEWER_ROOT:?set REVIEWER_ROOT}/shallow__cho2017""","scripts/reproduce.sh reviewer compare --run-root ""${REVIEWER_ROOT:?set REVIEWER_ROOT}/shallow__cho2017"" --cache-root ""${CACHE_ROOT:?set CACHE_ROOT}"""
dataset::shallow::physionet_mi,shallow::physionet_mi,shallow,29,equal_dataset_macro_balanced_accuracy,descriptive_opened_development_suite_only,29,sealed overall accuracy descending; frozen plan architecture order breaks exact ties,dataset,physionet_mi,dataset,54,3,162,5,810,0.5672427983539093,0.5660749576510447,56.72%,56.724%,56.61%,56.607%,mean_seeds_within_subject_then_mean_subjects,0.203236619832,sum of sealed job_total_seconds measured on the formal four-RTX-A5000 workstation; not a wall-clock estimate or cross-hardware promise,public_official_record_odc_by_1_0_subject_to_terms,true,false,"opened-development evidence only; not independent confirmation, a clinical result, or a global SOTA claim",strict score match requires the exact selected Cartesian replay and checks accuracy plus balanced accuracy; it does not imply bit-exact predictions,"rank is sealed-table context, not established by replaying one cell or one model; rank confirmation requires all 43 complete model rows","fixed-protocol replication is not exact execution identity unless source, cache, split, lock, CUDA, driver, and physical GPU identities all match",65b93b7e5d09cfc30fb6ce28156368e66aec1503f4efa37faa3189e25ebbc3b1,548c0bb707ac99debfafbc9082dd322aec7eb799e69f1ad69e25231eeb75873f,ed1070f69367e36109c473c193b4f898de40ad689a8d367ac3d9e7471a82a1cd,results/common_grid_v6/analysis/dataset_summary.csv,0f24934e47c275ffb66b06e78266cb7fc1883f3046da876a5ed50089c09686cf,results/common_grid_v6/analysis/model_ranking.csv,adddfd4687e09710b2867252fc873687f48ef073c555a9c0b604af9dd31e4e32,results/common_grid_v6/analysis/job_metrics.csv,fda26e3a545811d1f9d4b4ed2b9885cff0bab3505f6be8e6eb97491bb3355e1d,model::shallow,false,${CACHE_ROOT:?set CACHE_ROOT},${REVIEWER_ROOT:?set REVIEWER_ROOT},${REVIEWER_ROOT:?set REVIEWER_ROOT}/shallow__physionet_mi,${GPU:?set GPU},scripts/reproduce.sh reviewer estimate --scope dataset --model shallow --dataset physionet_mi,"scripts/reproduce.sh reviewer run --scope dataset --model shallow --dataset physionet_mi --cache-root ""${CACHE_ROOT:?set CACHE_ROOT}"" --run-root ""${REVIEWER_ROOT:?set REVIEWER_ROOT}/shallow__physionet_mi"" --gpu ""${GPU:?set GPU}""","scripts/reproduce.sh reviewer status --run-root ""${REVIEWER_ROOT:?set REVIEWER_ROOT}/shallow__physionet_mi""","scripts/reproduce.sh reviewer compare --run-root ""${REVIEWER_ROOT:?set REVIEWER_ROOT}/shallow__physionet_mi"" --cache-root ""${CACHE_ROOT:?set CACHE_ROOT}"""
model::shallow,shallow::overall,shallow,29,equal_dataset_macro_balanced_accuracy,descriptive_opened_development_suite_only,29,sealed overall accuracy descending; frozen plan architecture order breaks exact ties,overall,overall,model,132,by_dataset:1|1|1|5|3,448,5,2240,0.7107796850269071,0.7105461168863342,71.08%,71.078%,71.05%,71.055%,fold_concatenation_then_seed_mean_then_subject_mean_then_equal_dataset_mean,1.187830856873,sum of sealed job_total_seconds measured on the formal four-RTX-A5000 workstation; not a wall-clock estimate or cross-hardware promise,mixed_includes_private_local_exp4_authorization_required,false,false,"opened-development evidence only; not independent confirmation, a clinical result, or a global SOTA claim",strict score match requires the exact selected Cartesian replay and checks accuracy plus balanced accuracy; it does not imply bit-exact predictions,"rank is sealed-table context, not established by replaying one cell or one model; rank confirmation requires all 43 complete model rows","fixed-protocol replication is not exact execution identity unless source, cache, split, lock, CUDA, driver, and physical GPU identities all match",65b93b7e5d09cfc30fb6ce28156368e66aec1503f4efa37faa3189e25ebbc3b1,548c0bb707ac99debfafbc9082dd322aec7eb799e69f1ad69e25231eeb75873f,ed1070f69367e36109c473c193b4f898de40ad689a8d367ac3d9e7471a82a1cd,results/common_grid_v6/analysis/overall_summary.csv,d45dd54801f4ba9074bba808cd7076bd04c9a5267944ec4f7af274de96a11c6f,results/common_grid_v6/analysis/model_ranking.csv,adddfd4687e09710b2867252fc873687f48ef073c555a9c0b604af9dd31e4e32,results/common_grid_v6/analysis/job_metrics.csv,fda26e3a545811d1f9d4b4ed2b9885cff0bab3505f6be8e6eb97491bb3355e1d,model::shallow,true,${CACHE_ROOT:?set CACHE_ROOT},${REVIEWER_ROOT:?set REVIEWER_ROOT},${REVIEWER_ROOT:?set REVIEWER_ROOT}/shallow__overall,${GPU:?set GPU},scripts/reproduce.sh reviewer estimate --scope model --model shallow,"scripts/reproduce.sh reviewer run --scope model --model shallow --cache-root ""${CACHE_ROOT:?set CACHE_ROOT}"" --run-root ""${REVIEWER_ROOT:?set REVIEWER_ROOT}/shallow__overall"" --gpu ""${GPU:?set GPU}""","scripts/reproduce.sh reviewer status --run-root ""${REVIEWER_ROOT:?set REVIEWER_ROOT}/shallow__overall""","scripts/reproduce.sh reviewer compare --run-root ""${REVIEWER_ROOT:?set REVIEWER_ROOT}/shallow__overall"" --cache-root ""${CACHE_ROOT:?set CACHE_ROOT}"""
dataset::cardinal::local_exp4,cardinal::local_exp4,cardinal,30,equal_dataset_macro_balanced_accuracy,descriptive_opened_development_suite_only,30,sealed overall accuracy descending; frozen plan architecture order breaks exact ties,dataset,local_exp4,dataset,8,1,8,5,40,0.8391666666666666,0.8391666666666666,83.92%,83.917%,83.92%,83.917%,mean_seeds_within_subject_then_mean_subjects,0.072255085148,sum of sealed job_total_seconds measured on the formal four-RTX-A5000 workstation; not a wall-clock estimate or cross-hardware promise,private_institutional_authorization_required,false,false,"opened-development evidence only; not independent confirmation, a clinical result, or a global SOTA claim",strict score match requires the exact selected Cartesian replay and checks accuracy plus balanced accuracy; it does not imply bit-exact predictions,"rank is sealed-table context, not established by replaying one cell or one model; rank confirmation requires all 43 complete model rows","fixed-protocol replication is not exact execution identity unless source, cache, split, lock, CUDA, driver, and physical GPU identities all match",65b93b7e5d09cfc30fb6ce28156368e66aec1503f4efa37faa3189e25ebbc3b1,548c0bb707ac99debfafbc9082dd322aec7eb799e69f1ad69e25231eeb75873f,ed1070f69367e36109c473c193b4f898de40ad689a8d367ac3d9e7471a82a1cd,results/common_grid_v6/analysis/dataset_summary.csv,0f24934e47c275ffb66b06e78266cb7fc1883f3046da876a5ed50089c09686cf,results/common_grid_v6/analysis/model_ranking.csv,adddfd4687e09710b2867252fc873687f48ef073c555a9c0b604af9dd31e4e32,results/common_grid_v6/analysis/job_metrics.csv,fda26e3a545811d1f9d4b4ed2b9885cff0bab3505f6be8e6eb97491bb3355e1d,model::cardinal,false,${CACHE_ROOT:?set CACHE_ROOT},${REVIEWER_ROOT:?set REVIEWER_ROOT},${REVIEWER_ROOT:?set REVIEWER_ROOT}/cardinal__local_exp4,${GPU:?set GPU},scripts/reproduce.sh reviewer estimate --scope dataset --model cardinal --dataset local_exp4,"scripts/reproduce.sh reviewer run --scope dataset --model cardinal --dataset local_exp4 --cache-root ""${CACHE_ROOT:?set CACHE_ROOT}"" --run-root ""${REVIEWER_ROOT:?set REVIEWER_ROOT}/cardinal__local_exp4"" --gpu ""${GPU:?set GPU}""","scripts/reproduce.sh reviewer status --run-root ""${REVIEWER_ROOT:?set REVIEWER_ROOT}/cardinal__local_exp4""","scripts/reproduce.sh reviewer compare --run-root ""${REVIEWER_ROOT:?set REVIEWER_ROOT}/cardinal__local_exp4"" --cache-root ""${CACHE_ROOT:?set CACHE_ROOT}"""
dataset::cardinal::bnci2014_001,cardinal::bnci2014_001,cardinal,30,equal_dataset_macro_balanced_accuracy,descriptive_opened_development_suite_only,30,sealed overall accuracy descending; frozen plan architecture order breaks exact ties,dataset,bnci2014_001,dataset,9,1,9,5,45,0.7010030864197532,0.7010030864197531,70.10%,70.100%,70.10%,70.100%,mean_seeds_within_subject_then_mean_subjects,0.125085627831,sum of sealed job_total_seconds measured on the formal four-RTX-A5000 workstation; not a wall-clock estimate or cross-hardware promise,public_official_record_cc_by_nd_4_0_subject_to_terms,true,false,"opened-development evidence only; not independent confirmation, a clinical result, or a global SOTA claim",strict score match requires the exact selected Cartesian replay and checks accuracy plus balanced accuracy; it does not imply bit-exact predictions,"rank is sealed-table context, not established by replaying one cell or one model; rank confirmation requires all 43 complete model rows","fixed-protocol replication is not exact execution identity unless source, cache, split, lock, CUDA, driver, and physical GPU identities all match",65b93b7e5d09cfc30fb6ce28156368e66aec1503f4efa37faa3189e25ebbc3b1,548c0bb707ac99debfafbc9082dd322aec7eb799e69f1ad69e25231eeb75873f,ed1070f69367e36109c473c193b4f898de40ad689a8d367ac3d9e7471a82a1cd,results/common_grid_v6/analysis/dataset_summary.csv,0f24934e47c275ffb66b06e78266cb7fc1883f3046da876a5ed50089c09686cf,results/common_grid_v6/analysis/model_ranking.csv,adddfd4687e09710b2867252fc873687f48ef073c555a9c0b604af9dd31e4e32,results/common_grid_v6/analysis/job_metrics.csv,fda26e3a545811d1f9d4b4ed2b9885cff0bab3505f6be8e6eb97491bb3355e1d,model::cardinal,false,${CACHE_ROOT:?set CACHE_ROOT},${REVIEWER_ROOT:?set REVIEWER_ROOT},${REVIEWER_ROOT:?set REVIEWER_ROOT}/cardinal__bnci2014_001,${GPU:?set GPU},scripts/reproduce.sh reviewer estimate --scope dataset --model cardinal --dataset bnci2014_001,"scripts/reproduce.sh reviewer run --scope dataset --model cardinal --dataset bnci2014_001 --cache-root ""${CACHE_ROOT:?set CACHE_ROOT}"" --run-root ""${REVIEWER_ROOT:?set REVIEWER_ROOT}/cardinal__bnci2014_001"" --gpu ""${GPU:?set GPU}""","scripts/reproduce.sh reviewer status --run-root ""${REVIEWER_ROOT:?set REVIEWER_ROOT}/cardinal__bnci2014_001""","scripts/reproduce.sh reviewer compare --run-root ""${REVIEWER_ROOT:?set REVIEWER_ROOT}/cardinal__bnci2014_001"" --cache-root ""${CACHE_ROOT:?set CACHE_ROOT}"""
dataset::cardinal::bnci2014_004,cardinal::bnci2014_004,cardinal,30,equal_dataset_macro_balanced_accuracy,descriptive_opened_development_suite_only,30,sealed overall accuracy descending; frozen plan architecture order breaks exact ties,dataset,bnci2014_004,dataset,9,1,9,5,45,0.7461904761904763,0.7461904761904762,74.62%,74.619%,74.62%,74.619%,mean_seeds_within_subject_then_mean_subjects,0.062958027789,sum of sealed job_total_seconds measured on the formal four-RTX-A5000 workstation; not a wall-clock estimate or cross-hardware promise,public_official_record_cc_by_nd_4_0_subject_to_terms,true,false,"opened-development evidence only; not independent confirmation, a clinical result, or a global SOTA claim",strict score match requires the exact selected Cartesian replay and checks accuracy plus balanced accuracy; it does not imply bit-exact predictions,"rank is sealed-table context, not established by replaying one cell or one model; rank confirmation requires all 43 complete model rows","fixed-protocol replication is not exact execution identity unless source, cache, split, lock, CUDA, driver, and physical GPU identities all match",65b93b7e5d09cfc30fb6ce28156368e66aec1503f4efa37faa3189e25ebbc3b1,548c0bb707ac99debfafbc9082dd322aec7eb799e69f1ad69e25231eeb75873f,ed1070f69367e36109c473c193b4f898de40ad689a8d367ac3d9e7471a82a1cd,results/common_grid_v6/analysis/dataset_summary.csv,0f24934e47c275ffb66b06e78266cb7fc1883f3046da876a5ed50089c09686cf,results/common_grid_v6/analysis/model_ranking.csv,adddfd4687e09710b2867252fc873687f48ef073c555a9c0b604af9dd31e4e32,results/common_grid_v6/analysis/job_metrics.csv,fda26e3a545811d1f9d4b4ed2b9885cff0bab3505f6be8e6eb97491bb3355e1d,model::cardinal,false,${CACHE_ROOT:?set CACHE_ROOT},${REVIEWER_ROOT:?set REVIEWER_ROOT},${REVIEWER_ROOT:?set REVIEWER_ROOT}/cardinal__bnci2014_004,${GPU:?set GPU},scripts/reproduce.sh reviewer estimate --scope dataset --model cardinal --dataset bnci2014_004,"scripts/reproduce.sh reviewer run --scope dataset --model cardinal --dataset bnci2014_004 --cache-root ""${CACHE_ROOT:?set CACHE_ROOT}"" --run-root ""${REVIEWER_ROOT:?set REVIEWER_ROOT}/cardinal__bnci2014_004"" --gpu ""${GPU:?set GPU}""","scripts/reproduce.sh reviewer status --run-root ""${REVIEWER_ROOT:?set REVIEWER_ROOT}/cardinal__bnci2014_004""","scripts/reproduce.sh reviewer compare --run-root ""${REVIEWER_ROOT:?set REVIEWER_ROOT}/cardinal__bnci2014_004"" --cache-root ""${CACHE_ROOT:?set CACHE_ROOT}"""
dataset::cardinal::cho2017,cardinal::cho2017,cardinal,30,equal_dataset_macro_balanced_accuracy,descriptive_opened_development_suite_only,30,sealed overall accuracy descending; frozen plan architecture order breaks exact ties,dataset,cho2017,dataset,52,5,260,5,1300,0.6784839743589743,0.6784839743589745,67.85%,67.848%,67.85%,67.848%,mean_seeds_within_subject_then_mean_subjects,1.341747758354,sum of sealed job_total_seconds measured on the formal four-RTX-A5000 workstation; not a wall-clock estimate or cross-hardware promise,public_record_exact_acquired_byte_terms_unresolved,true,false,"opened-development evidence only; not independent confirmation, a clinical result, or a global SOTA claim",strict score match requires the exact selected Cartesian replay and checks accuracy plus balanced accuracy; it does not imply bit-exact predictions,"rank is sealed-table context, not established by replaying one cell or one model; rank confirmation requires all 43 complete model rows","fixed-protocol replication is not exact execution identity unless source, cache, split, lock, CUDA, driver, and physical GPU identities all match",65b93b7e5d09cfc30fb6ce28156368e66aec1503f4efa37faa3189e25ebbc3b1,548c0bb707ac99debfafbc9082dd322aec7eb799e69f1ad69e25231eeb75873f,ed1070f69367e36109c473c193b4f898de40ad689a8d367ac3d9e7471a82a1cd,results/common_grid_v6/analysis/dataset_summary.csv,0f24934e47c275ffb66b06e78266cb7fc1883f3046da876a5ed50089c09686cf,results/common_grid_v6/analysis/model_ranking.csv,adddfd4687e09710b2867252fc873687f48ef073c555a9c0b604af9dd31e4e32,results/common_grid_v6/analysis/job_metrics.csv,fda26e3a545811d1f9d4b4ed2b9885cff0bab3505f6be8e6eb97491bb3355e1d,model::cardinal,false,${CACHE_ROOT:?set CACHE_ROOT},${REVIEWER_ROOT:?set REVIEWER_ROOT},${REVIEWER_ROOT:?set REVIEWER_ROOT}/cardinal__cho2017,${GPU:?set GPU},scripts/reproduce.sh reviewer estimate --scope dataset --model cardinal --dataset cho2017,"scripts/reproduce.sh reviewer run --scope dataset --model cardinal --dataset cho2017 --cache-root ""${CACHE_ROOT:?set CACHE_ROOT}"" --run-root ""${REVIEWER_ROOT:?set REVIEWER_ROOT}/cardinal__cho2017"" --gpu ""${GPU:?set GPU}""","scripts/reproduce.sh reviewer status --run-root ""${REVIEWER_ROOT:?set REVIEWER_ROOT}/cardinal__cho2017""","scripts/reproduce.sh reviewer compare --run-root ""${REVIEWER_ROOT:?set REVIEWER_ROOT}/cardinal__cho2017"" --cache-root ""${CACHE_ROOT:?set CACHE_ROOT}"""
dataset::cardinal::physionet_mi,cardinal::physionet_mi,cardinal,30,equal_dataset_macro_balanced_accuracy,descriptive_opened_development_suite_only,30,sealed overall accuracy descending; frozen plan architecture order breaks exact ties,dataset,physionet_mi,dataset,54,3,162,5,810,0.5846090534979423,0.5826036416616126,58.46%,58.461%,58.26%,58.260%,mean_seeds_within_subject_then_mean_subjects,0.240898958288,sum of sealed job_total_seconds measured on the formal four-RTX-A5000 workstation; not a wall-clock estimate or cross-hardware promise,public_official_record_odc_by_1_0_subject_to_terms,true,false,"opened-development evidence only; not independent confirmation, a clinical result, or a global SOTA claim",strict score match requires the exact selected Cartesian replay and checks accuracy plus balanced accuracy; it does not imply bit-exact predictions,"rank is sealed-table context, not established by replaying one cell or one model; rank confirmation requires all 43 complete model rows","fixed-protocol replication is not exact execution identity unless source, cache, split, lock, CUDA, driver, and physical GPU identities all match",65b93b7e5d09cfc30fb6ce28156368e66aec1503f4efa37faa3189e25ebbc3b1,548c0bb707ac99debfafbc9082dd322aec7eb799e69f1ad69e25231eeb75873f,ed1070f69367e36109c473c193b4f898de40ad689a8d367ac3d9e7471a82a1cd,results/common_grid_v6/analysis/dataset_summary.csv,0f24934e47c275ffb66b06e78266cb7fc1883f3046da876a5ed50089c09686cf,results/common_grid_v6/analysis/model_ranking.csv,adddfd4687e09710b2867252fc873687f48ef073c555a9c0b604af9dd31e4e32,results/common_grid_v6/analysis/job_metrics.csv,fda26e3a545811d1f9d4b4ed2b9885cff0bab3505f6be8e6eb97491bb3355e1d,model::cardinal,false,${CACHE_ROOT:?set CACHE_ROOT},${REVIEWER_ROOT:?set REVIEWER_ROOT},${REVIEWER_ROOT:?set REVIEWER_ROOT}/cardinal__physionet_mi,${GPU:?set GPU},scripts/reproduce.sh reviewer estimate --scope dataset --model cardinal --dataset physionet_mi,"scripts/reproduce.sh reviewer run --scope dataset --model cardinal --dataset physionet_mi --cache-root ""${CACHE_ROOT:?set CACHE_ROOT}"" --run-root ""${REVIEWER_ROOT:?set REVIEWER_ROOT}/cardinal__physionet_mi"" --gpu ""${GPU:?set GPU}""","scripts/reproduce.sh reviewer status --run-root ""${REVIEWER_ROOT:?set REVIEWER_ROOT}/cardinal__physionet_mi""","scripts/reproduce.sh reviewer compare --run-root ""${REVIEWER_ROOT:?set REVIEWER_ROOT}/cardinal__physionet_mi"" --cache-root ""${CACHE_ROOT:?set CACHE_ROOT}"""
model::cardinal,cardinal::overall,cardinal,30,equal_dataset_macro_balanced_accuracy,descriptive_opened_development_suite_only,30,sealed overall accuracy descending; frozen plan architecture order breaks exact ties,overall,overall,model,132,by_dataset:1|1|1|5|3,448,5,2240,0.7098906514267627,0.7094895690594966,70.99%,70.989%,70.95%,70.949%,fold_concatenation_then_seed_mean_then_subject_mean_then_equal_dataset_mean,1.842945457410,sum of sealed job_total_seconds measured on the formal four-RTX-A5000 workstation; not a wall-clock estimate or cross-hardware promise,mixed_includes_private_local_exp4_authorization_required,false,false,"opened-development evidence only; not independent confirmation, a clinical result, or a global SOTA claim",strict score match requires the exact selected Cartesian replay and checks accuracy plus balanced accuracy; it does not imply bit-exact predictions,"rank is sealed-table context, not established by replaying one cell or one model; rank confirmation requires all 43 complete model rows","fixed-protocol replication is not exact execution identity unless source, cache, split, lock, CUDA, driver, and physical GPU identities all match",65b93b7e5d09cfc30fb6ce28156368e66aec1503f4efa37faa3189e25ebbc3b1,548c0bb707ac99debfafbc9082dd322aec7eb799e69f1ad69e25231eeb75873f,ed1070f69367e36109c473c193b4f898de40ad689a8d367ac3d9e7471a82a1cd,results/common_grid_v6/analysis/overall_summary.csv,d45dd54801f4ba9074bba808cd7076bd04c9a5267944ec4f7af274de96a11c6f,results/common_grid_v6/analysis/model_ranking.csv,adddfd4687e09710b2867252fc873687f48ef073c555a9c0b604af9dd31e4e32,results/common_grid_v6/analysis/job_metrics.csv,fda26e3a545811d1f9d4b4ed2b9885cff0bab3505f6be8e6eb97491bb3355e1d,model::cardinal,true,${CACHE_ROOT:?set CACHE_ROOT},${REVIEWER_ROOT:?set REVIEWER_ROOT},${REVIEWER_ROOT:?set REVIEWER_ROOT}/cardinal__overall,${GPU:?set GPU},scripts/reproduce.sh reviewer estimate --scope model --model cardinal,"scripts/reproduce.sh reviewer run --scope model --model cardinal --cache-root ""${CACHE_ROOT:?set CACHE_ROOT}"" --run-root ""${REVIEWER_ROOT:?set REVIEWER_ROOT}/cardinal__overall"" --gpu ""${GPU:?set GPU}""","scripts/reproduce.sh reviewer status --run-root ""${REVIEWER_ROOT:?set REVIEWER_ROOT}/cardinal__overall""","scripts/reproduce.sh reviewer compare --run-root ""${REVIEWER_ROOT:?set REVIEWER_ROOT}/cardinal__overall"" --cache-root ""${CACHE_ROOT:?set CACHE_ROOT}"""
dataset::eegconformer::local_exp4,eegconformer::local_exp4,eegconformer,31,equal_dataset_macro_balanced_accuracy,descriptive_opened_development_suite_only,31,sealed overall accuracy descending; frozen plan architecture order breaks exact ties,dataset,local_exp4,dataset,8,1,8,5,40,0.8895833333333333,0.8895833333333334,88.96%,88.958%,88.96%,88.958%,mean_seeds_within_subject_then_mean_subjects,0.101420248023,sum of sealed job_total_seconds measured on the formal four-RTX-A5000 workstation; not a wall-clock estimate or cross-hardware promise,private_institutional_authorization_required,false,false,"opened-development evidence only; not independent confirmation, a clinical result, or a global SOTA claim",strict score match requires the exact selected Cartesian replay and checks accuracy plus balanced accuracy; it does not imply bit-exact predictions,"rank is sealed-table context, not established by replaying one cell or one model; rank confirmation requires all 43 complete model rows","fixed-protocol replication is not exact execution identity unless source, cache, split, lock, CUDA, driver, and physical GPU identities all match",65b93b7e5d09cfc30fb6ce28156368e66aec1503f4efa37faa3189e25ebbc3b1,548c0bb707ac99debfafbc9082dd322aec7eb799e69f1ad69e25231eeb75873f,ed1070f69367e36109c473c193b4f898de40ad689a8d367ac3d9e7471a82a1cd,results/common_grid_v6/analysis/dataset_summary.csv,0f24934e47c275ffb66b06e78266cb7fc1883f3046da876a5ed50089c09686cf,results/common_grid_v6/analysis/model_ranking.csv,adddfd4687e09710b2867252fc873687f48ef073c555a9c0b604af9dd31e4e32,results/common_grid_v6/analysis/job_metrics.csv,fda26e3a545811d1f9d4b4ed2b9885cff0bab3505f6be8e6eb97491bb3355e1d,model::eegconformer,false,${CACHE_ROOT:?set CACHE_ROOT},${REVIEWER_ROOT:?set REVIEWER_ROOT},${REVIEWER_ROOT:?set REVIEWER_ROOT}/eegconformer__local_exp4,${GPU:?set GPU},scripts/reproduce.sh reviewer estimate --scope dataset --model eegconformer --dataset local_exp4,"scripts/reproduce.sh reviewer run --scope dataset --model eegconformer --dataset local_exp4 --cache-root ""${CACHE_ROOT:?set CACHE_ROOT}"" --run-root ""${REVIEWER_ROOT:?set REVIEWER_ROOT}/eegconformer__local_exp4"" --gpu ""${GPU:?set GPU}""","scripts/reproduce.sh reviewer status --run-root ""${REVIEWER_ROOT:?set REVIEWER_ROOT}/eegconformer__local_exp4""","scripts/reproduce.sh reviewer compare --run-root ""${REVIEWER_ROOT:?set REVIEWER_ROOT}/eegconformer__local_exp4"" --cache-root ""${CACHE_ROOT:?set CACHE_ROOT}"""
dataset::eegconformer::bnci2014_001,eegconformer::bnci2014_001,eegconformer,31,equal_dataset_macro_balanced_accuracy,descriptive_opened_development_suite_only,31,sealed overall accuracy descending; frozen plan architecture order breaks exact ties,dataset,bnci2014_001,dataset,9,1,9,5,45,0.6180555555555556,0.6180555555555556,61.81%,61.806%,61.81%,61.806%,mean_seeds_within_subject_then_mean_subjects,0.248887729229,sum of sealed job_total_seconds measured on the formal four-RTX-A5000 workstation; not a wall-clock estimate or cross-hardware promise,public_official_record_cc_by_nd_4_0_subject_to_terms,true,false,"opened-development evidence only; not independent confirmation, a clinical result, or a global SOTA claim",strict score match requires the exact selected Cartesian replay and checks accuracy plus balanced accuracy; it does not imply bit-exact predictions,"rank is sealed-table context, not established by replaying one cell or one model; rank confirmation requires all 43 complete model rows","fixed-protocol replication is not exact execution identity unless source, cache, split, lock, CUDA, driver, and physical GPU identities all match",65b93b7e5d09cfc30fb6ce28156368e66aec1503f4efa37faa3189e25ebbc3b1,548c0bb707ac99debfafbc9082dd322aec7eb799e69f1ad69e25231eeb75873f,ed1070f69367e36109c473c193b4f898de40ad689a8d367ac3d9e7471a82a1cd,results/common_grid_v6/analysis/dataset_summary.csv,0f24934e47c275ffb66b06e78266cb7fc1883f3046da876a5ed50089c09686cf,results/common_grid_v6/analysis/model_ranking.csv,adddfd4687e09710b2867252fc873687f48ef073c555a9c0b604af9dd31e4e32,results/common_grid_v6/analysis/job_metrics.csv,fda26e3a545811d1f9d4b4ed2b9885cff0bab3505f6be8e6eb97491bb3355e1d,model::eegconformer,false,${CACHE_ROOT:?set CACHE_ROOT},${REVIEWER_ROOT:?set REVIEWER_ROOT},${REVIEWER_ROOT:?set REVIEWER_ROOT}/eegconformer__bnci2014_001,${GPU:?set GPU},scripts/reproduce.sh reviewer estimate --scope dataset --model eegconformer --dataset bnci2014_001,"scripts/reproduce.sh reviewer run --scope dataset --model eegconformer --dataset bnci2014_001 --cache-root ""${CACHE_ROOT:?set CACHE_ROOT}"" --run-root ""${REVIEWER_ROOT:?set REVIEWER_ROOT}/eegconformer__bnci2014_001"" --gpu ""${GPU:?set GPU}""","scripts/reproduce.sh reviewer status --run-root ""${REVIEWER_ROOT:?set REVIEWER_ROOT}/eegconformer__bnci2014_001""","scripts/reproduce.sh reviewer compare --run-root ""${REVIEWER_ROOT:?set REVIEWER_ROOT}/eegconformer__bnci2014_001"" --cache-root ""${CACHE_ROOT:?set CACHE_ROOT}"""
dataset::eegconformer::bnci2014_004,eegconformer::bnci2014_004,eegconformer,31,equal_dataset_macro_balanced_accuracy,descriptive_opened_development_suite_only,31,sealed overall accuracy descending; frozen plan architecture order breaks exact ties,dataset,bnci2014_004,dataset,9,1,9,5,45,0.7820039682539683,0.7820039682539683,78.20%,78.200%,78.20%,78.200%,mean_seeds_within_subject_then_mean_subjects,0.197462619780,sum of sealed job_total_seconds measured on the formal four-RTX-A5000 workstation; not a wall-clock estimate or cross-hardware promise,public_official_record_cc_by_nd_4_0_subject_to_terms,true,false,"opened-development evidence only; not independent confirmation, a clinical result, or a global SOTA claim",strict score match requires the exact selected Cartesian replay and checks accuracy plus balanced accuracy; it does not imply bit-exact predictions,"rank is sealed-table context, not established by replaying one cell or one model; rank confirmation requires all 43 complete model rows","fixed-protocol replication is not exact execution identity unless source, cache, split, lock, CUDA, driver, and physical GPU identities all match",65b93b7e5d09cfc30fb6ce28156368e66aec1503f4efa37faa3189e25ebbc3b1,548c0bb707ac99debfafbc9082dd322aec7eb799e69f1ad69e25231eeb75873f,ed1070f69367e36109c473c193b4f898de40ad689a8d367ac3d9e7471a82a1cd,results/common_grid_v6/analysis/dataset_summary.csv,0f24934e47c275ffb66b06e78266cb7fc1883f3046da876a5ed50089c09686cf,results/common_grid_v6/analysis/model_ranking.csv,adddfd4687e09710b2867252fc873687f48ef073c555a9c0b604af9dd31e4e32,results/common_grid_v6/analysis/job_metrics.csv,fda26e3a545811d1f9d4b4ed2b9885cff0bab3505f6be8e6eb97491bb3355e1d,model::eegconformer,false,${CACHE_ROOT:?set CACHE_ROOT},${REVIEWER_ROOT:?set REVIEWER_ROOT},${REVIEWER_ROOT:?set REVIEWER_ROOT}/eegconformer__bnci2014_004,${GPU:?set GPU},scripts/reproduce.sh reviewer estimate --scope dataset --model eegconformer --dataset bnci2014_004,"scripts/reproduce.sh reviewer run --scope dataset --model eegconformer --dataset bnci2014_004 --cache-root ""${CACHE_ROOT:?set CACHE_ROOT}"" --run-root ""${REVIEWER_ROOT:?set REVIEWER_ROOT}/eegconformer__bnci2014_004"" --gpu ""${GPU:?set GPU}""","scripts/reproduce.sh reviewer status --run-root ""${REVIEWER_ROOT:?set REVIEWER_ROOT}/eegconformer__bnci2014_004""","scripts/reproduce.sh reviewer compare --run-root ""${REVIEWER_ROOT:?set REVIEWER_ROOT}/eegconformer__bnci2014_004"" --cache-root ""${CACHE_ROOT:?set CACHE_ROOT}"""
dataset::eegconformer::cho2017,eegconformer::cho2017,eegconformer,31,equal_dataset_macro_balanced_accuracy,descriptive_opened_development_suite_only,31,sealed overall accuracy descending; frozen plan architecture order breaks exact ties,dataset,cho2017,dataset,52,5,260,5,1300,0.6592339743589742,0.6592339743589742,65.92%,65.923%,65.92%,65.923%,mean_seeds_within_subject_then_mean_subjects,2.847546126166,sum of sealed job_total_seconds measured on the formal four-RTX-A5000 workstation; not a wall-clock estimate or cross-hardware promise,public_record_exact_acquired_byte_terms_unresolved,true,false,"opened-development evidence only; not independent confirmation, a clinical result, or a global SOTA claim",strict score match requires the exact selected Cartesian replay and checks accuracy plus balanced accuracy; it does not imply bit-exact predictions,"rank is sealed-table context, not established by replaying one cell or one model; rank confirmation requires all 43 complete model rows","fixed-protocol replication is not exact execution identity unless source, cache, split, lock, CUDA, driver, and physical GPU identities all match",65b93b7e5d09cfc30fb6ce28156368e66aec1503f4efa37faa3189e25ebbc3b1,548c0bb707ac99debfafbc9082dd322aec7eb799e69f1ad69e25231eeb75873f,ed1070f69367e36109c473c193b4f898de40ad689a8d367ac3d9e7471a82a1cd,results/common_grid_v6/analysis/dataset_summary.csv,0f24934e47c275ffb66b06e78266cb7fc1883f3046da876a5ed50089c09686cf,results/common_grid_v6/analysis/model_ranking.csv,adddfd4687e09710b2867252fc873687f48ef073c555a9c0b604af9dd31e4e32,results/common_grid_v6/analysis/job_metrics.csv,fda26e3a545811d1f9d4b4ed2b9885cff0bab3505f6be8e6eb97491bb3355e1d,model::eegconformer,false,${CACHE_ROOT:?set CACHE_ROOT},${REVIEWER_ROOT:?set REVIEWER_ROOT},${REVIEWER_ROOT:?set REVIEWER_ROOT}/eegconformer__cho2017,${GPU:?set GPU},scripts/reproduce.sh reviewer estimate --scope dataset --model eegconformer --dataset cho2017,"scripts/reproduce.sh reviewer run --scope dataset --model eegconformer --dataset cho2017 --cache-root ""${CACHE_ROOT:?set CACHE_ROOT}"" --run-root ""${REVIEWER_ROOT:?set REVIEWER_ROOT}/eegconformer__cho2017"" --gpu ""${GPU:?set GPU}""","scripts/reproduce.sh reviewer status --run-root ""${REVIEWER_ROOT:?set REVIEWER_ROOT}/eegconformer__cho2017""","scripts/reproduce.sh reviewer compare --run-root ""${REVIEWER_ROOT:?set REVIEWER_ROOT}/eegconformer__cho2017"" --cache-root ""${CACHE_ROOT:?set CACHE_ROOT}"""
dataset::eegconformer::physionet_mi,eegconformer::physionet_mi,eegconformer,31,equal_dataset_macro_balanced_accuracy,descriptive_opened_development_suite_only,31,sealed overall accuracy descending; frozen plan architecture order breaks exact ties,dataset,physionet_mi,dataset,54,3,162,5,810,0.5721810699588478,0.5708521115224013,57.22%,57.218%,57.09%,57.085%,mean_seeds_within_subject_then_mean_subjects,0.587105586601,sum of sealed job_total_seconds measured on the formal four-RTX-A5000 workstation; not a wall-clock estimate or cross-hardware promise,public_official_record_odc_by_1_0_subject_to_terms,true,false,"opened-development evidence only; not independent confirmation, a clinical result, or a global SOTA claim",strict score match requires the exact selected Cartesian replay and checks accuracy plus balanced accuracy; it does not imply bit-exact predictions,"rank is sealed-table context, not established by replaying one cell or one model; rank confirmation requires all 43 complete model rows","fixed-protocol replication is not exact execution identity unless source, cache, split, lock, CUDA, driver, and physical GPU identities all match",65b93b7e5d09cfc30fb6ce28156368e66aec1503f4efa37faa3189e25ebbc3b1,548c0bb707ac99debfafbc9082dd322aec7eb799e69f1ad69e25231eeb75873f,ed1070f69367e36109c473c193b4f898de40ad689a8d367ac3d9e7471a82a1cd,results/common_grid_v6/analysis/dataset_summary.csv,0f24934e47c275ffb66b06e78266cb7fc1883f3046da876a5ed50089c09686cf,results/common_grid_v6/analysis/model_ranking.csv,adddfd4687e09710b2867252fc873687f48ef073c555a9c0b604af9dd31e4e32,results/common_grid_v6/analysis/job_metrics.csv,fda26e3a545811d1f9d4b4ed2b9885cff0bab3505f6be8e6eb97491bb3355e1d,model::eegconformer,false,${CACHE_ROOT:?set CACHE_ROOT},${REVIEWER_ROOT:?set REVIEWER_ROOT},${REVIEWER_ROOT:?set REVIEWER_ROOT}/eegconformer__physionet_mi,${GPU:?set GPU},scripts/reproduce.sh reviewer estimate --scope dataset --model eegconformer --dataset physionet_mi,"scripts/reproduce.sh reviewer run --scope dataset --model eegconformer --dataset physionet_mi --cache-root ""${CACHE_ROOT:?set CACHE_ROOT}"" --run-root ""${REVIEWER_ROOT:?set REVIEWER_ROOT}/eegconformer__physionet_mi"" --gpu ""${GPU:?set GPU}""","scripts/reproduce.sh reviewer status --run-root ""${REVIEWER_ROOT:?set REVIEWER_ROOT}/eegconformer__physionet_mi""","scripts/reproduce.sh reviewer compare --run-root ""${REVIEWER_ROOT:?set REVIEWER_ROOT}/eegconformer__physionet_mi"" --cache-root ""${CACHE_ROOT:?set CACHE_ROOT}"""
model::eegconformer,eegconformer::overall,eegconformer,31,equal_dataset_macro_balanced_accuracy,descriptive_opened_development_suite_only,31,sealed overall accuracy descending; frozen plan architecture order breaks exact ties,overall,overall,model,132,by_dataset:1|1|1|5|3,448,5,2240,0.7042115802921358,0.7039457886048466,70.42%,70.421%,70.39%,70.395%,fold_concatenation_then_seed_mean_then_subject_mean_then_equal_dataset_mean,3.982422309799,sum of sealed job_total_seconds measured on the formal four-RTX-A5000 workstation; not a wall-clock estimate or cross-hardware promise,mixed_includes_private_local_exp4_authorization_required,false,false,"opened-development evidence only; not independent confirmation, a clinical result, or a global SOTA claim",strict score match requires the exact selected Cartesian replay and checks accuracy plus balanced accuracy; it does not imply bit-exact predictions,"rank is sealed-table context, not established by replaying one cell or one model; rank confirmation requires all 43 complete model rows","fixed-protocol replication is not exact execution identity unless source, cache, split, lock, CUDA, driver, and physical GPU identities all match",65b93b7e5d09cfc30fb6ce28156368e66aec1503f4efa37faa3189e25ebbc3b1,548c0bb707ac99debfafbc9082dd322aec7eb799e69f1ad69e25231eeb75873f,ed1070f69367e36109c473c193b4f898de40ad689a8d367ac3d9e7471a82a1cd,results/common_grid_v6/analysis/overall_summary.csv,d45dd54801f4ba9074bba808cd7076bd04c9a5267944ec4f7af274de96a11c6f,results/common_grid_v6/analysis/model_ranking.csv,adddfd4687e09710b2867252fc873687f48ef073c555a9c0b604af9dd31e4e32,results/common_grid_v6/analysis/job_metrics.csv,fda26e3a545811d1f9d4b4ed2b9885cff0bab3505f6be8e6eb97491bb3355e1d,model::eegconformer,true,${CACHE_ROOT:?set CACHE_ROOT},${REVIEWER_ROOT:?set REVIEWER_ROOT},${REVIEWER_ROOT:?set REVIEWER_ROOT}/eegconformer__overall,${GPU:?set GPU},scripts/reproduce.sh reviewer estimate --scope model --model eegconformer,"scripts/reproduce.sh reviewer run --scope model --model eegconformer --cache-root ""${CACHE_ROOT:?set CACHE_ROOT}"" --run-root ""${REVIEWER_ROOT:?set REVIEWER_ROOT}/eegconformer__overall"" --gpu ""${GPU:?set GPU}""","scripts/reproduce.sh reviewer status --run-root ""${REVIEWER_ROOT:?set REVIEWER_ROOT}/eegconformer__overall""","scripts/reproduce.sh reviewer compare --run-root ""${REVIEWER_ROOT:?set REVIEWER_ROOT}/eegconformer__overall"" --cache-root ""${CACHE_ROOT:?set CACHE_ROOT}"""
dataset::eegconformer_compact::local_exp4,eegconformer_compact::local_exp4,eegconformer_compact,32,equal_dataset_macro_balanced_accuracy,descriptive_opened_development_suite_only,32,sealed overall accuracy descending; frozen plan architecture order breaks exact ties,dataset,local_exp4,dataset,8,1,8,5,40,0.87375,0.87375,87.38%,87.375%,87.38%,87.375%,mean_seeds_within_subject_then_mean_subjects,0.095887873586,sum of sealed job_total_seconds measured on the formal four-RTX-A5000 workstation; not a wall-clock estimate or cross-hardware promise,private_institutional_authorization_required,false,false,"opened-development evidence only; not independent confirmation, a clinical result, or a global SOTA claim",strict score match requires the exact selected Cartesian replay and checks accuracy plus balanced accuracy; it does not imply bit-exact predictions,"rank is sealed-table context, not established by replaying one cell or one model; rank confirmation requires all 43 complete model rows","fixed-protocol replication is not exact execution identity unless source, cache, split, lock, CUDA, driver, and physical GPU identities all match",65b93b7e5d09cfc30fb6ce28156368e66aec1503f4efa37faa3189e25ebbc3b1,548c0bb707ac99debfafbc9082dd322aec7eb799e69f1ad69e25231eeb75873f,ed1070f69367e36109c473c193b4f898de40ad689a8d367ac3d9e7471a82a1cd,results/common_grid_v6/analysis/dataset_summary.csv,0f24934e47c275ffb66b06e78266cb7fc1883f3046da876a5ed50089c09686cf,results/common_grid_v6/analysis/model_ranking.csv,adddfd4687e09710b2867252fc873687f48ef073c555a9c0b604af9dd31e4e32,results/common_grid_v6/analysis/job_metrics.csv,fda26e3a545811d1f9d4b4ed2b9885cff0bab3505f6be8e6eb97491bb3355e1d,model::eegconformer_compact,false,${CACHE_ROOT:?set CACHE_ROOT},${REVIEWER_ROOT:?set REVIEWER_ROOT},${REVIEWER_ROOT:?set REVIEWER_ROOT}/eegconformer_compact__local_exp4,${GPU:?set GPU},scripts/reproduce.sh reviewer estimate --scope dataset --model eegconformer_compact --dataset local_exp4,"scripts/reproduce.sh reviewer run --scope dataset --model eegconformer_compact --dataset local_exp4 --cache-root ""${CACHE_ROOT:?set CACHE_ROOT}"" --run-root ""${REVIEWER_ROOT:?set REVIEWER_ROOT}/eegconformer_compact__local_exp4"" --gpu ""${GPU:?set GPU}""","scripts/reproduce.sh reviewer status --run-root ""${REVIEWER_ROOT:?set REVIEWER_ROOT}/eegconformer_compact__local_exp4""","scripts/reproduce.sh reviewer compare --run-root ""${REVIEWER_ROOT:?set REVIEWER_ROOT}/eegconformer_compact__local_exp4"" --cache-root ""${CACHE_ROOT:?set CACHE_ROOT}"""
dataset::eegconformer_compact::bnci2014_001,eegconformer_compact::bnci2014_001,eegconformer_compact,32,equal_dataset_macro_balanced_accuracy,descriptive_opened_development_suite_only,32,sealed overall accuracy descending; frozen plan architecture order breaks exact ties,dataset,bnci2014_001,dataset,9,1,9,5,45,0.626003086419753,0.626003086419753,62.60%,62.600%,62.60%,62.600%,mean_seeds_within_subject_then_mean_subjects,0.266477001778,sum of sealed job_total_seconds measured on the formal four-RTX-A5000 workstation; not a wall-clock estimate or cross-hardware promise,public_official_record_cc_by_nd_4_0_subject_to_terms,true,false,"opened-development evidence only; not independent confirmation, a clinical result, or a global SOTA claim",strict score match requires the exact selected Cartesian replay and checks accuracy plus balanced accuracy; it does not imply bit-exact predictions,"rank is sealed-table context, not established by replaying one cell or one model; rank confirmation requires all 43 complete model rows","fixed-protocol replication is not exact execution identity unless source, cache, split, lock, CUDA, driver, and physical GPU identities all match",65b93b7e5d09cfc30fb6ce28156368e66aec1503f4efa37faa3189e25ebbc3b1,548c0bb707ac99debfafbc9082dd322aec7eb799e69f1ad69e25231eeb75873f,ed1070f69367e36109c473c193b4f898de40ad689a8d367ac3d9e7471a82a1cd,results/common_grid_v6/analysis/dataset_summary.csv,0f24934e47c275ffb66b06e78266cb7fc1883f3046da876a5ed50089c09686cf,results/common_grid_v6/analysis/model_ranking.csv,adddfd4687e09710b2867252fc873687f48ef073c555a9c0b604af9dd31e4e32,results/common_grid_v6/analysis/job_metrics.csv,fda26e3a545811d1f9d4b4ed2b9885cff0bab3505f6be8e6eb97491bb3355e1d,model::eegconformer_compact,false,${CACHE_ROOT:?set CACHE_ROOT},${REVIEWER_ROOT:?set REVIEWER_ROOT},${REVIEWER_ROOT:?set REVIEWER_ROOT}/eegconformer_compact__bnci2014_001,${GPU:?set GPU},scripts/reproduce.sh reviewer estimate --scope dataset --model eegconformer_compact --dataset bnci2014_001,"scripts/reproduce.sh reviewer run --scope dataset --model eegconformer_compact --dataset bnci2014_001 --cache-root ""${CACHE_ROOT:?set CACHE_ROOT}"" --run-root ""${REVIEWER_ROOT:?set REVIEWER_ROOT}/eegconformer_compact__bnci2014_001"" --gpu ""${GPU:?set GPU}""","scripts/reproduce.sh reviewer status --run-root ""${REVIEWER_ROOT:?set REVIEWER_ROOT}/eegconformer_compact__bnci2014_001""","scripts/reproduce.sh reviewer compare --run-root ""${REVIEWER_ROOT:?set REVIEWER_ROOT}/eegconformer_compact__bnci2014_001"" --cache-root ""${CACHE_ROOT:?set CACHE_ROOT}"""
dataset::eegconformer_compact::bnci2014_004,eegconformer_compact::bnci2014_004,eegconformer_compact,32,equal_dataset_macro_balanced_accuracy,descriptive_opened_development_suite_only,32,sealed overall accuracy descending; frozen plan architecture order breaks exact ties,dataset,bnci2014_004,dataset,9,1,9,5,45,0.777063492063492,0.777063492063492,77.71%,77.706%,77.71%,77.706%,mean_seeds_within_subject_then_mean_subjects,0.170705292933,sum of sealed job_total_seconds measured on the formal four-RTX-A5000 workstation; not a wall-clock estimate or cross-hardware promise,public_official_record_cc_by_nd_4_0_subject_to_terms,true,false,"opened-development evidence only; not independent confirmation, a clinical result, or a global SOTA claim",strict score match requires the exact selected Cartesian replay and checks accuracy plus balanced accuracy; it does not imply bit-exact predictions,"rank is sealed-table context, not established by replaying one cell or one model; rank confirmation requires all 43 complete model rows","fixed-protocol replication is not exact execution identity unless source, cache, split, lock, CUDA, driver, and physical GPU identities all match",65b93b7e5d09cfc30fb6ce28156368e66aec1503f4efa37faa3189e25ebbc3b1,548c0bb707ac99debfafbc9082dd322aec7eb799e69f1ad69e25231eeb75873f,ed1070f69367e36109c473c193b4f898de40ad689a8d367ac3d9e7471a82a1cd,results/common_grid_v6/analysis/dataset_summary.csv,0f24934e47c275ffb66b06e78266cb7fc1883f3046da876a5ed50089c09686cf,results/common_grid_v6/analysis/model_ranking.csv,adddfd4687e09710b2867252fc873687f48ef073c555a9c0b604af9dd31e4e32,results/common_grid_v6/analysis/job_metrics.csv,fda26e3a545811d1f9d4b4ed2b9885cff0bab3505f6be8e6eb97491bb3355e1d,model::eegconformer_compact,false,${CACHE_ROOT:?set CACHE_ROOT},${REVIEWER_ROOT:?set REVIEWER_ROOT},${REVIEWER_ROOT:?set REVIEWER_ROOT}/eegconformer_compact__bnci2014_004,${GPU:?set GPU},scripts/reproduce.sh reviewer estimate --scope dataset --model eegconformer_compact --dataset bnci2014_004,"scripts/reproduce.sh reviewer run --scope dataset --model eegconformer_compact --dataset bnci2014_004 --cache-root ""${CACHE_ROOT:?set CACHE_ROOT}"" --run-root ""${REVIEWER_ROOT:?set REVIEWER_ROOT}/eegconformer_compact__bnci2014_004"" --gpu ""${GPU:?set GPU}""","scripts/reproduce.sh reviewer status --run-root ""${REVIEWER_ROOT:?set REVIEWER_ROOT}/eegconformer_compact__bnci2014_004""","scripts/reproduce.sh reviewer compare --run-root ""${REVIEWER_ROOT:?set REVIEWER_ROOT}/eegconformer_compact__bnci2014_004"" --cache-root ""${CACHE_ROOT:?set CACHE_ROOT}"""
dataset::eegconformer_compact::cho2017,eegconformer_compact::cho2017,eegconformer_compact,32,equal_dataset_macro_balanced_accuracy,descriptive_opened_development_suite_only,32,sealed overall accuracy descending; frozen plan architecture order breaks exact ties,dataset,cho2017,dataset,52,5,260,5,1300,0.6547371794871796,0.6547371794871796,65.47%,65.474%,65.47%,65.474%,mean_seeds_within_subject_then_mean_subjects,2.307627432582,sum of sealed job_total_seconds measured on the formal four-RTX-A5000 workstation; not a wall-clock estimate or cross-hardware promise,public_record_exact_acquired_byte_terms_unresolved,true,false,"opened-development evidence only; not independent confirmation, a clinical result, or a global SOTA claim",strict score match requires the exact selected Cartesian replay and checks accuracy plus balanced accuracy; it does not imply bit-exact predictions,"rank is sealed-table context, not established by replaying one cell or one model; rank confirmation requires all 43 complete model rows","fixed-protocol replication is not exact execution identity unless source, cache, split, lock, CUDA, driver, and physical GPU identities all match",65b93b7e5d09cfc30fb6ce28156368e66aec1503f4efa37faa3189e25ebbc3b1,548c0bb707ac99debfafbc9082dd322aec7eb799e69f1ad69e25231eeb75873f,ed1070f69367e36109c473c193b4f898de40ad689a8d367ac3d9e7471a82a1cd,results/common_grid_v6/analysis/dataset_summary.csv,0f24934e47c275ffb66b06e78266cb7fc1883f3046da876a5ed50089c09686cf,results/common_grid_v6/analysis/model_ranking.csv,adddfd4687e09710b2867252fc873687f48ef073c555a9c0b604af9dd31e4e32,results/common_grid_v6/analysis/job_metrics.csv,fda26e3a545811d1f9d4b4ed2b9885cff0bab3505f6be8e6eb97491bb3355e1d,model::eegconformer_compact,false,${CACHE_ROOT:?set CACHE_ROOT},${REVIEWER_ROOT:?set REVIEWER_ROOT},${REVIEWER_ROOT:?set REVIEWER_ROOT}/eegconformer_compact__cho2017,${GPU:?set GPU},scripts/reproduce.sh reviewer estimate --scope dataset --model eegconformer_compact --dataset cho2017,"scripts/reproduce.sh reviewer run --scope dataset --model eegconformer_compact --dataset cho2017 --cache-root ""${CACHE_ROOT:?set CACHE_ROOT}"" --run-root ""${REVIEWER_ROOT:?set REVIEWER_ROOT}/eegconformer_compact__cho2017"" --gpu ""${GPU:?set GPU}""","scripts/reproduce.sh reviewer status --run-root ""${REVIEWER_ROOT:?set REVIEWER_ROOT}/eegconformer_compact__cho2017""","scripts/reproduce.sh reviewer compare --run-root ""${REVIEWER_ROOT:?set REVIEWER_ROOT}/eegconformer_compact__cho2017"" --cache-root ""${CACHE_ROOT:?set CACHE_ROOT}"""
dataset::eegconformer_compact::physionet_mi,eegconformer_compact::physionet_mi,eegconformer_compact,32,equal_dataset_macro_balanced_accuracy,descriptive_opened_development_suite_only,32,sealed overall accuracy descending; frozen plan architecture order breaks exact ties,dataset,physionet_mi,dataset,54,3,162,5,810,0.5753086419753086,0.5729970948268049,57.53%,57.531%,57.30%,57.300%,mean_seeds_within_subject_then_mean_subjects,0.511042908230,sum of sealed job_total_seconds measured on the formal four-RTX-A5000 workstation; not a wall-clock estimate or cross-hardware promise,public_official_record_odc_by_1_0_subject_to_terms,true,false,"opened-development evidence only; not independent confirmation, a clinical result, or a global SOTA claim",strict score match requires the exact selected Cartesian replay and checks accuracy plus balanced accuracy; it does not imply bit-exact predictions,"rank is sealed-table context, not established by replaying one cell or one model; rank confirmation requires all 43 complete model rows","fixed-protocol replication is not exact execution identity unless source, cache, split, lock, CUDA, driver, and physical GPU identities all match",65b93b7e5d09cfc30fb6ce28156368e66aec1503f4efa37faa3189e25ebbc3b1,548c0bb707ac99debfafbc9082dd322aec7eb799e69f1ad69e25231eeb75873f,ed1070f69367e36109c473c193b4f898de40ad689a8d367ac3d9e7471a82a1cd,results/common_grid_v6/analysis/dataset_summary.csv,0f24934e47c275ffb66b06e78266cb7fc1883f3046da876a5ed50089c09686cf,results/common_grid_v6/analysis/model_ranking.csv,adddfd4687e09710b2867252fc873687f48ef073c555a9c0b604af9dd31e4e32,results/common_grid_v6/analysis/job_metrics.csv,fda26e3a545811d1f9d4b4ed2b9885cff0bab3505f6be8e6eb97491bb3355e1d,model::eegconformer_compact,false,${CACHE_ROOT:?set CACHE_ROOT},${REVIEWER_ROOT:?set REVIEWER_ROOT},${REVIEWER_ROOT:?set REVIEWER_ROOT}/eegconformer_compact__physionet_mi,${GPU:?set GPU},scripts/reproduce.sh reviewer estimate --scope dataset --model eegconformer_compact --dataset physionet_mi,"scripts/reproduce.sh reviewer run --scope dataset --model eegconformer_compact --dataset physionet_mi --cache-root ""${CACHE_ROOT:?set CACHE_ROOT}"" --run-root ""${REVIEWER_ROOT:?set REVIEWER_ROOT}/eegconformer_compact__physionet_mi"" --gpu ""${GPU:?set GPU}""","scripts/reproduce.sh reviewer status --run-root ""${REVIEWER_ROOT:?set REVIEWER_ROOT}/eegconformer_compact__physionet_mi""","scripts/reproduce.sh reviewer compare --run-root ""${REVIEWER_ROOT:?set REVIEWER_ROOT}/eegconformer_compact__physionet_mi"" --cache-root ""${CACHE_ROOT:?set CACHE_ROOT}"""
model::eegconformer_compact,eegconformer_compact::overall,eegconformer_compact,32,equal_dataset_macro_balanced_accuracy,descriptive_opened_development_suite_only,32,sealed overall accuracy descending; frozen plan architecture order breaks exact ties,overall,overall,model,132,by_dataset:1|1|1|5|3,448,5,2240,0.7013724799891466,0.7009101705594459,70.14%,70.137%,70.09%,70.091%,fold_concatenation_then_seed_mean_then_subject_mean_then_equal_dataset_mean,3.351740509109,sum of sealed job_total_seconds measured on the formal four-RTX-A5000 workstation; not a wall-clock estimate or cross-hardware promise,mixed_includes_private_local_exp4_authorization_required,false,false,"opened-development evidence only; not independent confirmation, a clinical result, or a global SOTA claim",strict score match requires the exact selected Cartesian replay and checks accuracy plus balanced accuracy; it does not imply bit-exact predictions,"rank is sealed-table context, not established by replaying one cell or one model; rank confirmation requires all 43 complete model rows","fixed-protocol replication is not exact execution identity unless source, cache, split, lock, CUDA, driver, and physical GPU identities all match",65b93b7e5d09cfc30fb6ce28156368e66aec1503f4efa37faa3189e25ebbc3b1,548c0bb707ac99debfafbc9082dd322aec7eb799e69f1ad69e25231eeb75873f,ed1070f69367e36109c473c193b4f898de40ad689a8d367ac3d9e7471a82a1cd,results/common_grid_v6/analysis/overall_summary.csv,d45dd54801f4ba9074bba808cd7076bd04c9a5267944ec4f7af274de96a11c6f,results/common_grid_v6/analysis/model_ranking.csv,adddfd4687e09710b2867252fc873687f48ef073c555a9c0b604af9dd31e4e32,results/common_grid_v6/analysis/job_metrics.csv,fda26e3a545811d1f9d4b4ed2b9885cff0bab3505f6be8e6eb97491bb3355e1d,model::eegconformer_compact,true,${CACHE_ROOT:?set CACHE_ROOT},${REVIEWER_ROOT:?set REVIEWER_ROOT},${REVIEWER_ROOT:?set REVIEWER_ROOT}/eegconformer_compact__overall,${GPU:?set GPU},scripts/reproduce.sh reviewer estimate --scope model --model eegconformer_compact,"scripts/reproduce.sh reviewer run --scope model --model eegconformer_compact --cache-root ""${CACHE_ROOT:?set CACHE_ROOT}"" --run-root ""${REVIEWER_ROOT:?set REVIEWER_ROOT}/eegconformer_compact__overall"" --gpu ""${GPU:?set GPU}""","scripts/reproduce.sh reviewer status --run-root ""${REVIEWER_ROOT:?set REVIEWER_ROOT}/eegconformer_compact__overall""","scripts/reproduce.sh reviewer compare --run-root ""${REVIEWER_ROOT:?set REVIEWER_ROOT}/eegconformer_compact__overall"" --cache-root ""${CACHE_ROOT:?set CACHE_ROOT}"""
dataset::ctnet::local_exp4,ctnet::local_exp4,ctnet,33,equal_dataset_macro_balanced_accuracy,descriptive_opened_development_suite_only,33,sealed overall accuracy descending; frozen plan architecture order breaks exact ties,dataset,local_exp4,dataset,8,1,8,5,40,0.8691666666666666,0.8691666666666666,86.92%,86.917%,86.92%,86.917%,mean_seeds_within_subject_then_mean_subjects,0.300074472767,sum of sealed job_total_seconds measured on the formal four-RTX-A5000 workstation; not a wall-clock estimate or cross-hardware promise,private_institutional_authorization_required,false,false,"opened-development evidence only; not independent confirmation, a clinical result, or a global SOTA claim",strict score match requires the exact selected Cartesian replay and checks accuracy plus balanced accuracy; it does not imply bit-exact predictions,"rank is sealed-table context, not established by replaying one cell or one model; rank confirmation requires all 43 complete model rows","fixed-protocol replication is not exact execution identity unless source, cache, split, lock, CUDA, driver, and physical GPU identities all match",65b93b7e5d09cfc30fb6ce28156368e66aec1503f4efa37faa3189e25ebbc3b1,548c0bb707ac99debfafbc9082dd322aec7eb799e69f1ad69e25231eeb75873f,ed1070f69367e36109c473c193b4f898de40ad689a8d367ac3d9e7471a82a1cd,results/common_grid_v6/analysis/dataset_summary.csv,0f24934e47c275ffb66b06e78266cb7fc1883f3046da876a5ed50089c09686cf,results/common_grid_v6/analysis/model_ranking.csv,adddfd4687e09710b2867252fc873687f48ef073c555a9c0b604af9dd31e4e32,results/common_grid_v6/analysis/job_metrics.csv,fda26e3a545811d1f9d4b4ed2b9885cff0bab3505f6be8e6eb97491bb3355e1d,model::ctnet,false,${CACHE_ROOT:?set CACHE_ROOT},${REVIEWER_ROOT:?set REVIEWER_ROOT},${REVIEWER_ROOT:?set REVIEWER_ROOT}/ctnet__local_exp4,${GPU:?set GPU},scripts/reproduce.sh reviewer estimate --scope dataset --model ctnet --dataset local_exp4,"scripts/reproduce.sh reviewer run --scope dataset --model ctnet --dataset local_exp4 --cache-root ""${CACHE_ROOT:?set CACHE_ROOT}"" --run-root ""${REVIEWER_ROOT:?set REVIEWER_ROOT}/ctnet__local_exp4"" --gpu ""${GPU:?set GPU}""","scripts/reproduce.sh reviewer status --run-root ""${REVIEWER_ROOT:?set REVIEWER_ROOT}/ctnet__local_exp4""","scripts/reproduce.sh reviewer compare --run-root ""${REVIEWER_ROOT:?set REVIEWER_ROOT}/ctnet__local_exp4"" --cache-root ""${CACHE_ROOT:?set CACHE_ROOT}"""
dataset::ctnet::bnci2014_001,ctnet::bnci2014_001,ctnet,33,equal_dataset_macro_balanced_accuracy,descriptive_opened_development_suite_only,33,sealed overall accuracy descending; frozen plan architecture order breaks exact ties,dataset,bnci2014_001,dataset,9,1,9,5,45,0.6600308641975309,0.6600308641975308,66.00%,66.003%,66.00%,66.003%,mean_seeds_within_subject_then_mean_subjects,0.580156311082,sum of sealed job_total_seconds measured on the formal four-RTX-A5000 workstation; not a wall-clock estimate or cross-hardware promise,public_official_record_cc_by_nd_4_0_subject_to_terms,true,false,"opened-development evidence only; not independent confirmation, a clinical result, or a global SOTA claim",strict score match requires the exact selected Cartesian replay and checks accuracy plus balanced accuracy; it does not imply bit-exact predictions,"rank is sealed-table context, not established by replaying one cell or one model; rank confirmation requires all 43 complete model rows","fixed-protocol replication is not exact execution identity unless source, cache, split, lock, CUDA, driver, and physical GPU identities all match",65b93b7e5d09cfc30fb6ce28156368e66aec1503f4efa37faa3189e25ebbc3b1,548c0bb707ac99debfafbc9082dd322aec7eb799e69f1ad69e25231eeb75873f,ed1070f69367e36109c473c193b4f898de40ad689a8d367ac3d9e7471a82a1cd,results/common_grid_v6/analysis/dataset_summary.csv,0f24934e47c275ffb66b06e78266cb7fc1883f3046da876a5ed50089c09686cf,results/common_grid_v6/analysis/model_ranking.csv,adddfd4687e09710b2867252fc873687f48ef073c555a9c0b604af9dd31e4e32,results/common_grid_v6/analysis/job_metrics.csv,fda26e3a545811d1f9d4b4ed2b9885cff0bab3505f6be8e6eb97491bb3355e1d,model::ctnet,false,${CACHE_ROOT:?set CACHE_ROOT},${REVIEWER_ROOT:?set REVIEWER_ROOT},${REVIEWER_ROOT:?set REVIEWER_ROOT}/ctnet__bnci2014_001,${GPU:?set GPU},scripts/reproduce.sh reviewer estimate --scope dataset --model ctnet --dataset bnci2014_001,"scripts/reproduce.sh reviewer run --scope dataset --model ctnet --dataset bnci2014_001 --cache-root ""${CACHE_ROOT:?set CACHE_ROOT}"" --run-root ""${REVIEWER_ROOT:?set REVIEWER_ROOT}/ctnet__bnci2014_001"" --gpu ""${GPU:?set GPU}""","scripts/reproduce.sh reviewer status --run-root ""${REVIEWER_ROOT:?set REVIEWER_ROOT}/ctnet__bnci2014_001""","scripts/reproduce.sh reviewer compare --run-root ""${REVIEWER_ROOT:?set REVIEWER_ROOT}/ctnet__bnci2014_001"" --cache-root ""${CACHE_ROOT:?set CACHE_ROOT}"""
dataset::ctnet::bnci2014_004,ctnet::bnci2014_004,ctnet,33,equal_dataset_macro_balanced_accuracy,descriptive_opened_development_suite_only,33,sealed overall accuracy descending; frozen plan architecture order breaks exact ties,dataset,bnci2014_004,dataset,9,1,9,5,45,0.7865277777777778,0.7865277777777778,78.65%,78.653%,78.65%,78.653%,mean_seeds_within_subject_then_mean_subjects,0.436412452271,sum of sealed job_total_seconds measured on the formal four-RTX-A5000 workstation; not a wall-clock estimate or cross-hardware promise,public_official_record_cc_by_nd_4_0_subject_to_terms,true,false,"opened-development evidence only; not independent confirmation, a clinical result, or a global SOTA claim",strict score match requires the exact selected Cartesian replay and checks accuracy plus balanced accuracy; it does not imply bit-exact predictions,"rank is sealed-table context, not established by replaying one cell or one model; rank confirmation requires all 43 complete model rows","fixed-protocol replication is not exact execution identity unless source, cache, split, lock, CUDA, driver, and physical GPU identities all match",65b93b7e5d09cfc30fb6ce28156368e66aec1503f4efa37faa3189e25ebbc3b1,548c0bb707ac99debfafbc9082dd322aec7eb799e69f1ad69e25231eeb75873f,ed1070f69367e36109c473c193b4f898de40ad689a8d367ac3d9e7471a82a1cd,results/common_grid_v6/analysis/dataset_summary.csv,0f24934e47c275ffb66b06e78266cb7fc1883f3046da876a5ed50089c09686cf,results/common_grid_v6/analysis/model_ranking.csv,adddfd4687e09710b2867252fc873687f48ef073c555a9c0b604af9dd31e4e32,results/common_grid_v6/analysis/job_metrics.csv,fda26e3a545811d1f9d4b4ed2b9885cff0bab3505f6be8e6eb97491bb3355e1d,model::ctnet,false,${CACHE_ROOT:?set CACHE_ROOT},${REVIEWER_ROOT:?set REVIEWER_ROOT},${REVIEWER_ROOT:?set REVIEWER_ROOT}/ctnet__bnci2014_004,${GPU:?set GPU},scripts/reproduce.sh reviewer estimate --scope dataset --model ctnet --dataset bnci2014_004,"scripts/reproduce.sh reviewer run --scope dataset --model ctnet --dataset bnci2014_004 --cache-root ""${CACHE_ROOT:?set CACHE_ROOT}"" --run-root ""${REVIEWER_ROOT:?set REVIEWER_ROOT}/ctnet__bnci2014_004"" --gpu ""${GPU:?set GPU}""","scripts/reproduce.sh reviewer status --run-root ""${REVIEWER_ROOT:?set REVIEWER_ROOT}/ctnet__bnci2014_004""","scripts/reproduce.sh reviewer compare --run-root ""${REVIEWER_ROOT:?set REVIEWER_ROOT}/ctnet__bnci2014_004"" --cache-root ""${CACHE_ROOT:?set CACHE_ROOT}"""
dataset::ctnet::cho2017,ctnet::cho2017,ctnet,33,equal_dataset_macro_balanced_accuracy,descriptive_opened_development_suite_only,33,sealed overall accuracy descending; frozen plan architecture order breaks exact ties,dataset,cho2017,dataset,52,5,260,5,1300,0.6510641025641027,0.6510641025641027,65.11%,65.106%,65.11%,65.106%,mean_seeds_within_subject_then_mean_subjects,5.616829440203,sum of sealed job_total_seconds measured on the formal four-RTX-A5000 workstation; not a wall-clock estimate or cross-hardware promise,public_record_exact_acquired_byte_terms_unresolved,true,false,"opened-development evidence only; not independent confirmation, a clinical result, or a global SOTA claim",strict score match requires the exact selected Cartesian replay and checks accuracy plus balanced accuracy; it does not imply bit-exact predictions,"rank is sealed-table context, not established by replaying one cell or one model; rank confirmation requires all 43 complete model rows","fixed-protocol replication is not exact execution identity unless source, cache, split, lock, CUDA, driver, and physical GPU identities all match",65b93b7e5d09cfc30fb6ce28156368e66aec1503f4efa37faa3189e25ebbc3b1,548c0bb707ac99debfafbc9082dd322aec7eb799e69f1ad69e25231eeb75873f,ed1070f69367e36109c473c193b4f898de40ad689a8d367ac3d9e7471a82a1cd,results/common_grid_v6/analysis/dataset_summary.csv,0f24934e47c275ffb66b06e78266cb7fc1883f3046da876a5ed50089c09686cf,results/common_grid_v6/analysis/model_ranking.csv,adddfd4687e09710b2867252fc873687f48ef073c555a9c0b604af9dd31e4e32,results/common_grid_v6/analysis/job_metrics.csv,fda26e3a545811d1f9d4b4ed2b9885cff0bab3505f6be8e6eb97491bb3355e1d,model::ctnet,false,${CACHE_ROOT:?set CACHE_ROOT},${REVIEWER_ROOT:?set REVIEWER_ROOT},${REVIEWER_ROOT:?set REVIEWER_ROOT}/ctnet__cho2017,${GPU:?set GPU},scripts/reproduce.sh reviewer estimate --scope dataset --model ctnet --dataset cho2017,"scripts/reproduce.sh reviewer run --scope dataset --model ctnet --dataset cho2017 --cache-root ""${CACHE_ROOT:?set CACHE_ROOT}"" --run-root ""${REVIEWER_ROOT:?set REVIEWER_ROOT}/ctnet__cho2017"" --gpu ""${GPU:?set GPU}""","scripts/reproduce.sh reviewer status --run-root ""${REVIEWER_ROOT:?set REVIEWER_ROOT}/ctnet__cho2017""","scripts/reproduce.sh reviewer compare --run-root ""${REVIEWER_ROOT:?set REVIEWER_ROOT}/ctnet__cho2017"" --cache-root ""${CACHE_ROOT:?set CACHE_ROOT}"""
dataset::ctnet::physionet_mi,ctnet::physionet_mi,ctnet,33,equal_dataset_macro_balanced_accuracy,descriptive_opened_development_suite_only,33,sealed overall accuracy descending; frozen plan architecture order breaks exact ties,dataset,physionet_mi,dataset,54,3,162,5,810,0.5298765432098765,0.5293035165317774,52.99%,52.988%,52.93%,52.930%,mean_seeds_within_subject_then_mean_subjects,0.678597274919,sum of sealed job_total_seconds measured on the formal four-RTX-A5000 workstation; not a wall-clock estimate or cross-hardware promise,public_official_record_odc_by_1_0_subject_to_terms,true,false,"opened-development evidence only; not independent confirmation, a clinical result, or a global SOTA claim",strict score match requires the exact selected Cartesian replay and checks accuracy plus balanced accuracy; it does not imply bit-exact predictions,"rank is sealed-table context, not established by replaying one cell or one model; rank confirmation requires all 43 complete model rows","fixed-protocol replication is not exact execution identity unless source, cache, split, lock, CUDA, driver, and physical GPU identities all match",65b93b7e5d09cfc30fb6ce28156368e66aec1503f4efa37faa3189e25ebbc3b1,548c0bb707ac99debfafbc9082dd322aec7eb799e69f1ad69e25231eeb75873f,ed1070f69367e36109c473c193b4f898de40ad689a8d367ac3d9e7471a82a1cd,results/common_grid_v6/analysis/dataset_summary.csv,0f24934e47c275ffb66b06e78266cb7fc1883f3046da876a5ed50089c09686cf,results/common_grid_v6/analysis/model_ranking.csv,adddfd4687e09710b2867252fc873687f48ef073c555a9c0b604af9dd31e4e32,results/common_grid_v6/analysis/job_metrics.csv,fda26e3a545811d1f9d4b4ed2b9885cff0bab3505f6be8e6eb97491bb3355e1d,model::ctnet,false,${CACHE_ROOT:?set CACHE_ROOT},${REVIEWER_ROOT:?set REVIEWER_ROOT},${REVIEWER_ROOT:?set REVIEWER_ROOT}/ctnet__physionet_mi,${GPU:?set GPU},scripts/reproduce.sh reviewer estimate --scope dataset --model ctnet --dataset physionet_mi,"scripts/reproduce.sh reviewer run --scope dataset --model ctnet --dataset physionet_mi --cache-root ""${CACHE_ROOT:?set CACHE_ROOT}"" --run-root ""${REVIEWER_ROOT:?set REVIEWER_ROOT}/ctnet__physionet_mi"" --gpu ""${GPU:?set GPU}""","scripts/reproduce.sh reviewer status --run-root ""${REVIEWER_ROOT:?set REVIEWER_ROOT}/ctnet__physionet_mi""","scripts/reproduce.sh reviewer compare --run-root ""${REVIEWER_ROOT:?set REVIEWER_ROOT}/ctnet__physionet_mi"" --cache-root ""${CACHE_ROOT:?set CACHE_ROOT}"""
model::ctnet,ctnet::overall,ctnet,33,equal_dataset_macro_balanced_accuracy,descriptive_opened_development_suite_only,33,sealed overall accuracy descending; frozen plan architecture order breaks exact ties,overall,overall,model,132,by_dataset:1|1|1|5|3,448,5,2240,0.6993331908831909,0.6992185855475711,69.93%,69.933%,69.92%,69.922%,fold_concatenation_then_seed_mean_then_subject_mean_then_equal_dataset_mean,7.612069951242,sum of sealed job_total_seconds measured on the formal four-RTX-A5000 workstation; not a wall-clock estimate or cross-hardware promise,mixed_includes_private_local_exp4_authorization_required,false,false,"opened-development evidence only; not independent confirmation, a clinical result, or a global SOTA claim",strict score match requires the exact selected Cartesian replay and checks accuracy plus balanced accuracy; it does not imply bit-exact predictions,"rank is sealed-table context, not established by replaying one cell or one model; rank confirmation requires all 43 complete model rows","fixed-protocol replication is not exact execution identity unless source, cache, split, lock, CUDA, driver, and physical GPU identities all match",65b93b7e5d09cfc30fb6ce28156368e66aec1503f4efa37faa3189e25ebbc3b1,548c0bb707ac99debfafbc9082dd322aec7eb799e69f1ad69e25231eeb75873f,ed1070f69367e36109c473c193b4f898de40ad689a8d367ac3d9e7471a82a1cd,results/common_grid_v6/analysis/overall_summary.csv,d45dd54801f4ba9074bba808cd7076bd04c9a5267944ec4f7af274de96a11c6f,results/common_grid_v6/analysis/model_ranking.csv,adddfd4687e09710b2867252fc873687f48ef073c555a9c0b604af9dd31e4e32,results/common_grid_v6/analysis/job_metrics.csv,fda26e3a545811d1f9d4b4ed2b9885cff0bab3505f6be8e6eb97491bb3355e1d,model::ctnet,true,${CACHE_ROOT:?set CACHE_ROOT},${REVIEWER_ROOT:?set REVIEWER_ROOT},${REVIEWER_ROOT:?set REVIEWER_ROOT}/ctnet__overall,${GPU:?set GPU},scripts/reproduce.sh reviewer estimate --scope model --model ctnet,"scripts/reproduce.sh reviewer run --scope model --model ctnet --cache-root ""${CACHE_ROOT:?set CACHE_ROOT}"" --run-root ""${REVIEWER_ROOT:?set REVIEWER_ROOT}/ctnet__overall"" --gpu ""${GPU:?set GPU}""","scripts/reproduce.sh reviewer status --run-root ""${REVIEWER_ROOT:?set REVIEWER_ROOT}/ctnet__overall""","scripts/reproduce.sh reviewer compare --run-root ""${REVIEWER_ROOT:?set REVIEWER_ROOT}/ctnet__overall"" --cache-root ""${CACHE_ROOT:?set CACHE_ROOT}"""
dataset::atcnet::local_exp4,atcnet::local_exp4,atcnet,34,equal_dataset_macro_balanced_accuracy,descriptive_opened_development_suite_only,34,sealed overall accuracy descending; frozen plan architecture order breaks exact ties,dataset,local_exp4,dataset,8,1,8,5,40,0.8391666666666667,0.8391666666666667,83.92%,83.917%,83.92%,83.917%,mean_seeds_within_subject_then_mean_subjects,2.207452696973,sum of sealed job_total_seconds measured on the formal four-RTX-A5000 workstation; not a wall-clock estimate or cross-hardware promise,private_institutional_authorization_required,false,false,"opened-development evidence only; not independent confirmation, a clinical result, or a global SOTA claim",strict score match requires the exact selected Cartesian replay and checks accuracy plus balanced accuracy; it does not imply bit-exact predictions,"rank is sealed-table context, not established by replaying one cell or one model; rank confirmation requires all 43 complete model rows","fixed-protocol replication is not exact execution identity unless source, cache, split, lock, CUDA, driver, and physical GPU identities all match",65b93b7e5d09cfc30fb6ce28156368e66aec1503f4efa37faa3189e25ebbc3b1,548c0bb707ac99debfafbc9082dd322aec7eb799e69f1ad69e25231eeb75873f,ed1070f69367e36109c473c193b4f898de40ad689a8d367ac3d9e7471a82a1cd,results/common_grid_v6/analysis/dataset_summary.csv,0f24934e47c275ffb66b06e78266cb7fc1883f3046da876a5ed50089c09686cf,results/common_grid_v6/analysis/model_ranking.csv,adddfd4687e09710b2867252fc873687f48ef073c555a9c0b604af9dd31e4e32,results/common_grid_v6/analysis/job_metrics.csv,fda26e3a545811d1f9d4b4ed2b9885cff0bab3505f6be8e6eb97491bb3355e1d,model::atcnet,false,${CACHE_ROOT:?set CACHE_ROOT},${REVIEWER_ROOT:?set REVIEWER_ROOT},${REVIEWER_ROOT:?set REVIEWER_ROOT}/atcnet__local_exp4,${GPU:?set GPU},scripts/reproduce.sh reviewer estimate --scope dataset --model atcnet --dataset local_exp4,"scripts/reproduce.sh reviewer run --scope dataset --model atcnet --dataset local_exp4 --cache-root ""${CACHE_ROOT:?set CACHE_ROOT}"" --run-root ""${REVIEWER_ROOT:?set REVIEWER_ROOT}/atcnet__local_exp4"" --gpu ""${GPU:?set GPU}""","scripts/reproduce.sh reviewer status --run-root ""${REVIEWER_ROOT:?set REVIEWER_ROOT}/atcnet__local_exp4""","scripts/reproduce.sh reviewer compare --run-root ""${REVIEWER_ROOT:?set REVIEWER_ROOT}/atcnet__local_exp4"" --cache-root ""${CACHE_ROOT:?set CACHE_ROOT}"""
dataset::atcnet::bnci2014_001,atcnet::bnci2014_001,atcnet,34,equal_dataset_macro_balanced_accuracy,descriptive_opened_development_suite_only,34,sealed overall accuracy descending; frozen plan architecture order breaks exact ties,dataset,bnci2014_001,dataset,9,1,9,5,45,0.6277006172839507,0.6277006172839505,62.77%,62.770%,62.77%,62.770%,mean_seeds_within_subject_then_mean_subjects,4.424905977788,sum of sealed job_total_seconds measured on the formal four-RTX-A5000 workstation; not a wall-clock estimate or cross-hardware promise,public_official_record_cc_by_nd_4_0_subject_to_terms,true,false,"opened-development evidence only; not independent confirmation, a clinical result, or a global SOTA claim",strict score match requires the exact selected Cartesian replay and checks accuracy plus balanced accuracy; it does not imply bit-exact predictions,"rank is sealed-table context, not established by replaying one cell or one model; rank confirmation requires all 43 complete model rows","fixed-protocol replication is not exact execution identity unless source, cache, split, lock, CUDA, driver, and physical GPU identities all match",65b93b7e5d09cfc30fb6ce28156368e66aec1503f4efa37faa3189e25ebbc3b1,548c0bb707ac99debfafbc9082dd322aec7eb799e69f1ad69e25231eeb75873f,ed1070f69367e36109c473c193b4f898de40ad689a8d367ac3d9e7471a82a1cd,results/common_grid_v6/analysis/dataset_summary.csv,0f24934e47c275ffb66b06e78266cb7fc1883f3046da876a5ed50089c09686cf,results/common_grid_v6/analysis/model_ranking.csv,adddfd4687e09710b2867252fc873687f48ef073c555a9c0b604af9dd31e4e32,results/common_grid_v6/analysis/job_metrics.csv,fda26e3a545811d1f9d4b4ed2b9885cff0bab3505f6be8e6eb97491bb3355e1d,model::atcnet,false,${CACHE_ROOT:?set CACHE_ROOT},${REVIEWER_ROOT:?set REVIEWER_ROOT},${REVIEWER_ROOT:?set REVIEWER_ROOT}/atcnet__bnci2014_001,${GPU:?set GPU},scripts/reproduce.sh reviewer estimate --scope dataset --model atcnet --dataset bnci2014_001,"scripts/reproduce.sh reviewer run --scope dataset --model atcnet --dataset bnci2014_001 --cache-root ""${CACHE_ROOT:?set CACHE_ROOT}"" --run-root ""${REVIEWER_ROOT:?set REVIEWER_ROOT}/atcnet__bnci2014_001"" --gpu ""${GPU:?set GPU}""","scripts/reproduce.sh reviewer status --run-root ""${REVIEWER_ROOT:?set REVIEWER_ROOT}/atcnet__bnci2014_001""","scripts/reproduce.sh reviewer compare --run-root ""${REVIEWER_ROOT:?set REVIEWER_ROOT}/atcnet__bnci2014_001"" --cache-root ""${CACHE_ROOT:?set CACHE_ROOT}"""
dataset::atcnet::bnci2014_004,atcnet::bnci2014_004,atcnet,34,equal_dataset_macro_balanced_accuracy,descriptive_opened_development_suite_only,34,sealed overall accuracy descending; frozen plan architecture order breaks exact ties,dataset,bnci2014_004,dataset,9,1,9,5,45,0.7814980158730159,0.7814980158730159,78.15%,78.150%,78.15%,78.150%,mean_seeds_within_subject_then_mean_subjects,4.832096104466,sum of sealed job_total_seconds measured on the formal four-RTX-A5000 workstation; not a wall-clock estimate or cross-hardware promise,public_official_record_cc_by_nd_4_0_subject_to_terms,true,false,"opened-development evidence only; not independent confirmation, a clinical result, or a global SOTA claim",strict score match requires the exact selected Cartesian replay and checks accuracy plus balanced accuracy; it does not imply bit-exact predictions,"rank is sealed-table context, not established by replaying one cell or one model; rank confirmation requires all 43 complete model rows","fixed-protocol replication is not exact execution identity unless source, cache, split, lock, CUDA, driver, and physical GPU identities all match",65b93b7e5d09cfc30fb6ce28156368e66aec1503f4efa37faa3189e25ebbc3b1,548c0bb707ac99debfafbc9082dd322aec7eb799e69f1ad69e25231eeb75873f,ed1070f69367e36109c473c193b4f898de40ad689a8d367ac3d9e7471a82a1cd,results/common_grid_v6/analysis/dataset_summary.csv,0f24934e47c275ffb66b06e78266cb7fc1883f3046da876a5ed50089c09686cf,results/common_grid_v6/analysis/model_ranking.csv,adddfd4687e09710b2867252fc873687f48ef073c555a9c0b604af9dd31e4e32,results/common_grid_v6/analysis/job_metrics.csv,fda26e3a545811d1f9d4b4ed2b9885cff0bab3505f6be8e6eb97491bb3355e1d,model::atcnet,false,${CACHE_ROOT:?set CACHE_ROOT},${REVIEWER_ROOT:?set REVIEWER_ROOT},${REVIEWER_ROOT:?set REVIEWER_ROOT}/atcnet__bnci2014_004,${GPU:?set GPU},scripts/reproduce.sh reviewer estimate --scope dataset --model atcnet --dataset bnci2014_004,"scripts/reproduce.sh reviewer run --scope dataset --model atcnet --dataset bnci2014_004 --cache-root ""${CACHE_ROOT:?set CACHE_ROOT}"" --run-root ""${REVIEWER_ROOT:?set REVIEWER_ROOT}/atcnet__bnci2014_004"" --gpu ""${GPU:?set GPU}""","scripts/reproduce.sh reviewer status --run-root ""${REVIEWER_ROOT:?set REVIEWER_ROOT}/atcnet__bnci2014_004""","scripts/reproduce.sh reviewer compare --run-root ""${REVIEWER_ROOT:?set REVIEWER_ROOT}/atcnet__bnci2014_004"" --cache-root ""${CACHE_ROOT:?set CACHE_ROOT}"""
dataset::atcnet::cho2017,atcnet::cho2017,atcnet,34,equal_dataset_macro_balanced_accuracy,descriptive_opened_development_suite_only,34,sealed overall accuracy descending; frozen plan architecture order breaks exact ties,dataset,cho2017,dataset,52,5,260,5,1300,0.6524230769230768,0.6524230769230768,65.24%,65.242%,65.24%,65.242%,mean_seeds_within_subject_then_mean_subjects,49.863643634871,sum of sealed job_total_seconds measured on the formal four-RTX-A5000 workstation; not a wall-clock estimate or cross-hardware promise,public_record_exact_acquired_byte_terms_unresolved,true,false,"opened-development evidence only; not independent confirmation, a clinical result, or a global SOTA claim",strict score match requires the exact selected Cartesian replay and checks accuracy plus balanced accuracy; it does not imply bit-exact predictions,"rank is sealed-table context, not established by replaying one cell or one model; rank confirmation requires all 43 complete model rows","fixed-protocol replication is not exact execution identity unless source, cache, split, lock, CUDA, driver, and physical GPU identities all match",65b93b7e5d09cfc30fb6ce28156368e66aec1503f4efa37faa3189e25ebbc3b1,548c0bb707ac99debfafbc9082dd322aec7eb799e69f1ad69e25231eeb75873f,ed1070f69367e36109c473c193b4f898de40ad689a8d367ac3d9e7471a82a1cd,results/common_grid_v6/analysis/dataset_summary.csv,0f24934e47c275ffb66b06e78266cb7fc1883f3046da876a5ed50089c09686cf,results/common_grid_v6/analysis/model_ranking.csv,adddfd4687e09710b2867252fc873687f48ef073c555a9c0b604af9dd31e4e32,results/common_grid_v6/analysis/job_metrics.csv,fda26e3a545811d1f9d4b4ed2b9885cff0bab3505f6be8e6eb97491bb3355e1d,model::atcnet,false,${CACHE_ROOT:?set CACHE_ROOT},${REVIEWER_ROOT:?set REVIEWER_ROOT},${REVIEWER_ROOT:?set REVIEWER_ROOT}/atcnet__cho2017,${GPU:?set GPU},scripts/reproduce.sh reviewer estimate --scope dataset --model atcnet --dataset cho2017,"scripts/reproduce.sh reviewer run --scope dataset --model atcnet --dataset cho2017 --cache-root ""${CACHE_ROOT:?set CACHE_ROOT}"" --run-root ""${REVIEWER_ROOT:?set REVIEWER_ROOT}/atcnet__cho2017"" --gpu ""${GPU:?set GPU}""","scripts/reproduce.sh reviewer status --run-root ""${REVIEWER_ROOT:?set REVIEWER_ROOT}/atcnet__cho2017""","scripts/reproduce.sh reviewer compare --run-root ""${REVIEWER_ROOT:?set REVIEWER_ROOT}/atcnet__cho2017"" --cache-root ""${CACHE_ROOT:?set CACHE_ROOT}"""
dataset::atcnet::physionet_mi,atcnet::physionet_mi,atcnet,34,equal_dataset_macro_balanced_accuracy,descriptive_opened_development_suite_only,34,sealed overall accuracy descending; frozen plan architecture order breaks exact ties,dataset,physionet_mi,dataset,54,3,162,5,810,0.5591769547325103,0.5577247195906617,55.92%,55.918%,55.77%,55.772%,mean_seeds_within_subject_then_mean_subjects,4.155566915074,sum of sealed job_total_seconds measured on the formal four-RTX-A5000 workstation; not a wall-clock estimate or cross-hardware promise,public_official_record_odc_by_1_0_subject_to_terms,true,false,"opened-development evidence only; not independent confirmation, a clinical result, or a global SOTA claim",strict score match requires the exact selected Cartesian replay and checks accuracy plus balanced accuracy; it does not imply bit-exact predictions,"rank is sealed-table context, not established by replaying one cell or one model; rank confirmation requires all 43 complete model rows","fixed-protocol replication is not exact execution identity unless source, cache, split, lock, CUDA, driver, and physical GPU identities all match",65b93b7e5d09cfc30fb6ce28156368e66aec1503f4efa37faa3189e25ebbc3b1,548c0bb707ac99debfafbc9082dd322aec7eb799e69f1ad69e25231eeb75873f,ed1070f69367e36109c473c193b4f898de40ad689a8d367ac3d9e7471a82a1cd,results/common_grid_v6/analysis/dataset_summary.csv,0f24934e47c275ffb66b06e78266cb7fc1883f3046da876a5ed50089c09686cf,results/common_grid_v6/analysis/model_ranking.csv,adddfd4687e09710b2867252fc873687f48ef073c555a9c0b604af9dd31e4e32,results/common_grid_v6/analysis/job_metrics.csv,fda26e3a545811d1f9d4b4ed2b9885cff0bab3505f6be8e6eb97491bb3355e1d,model::atcnet,false,${CACHE_ROOT:?set CACHE_ROOT},${REVIEWER_ROOT:?set REVIEWER_ROOT},${REVIEWER_ROOT:?set REVIEWER_ROOT}/atcnet__physionet_mi,${GPU:?set GPU},scripts/reproduce.sh reviewer estimate --scope dataset --model atcnet --dataset physionet_mi,"scripts/reproduce.sh reviewer run --scope dataset --model atcnet --dataset physionet_mi --cache-root ""${CACHE_ROOT:?set CACHE_ROOT}"" --run-root ""${REVIEWER_ROOT:?set REVIEWER_ROOT}/atcnet__physionet_mi"" --gpu ""${GPU:?set GPU}""","scripts/reproduce.sh reviewer status --run-root ""${REVIEWER_ROOT:?set REVIEWER_ROOT}/atcnet__physionet_mi""","scripts/reproduce.sh reviewer compare --run-root ""${REVIEWER_ROOT:?set REVIEWER_ROOT}/atcnet__physionet_mi"" --cache-root ""${CACHE_ROOT:?set CACHE_ROOT}"""
model::atcnet,atcnet::overall,atcnet,34,equal_dataset_macro_balanced_accuracy,descriptive_opened_development_suite_only,34,sealed overall accuracy descending; frozen plan architecture order breaks exact ties,overall,overall,model,132,by_dataset:1|1|1|5|3,448,5,2240,0.691993066295844,0.6917026192674742,69.20%,69.199%,69.17%,69.170%,fold_concatenation_then_seed_mean_then_subject_mean_then_equal_dataset_mean,65.483665329172,sum of sealed job_total_seconds measured on the formal four-RTX-A5000 workstation; not a wall-clock estimate or cross-hardware promise,mixed_includes_private_local_exp4_authorization_required,false,false,"opened-development evidence only; not independent confirmation, a clinical result, or a global SOTA claim",strict score match requires the exact selected Cartesian replay and checks accuracy plus balanced accuracy; it does not imply bit-exact predictions,"rank is sealed-table context, not established by replaying one cell or one model; rank confirmation requires all 43 complete model rows","fixed-protocol replication is not exact execution identity unless source, cache, split, lock, CUDA, driver, and physical GPU identities all match",65b93b7e5d09cfc30fb6ce28156368e66aec1503f4efa37faa3189e25ebbc3b1,548c0bb707ac99debfafbc9082dd322aec7eb799e69f1ad69e25231eeb75873f,ed1070f69367e36109c473c193b4f898de40ad689a8d367ac3d9e7471a82a1cd,results/common_grid_v6/analysis/overall_summary.csv,d45dd54801f4ba9074bba808cd7076bd04c9a5267944ec4f7af274de96a11c6f,results/common_grid_v6/analysis/model_ranking.csv,adddfd4687e09710b2867252fc873687f48ef073c555a9c0b604af9dd31e4e32,results/common_grid_v6/analysis/job_metrics.csv,fda26e3a545811d1f9d4b4ed2b9885cff0bab3505f6be8e6eb97491bb3355e1d,model::atcnet,true,${CACHE_ROOT:?set CACHE_ROOT},${REVIEWER_ROOT:?set REVIEWER_ROOT},${REVIEWER_ROOT:?set REVIEWER_ROOT}/atcnet__overall,${GPU:?set GPU},scripts/reproduce.sh reviewer estimate --scope model --model atcnet,"scripts/reproduce.sh reviewer run --scope model --model atcnet --cache-root ""${CACHE_ROOT:?set CACHE_ROOT}"" --run-root ""${REVIEWER_ROOT:?set REVIEWER_ROOT}/atcnet__overall"" --gpu ""${GPU:?set GPU}""","scripts/reproduce.sh reviewer status --run-root ""${REVIEWER_ROOT:?set REVIEWER_ROOT}/atcnet__overall""","scripts/reproduce.sh reviewer compare --run-root ""${REVIEWER_ROOT:?set REVIEWER_ROOT}/atcnet__overall"" --cache-root ""${CACHE_ROOT:?set CACHE_ROOT}"""
dataset::atcnet_aggressive_pool::local_exp4,atcnet_aggressive_pool::local_exp4,atcnet_aggressive_pool,35,equal_dataset_macro_balanced_accuracy,descriptive_opened_development_suite_only,35,sealed overall accuracy descending; frozen plan architecture order breaks exact ties,dataset,local_exp4,dataset,8,1,8,5,40,0.8670833333333334,0.8670833333333333,86.71%,86.708%,86.71%,86.708%,mean_seeds_within_subject_then_mean_subjects,2.592643256165,sum of sealed job_total_seconds measured on the formal four-RTX-A5000 workstation; not a wall-clock estimate or cross-hardware promise,private_institutional_authorization_required,false,false,"opened-development evidence only; not independent confirmation, a clinical result, or a global SOTA claim",strict score match requires the exact selected Cartesian replay and checks accuracy plus balanced accuracy; it does not imply bit-exact predictions,"rank is sealed-table context, not established by replaying one cell or one model; rank confirmation requires all 43 complete model rows","fixed-protocol replication is not exact execution identity unless source, cache, split, lock, CUDA, driver, and physical GPU identities all match",65b93b7e5d09cfc30fb6ce28156368e66aec1503f4efa37faa3189e25ebbc3b1,548c0bb707ac99debfafbc9082dd322aec7eb799e69f1ad69e25231eeb75873f,ed1070f69367e36109c473c193b4f898de40ad689a8d367ac3d9e7471a82a1cd,results/common_grid_v6/analysis/dataset_summary.csv,0f24934e47c275ffb66b06e78266cb7fc1883f3046da876a5ed50089c09686cf,results/common_grid_v6/analysis/model_ranking.csv,adddfd4687e09710b2867252fc873687f48ef073c555a9c0b604af9dd31e4e32,results/common_grid_v6/analysis/job_metrics.csv,fda26e3a545811d1f9d4b4ed2b9885cff0bab3505f6be8e6eb97491bb3355e1d,model::atcnet_aggressive_pool,false,${CACHE_ROOT:?set CACHE_ROOT},${REVIEWER_ROOT:?set REVIEWER_ROOT},${REVIEWER_ROOT:?set REVIEWER_ROOT}/atcnet_aggressive_pool__local_exp4,${GPU:?set GPU},scripts/reproduce.sh reviewer estimate --scope dataset --model atcnet_aggressive_pool --dataset local_exp4,"scripts/reproduce.sh reviewer run --scope dataset --model atcnet_aggressive_pool --dataset local_exp4 --cache-root ""${CACHE_ROOT:?set CACHE_ROOT}"" --run-root ""${REVIEWER_ROOT:?set REVIEWER_ROOT}/atcnet_aggressive_pool__local_exp4"" --gpu ""${GPU:?set GPU}""","scripts/reproduce.sh reviewer status --run-root ""${REVIEWER_ROOT:?set REVIEWER_ROOT}/atcnet_aggressive_pool__local_exp4""","scripts/reproduce.sh reviewer compare --run-root ""${REVIEWER_ROOT:?set REVIEWER_ROOT}/atcnet_aggressive_pool__local_exp4"" --cache-root ""${CACHE_ROOT:?set CACHE_ROOT}"""
dataset::atcnet_aggressive_pool::bnci2014_001,atcnet_aggressive_pool::bnci2014_001,atcnet_aggressive_pool,35,equal_dataset_macro_balanced_accuracy,descriptive_opened_development_suite_only,35,sealed overall accuracy descending; frozen plan architecture order breaks exact ties,dataset,bnci2014_001,dataset,9,1,9,5,45,0.619212962962963,0.619212962962963,61.92%,61.921%,61.92%,61.921%,mean_seeds_within_subject_then_mean_subjects,4.497864170664,sum of sealed job_total_seconds measured on the formal four-RTX-A5000 workstation; not a wall-clock estimate or cross-hardware promise,public_official_record_cc_by_nd_4_0_subject_to_terms,true,false,"opened-development evidence only; not independent confirmation, a clinical result, or a global SOTA claim",strict score match requires the exact selected Cartesian replay and checks accuracy plus balanced accuracy; it does not imply bit-exact predictions,"rank is sealed-table context, not established by replaying one cell or one model; rank confirmation requires all 43 complete model rows","fixed-protocol replication is not exact execution identity unless source, cache, split, lock, CUDA, driver, and physical GPU identities all match",65b93b7e5d09cfc30fb6ce28156368e66aec1503f4efa37faa3189e25ebbc3b1,548c0bb707ac99debfafbc9082dd322aec7eb799e69f1ad69e25231eeb75873f,ed1070f69367e36109c473c193b4f898de40ad689a8d367ac3d9e7471a82a1cd,results/common_grid_v6/analysis/dataset_summary.csv,0f24934e47c275ffb66b06e78266cb7fc1883f3046da876a5ed50089c09686cf,results/common_grid_v6/analysis/model_ranking.csv,adddfd4687e09710b2867252fc873687f48ef073c555a9c0b604af9dd31e4e32,results/common_grid_v6/analysis/job_metrics.csv,fda26e3a545811d1f9d4b4ed2b9885cff0bab3505f6be8e6eb97491bb3355e1d,model::atcnet_aggressive_pool,false,${CACHE_ROOT:?set CACHE_ROOT},${REVIEWER_ROOT:?set REVIEWER_ROOT},${REVIEWER_ROOT:?set REVIEWER_ROOT}/atcnet_aggressive_pool__bnci2014_001,${GPU:?set GPU},scripts/reproduce.sh reviewer estimate --scope dataset --model atcnet_aggressive_pool --dataset bnci2014_001,"scripts/reproduce.sh reviewer run --scope dataset --model atcnet_aggressive_pool --dataset bnci2014_001 --cache-root ""${CACHE_ROOT:?set CACHE_ROOT}"" --run-root ""${REVIEWER_ROOT:?set REVIEWER_ROOT}/atcnet_aggressive_pool__bnci2014_001"" --gpu ""${GPU:?set GPU}""","scripts/reproduce.sh reviewer status --run-root ""${REVIEWER_ROOT:?set REVIEWER_ROOT}/atcnet_aggressive_pool__bnci2014_001""","scripts/reproduce.sh reviewer compare --run-root ""${REVIEWER_ROOT:?set REVIEWER_ROOT}/atcnet_aggressive_pool__bnci2014_001"" --cache-root ""${CACHE_ROOT:?set CACHE_ROOT}"""
dataset::atcnet_aggressive_pool::bnci2014_004,atcnet_aggressive_pool::bnci2014_004,atcnet_aggressive_pool,35,equal_dataset_macro_balanced_accuracy,descriptive_opened_development_suite_only,35,sealed overall accuracy descending; frozen plan architecture order breaks exact ties,dataset,bnci2014_004,dataset,9,1,9,5,45,0.7796329365079365,0.7796329365079365,77.96%,77.963%,77.96%,77.963%,mean_seeds_within_subject_then_mean_subjects,5.097334267007,sum of sealed job_total_seconds measured on the formal four-RTX-A5000 workstation; not a wall-clock estimate or cross-hardware promise,public_official_record_cc_by_nd_4_0_subject_to_terms,true,false,"opened-development evidence only; not independent confirmation, a clinical result, or a global SOTA claim",strict score match requires the exact selected Cartesian replay and checks accuracy plus balanced accuracy; it does not imply bit-exact predictions,"rank is sealed-table context, not established by replaying one cell or one model; rank confirmation requires all 43 complete model rows","fixed-protocol replication is not exact execution identity unless source, cache, split, lock, CUDA, driver, and physical GPU identities all match",65b93b7e5d09cfc30fb6ce28156368e66aec1503f4efa37faa3189e25ebbc3b1,548c0bb707ac99debfafbc9082dd322aec7eb799e69f1ad69e25231eeb75873f,ed1070f69367e36109c473c193b4f898de40ad689a8d367ac3d9e7471a82a1cd,results/common_grid_v6/analysis/dataset_summary.csv,0f24934e47c275ffb66b06e78266cb7fc1883f3046da876a5ed50089c09686cf,results/common_grid_v6/analysis/model_ranking.csv,adddfd4687e09710b2867252fc873687f48ef073c555a9c0b604af9dd31e4e32,results/common_grid_v6/analysis/job_metrics.csv,fda26e3a545811d1f9d4b4ed2b9885cff0bab3505f6be8e6eb97491bb3355e1d,model::atcnet_aggressive_pool,false,${CACHE_ROOT:?set CACHE_ROOT},${REVIEWER_ROOT:?set REVIEWER_ROOT},${REVIEWER_ROOT:?set REVIEWER_ROOT}/atcnet_aggressive_pool__bnci2014_004,${GPU:?set GPU},scripts/reproduce.sh reviewer estimate --scope dataset --model atcnet_aggressive_pool --dataset bnci2014_004,"scripts/reproduce.sh reviewer run --scope dataset --model atcnet_aggressive_pool --dataset bnci2014_004 --cache-root ""${CACHE_ROOT:?set CACHE_ROOT}"" --run-root ""${REVIEWER_ROOT:?set REVIEWER_ROOT}/atcnet_aggressive_pool__bnci2014_004"" --gpu ""${GPU:?set GPU}""","scripts/reproduce.sh reviewer status --run-root ""${REVIEWER_ROOT:?set REVIEWER_ROOT}/atcnet_aggressive_pool__bnci2014_004""","scripts/reproduce.sh reviewer compare --run-root ""${REVIEWER_ROOT:?set REVIEWER_ROOT}/atcnet_aggressive_pool__bnci2014_004"" --cache-root ""${CACHE_ROOT:?set CACHE_ROOT}"""
dataset::atcnet_aggressive_pool::cho2017,atcnet_aggressive_pool::cho2017,atcnet_aggressive_pool,35,equal_dataset_macro_balanced_accuracy,descriptive_opened_development_suite_only,35,sealed overall accuracy descending; frozen plan architecture order breaks exact ties,dataset,cho2017,dataset,52,5,260,5,1300,0.6347371794871796,0.6347371794871796,63.47%,63.474%,63.47%,63.474%,mean_seeds_within_subject_then_mean_subjects,45.872113844650,sum of sealed job_total_seconds measured on the formal four-RTX-A5000 workstation; not a wall-clock estimate or cross-hardware promise,public_record_exact_acquired_byte_terms_unresolved,true,false,"opened-development evidence only; not independent confirmation, a clinical result, or a global SOTA claim",strict score match requires the exact selected Cartesian replay and checks accuracy plus balanced accuracy; it does not imply bit-exact predictions,"rank is sealed-table context, not established by replaying one cell or one model; rank confirmation requires all 43 complete model rows","fixed-protocol replication is not exact execution identity unless source, cache, split, lock, CUDA, driver, and physical GPU identities all match",65b93b7e5d09cfc30fb6ce28156368e66aec1503f4efa37faa3189e25ebbc3b1,548c0bb707ac99debfafbc9082dd322aec7eb799e69f1ad69e25231eeb75873f,ed1070f69367e36109c473c193b4f898de40ad689a8d367ac3d9e7471a82a1cd,results/common_grid_v6/analysis/dataset_summary.csv,0f24934e47c275ffb66b06e78266cb7fc1883f3046da876a5ed50089c09686cf,results/common_grid_v6/analysis/model_ranking.csv,adddfd4687e09710b2867252fc873687f48ef073c555a9c0b604af9dd31e4e32,results/common_grid_v6/analysis/job_metrics.csv,fda26e3a545811d1f9d4b4ed2b9885cff0bab3505f6be8e6eb97491bb3355e1d,model::atcnet_aggressive_pool,false,${CACHE_ROOT:?set CACHE_ROOT},${REVIEWER_ROOT:?set REVIEWER_ROOT},${REVIEWER_ROOT:?set REVIEWER_ROOT}/atcnet_aggressive_pool__cho2017,${GPU:?set GPU},scripts/reproduce.sh reviewer estimate --scope dataset --model atcnet_aggressive_pool --dataset cho2017,"scripts/reproduce.sh reviewer run --scope dataset --model atcnet_aggressive_pool --dataset cho2017 --cache-root ""${CACHE_ROOT:?set CACHE_ROOT}"" --run-root ""${REVIEWER_ROOT:?set REVIEWER_ROOT}/atcnet_aggressive_pool__cho2017"" --gpu ""${GPU:?set GPU}""","scripts/reproduce.sh reviewer status --run-root ""${REVIEWER_ROOT:?set REVIEWER_ROOT}/atcnet_aggressive_pool__cho2017""","scripts/reproduce.sh reviewer compare --run-root ""${REVIEWER_ROOT:?set REVIEWER_ROOT}/atcnet_aggressive_pool__cho2017"" --cache-root ""${CACHE_ROOT:?set CACHE_ROOT}"""
dataset::atcnet_aggressive_pool::physionet_mi,atcnet_aggressive_pool::physionet_mi,atcnet_aggressive_pool,35,equal_dataset_macro_balanced_accuracy,descriptive_opened_development_suite_only,35,sealed overall accuracy descending; frozen plan architecture order breaks exact ties,dataset,physionet_mi,dataset,54,3,162,5,810,0.5477366255144033,0.5459183362263071,54.77%,54.774%,54.59%,54.592%,mean_seeds_within_subject_then_mean_subjects,4.590442029127,sum of sealed job_total_seconds measured on the formal four-RTX-A5000 workstation; not a wall-clock estimate or cross-hardware promise,public_official_record_odc_by_1_0_subject_to_terms,true,false,"opened-development evidence only; not independent confirmation, a clinical result, or a global SOTA claim",strict score match requires the exact selected Cartesian replay and checks accuracy plus balanced accuracy; it does not imply bit-exact predictions,"rank is sealed-table context, not established by replaying one cell or one model; rank confirmation requires all 43 complete model rows","fixed-protocol replication is not exact execution identity unless source, cache, split, lock, CUDA, driver, and physical GPU identities all match",65b93b7e5d09cfc30fb6ce28156368e66aec1503f4efa37faa3189e25ebbc3b1,548c0bb707ac99debfafbc9082dd322aec7eb799e69f1ad69e25231eeb75873f,ed1070f69367e36109c473c193b4f898de40ad689a8d367ac3d9e7471a82a1cd,results/common_grid_v6/analysis/dataset_summary.csv,0f24934e47c275ffb66b06e78266cb7fc1883f3046da876a5ed50089c09686cf,results/common_grid_v6/analysis/model_ranking.csv,adddfd4687e09710b2867252fc873687f48ef073c555a9c0b604af9dd31e4e32,results/common_grid_v6/analysis/job_metrics.csv,fda26e3a545811d1f9d4b4ed2b9885cff0bab3505f6be8e6eb97491bb3355e1d,model::atcnet_aggressive_pool,false,${CACHE_ROOT:?set CACHE_ROOT},${REVIEWER_ROOT:?set REVIEWER_ROOT},${REVIEWER_ROOT:?set REVIEWER_ROOT}/atcnet_aggressive_pool__physionet_mi,${GPU:?set GPU},scripts/reproduce.sh reviewer estimate --scope dataset --model atcnet_aggressive_pool --dataset physionet_mi,"scripts/reproduce.sh reviewer run --scope dataset --model atcnet_aggressive_pool --dataset physionet_mi --cache-root ""${CACHE_ROOT:?set CACHE_ROOT}"" --run-root ""${REVIEWER_ROOT:?set REVIEWER_ROOT}/atcnet_aggressive_pool__physionet_mi"" --gpu ""${GPU:?set GPU}""","scripts/reproduce.sh reviewer status --run-root ""${REVIEWER_ROOT:?set REVIEWER_ROOT}/atcnet_aggressive_pool__physionet_mi""","scripts/reproduce.sh reviewer compare --run-root ""${REVIEWER_ROOT:?set REVIEWER_ROOT}/atcnet_aggressive_pool__physionet_mi"" --cache-root ""${CACHE_ROOT:?set CACHE_ROOT}"""
model::atcnet_aggressive_pool,atcnet_aggressive_pool::overall,atcnet_aggressive_pool,35,equal_dataset_macro_balanced_accuracy,descriptive_opened_development_suite_only,35,sealed overall accuracy descending; frozen plan architecture order breaks exact ties,overall,overall,model,132,by_dataset:1|1|1|5|3,448,5,2240,0.6896806075611632,0.6893169497035438,68.97%,68.968%,68.93%,68.932%,fold_concatenation_then_seed_mean_then_subject_mean_then_equal_dataset_mean,62.650397567612,sum of sealed job_total_seconds measured on the formal four-RTX-A5000 workstation; not a wall-clock estimate or cross-hardware promise,mixed_includes_private_local_exp4_authorization_required,false,false,"opened-development evidence only; not independent confirmation, a clinical result, or a global SOTA claim",strict score match requires the exact selected Cartesian replay and checks accuracy plus balanced accuracy; it does not imply bit-exact predictions,"rank is sealed-table context, not established by replaying one cell or one model; rank confirmation requires all 43 complete model rows","fixed-protocol replication is not exact execution identity unless source, cache, split, lock, CUDA, driver, and physical GPU identities all match",65b93b7e5d09cfc30fb6ce28156368e66aec1503f4efa37faa3189e25ebbc3b1,548c0bb707ac99debfafbc9082dd322aec7eb799e69f1ad69e25231eeb75873f,ed1070f69367e36109c473c193b4f898de40ad689a8d367ac3d9e7471a82a1cd,results/common_grid_v6/analysis/overall_summary.csv,d45dd54801f4ba9074bba808cd7076bd04c9a5267944ec4f7af274de96a11c6f,results/common_grid_v6/analysis/model_ranking.csv,adddfd4687e09710b2867252fc873687f48ef073c555a9c0b604af9dd31e4e32,results/common_grid_v6/analysis/job_metrics.csv,fda26e3a545811d1f9d4b4ed2b9885cff0bab3505f6be8e6eb97491bb3355e1d,model::atcnet_aggressive_pool,true,${CACHE_ROOT:?set CACHE_ROOT},${REVIEWER_ROOT:?set REVIEWER_ROOT},${REVIEWER_ROOT:?set REVIEWER_ROOT}/atcnet_aggressive_pool__overall,${GPU:?set GPU},scripts/reproduce.sh reviewer estimate --scope model --model atcnet_aggressive_pool,"scripts/reproduce.sh reviewer run --scope model --model atcnet_aggressive_pool --cache-root ""${CACHE_ROOT:?set CACHE_ROOT}"" --run-root ""${REVIEWER_ROOT:?set REVIEWER_ROOT}/atcnet_aggressive_pool__overall"" --gpu ""${GPU:?set GPU}""","scripts/reproduce.sh reviewer status --run-root ""${REVIEWER_ROOT:?set REVIEWER_ROOT}/atcnet_aggressive_pool__overall""","scripts/reproduce.sh reviewer compare --run-root ""${REVIEWER_ROOT:?set REVIEWER_ROOT}/atcnet_aggressive_pool__overall"" --cache-root ""${CACHE_ROOT:?set CACHE_ROOT}"""
dataset::ctnet_compact::local_exp4,ctnet_compact::local_exp4,ctnet_compact,36,equal_dataset_macro_balanced_accuracy,descriptive_opened_development_suite_only,36,sealed overall accuracy descending; frozen plan architecture order breaks exact ties,dataset,local_exp4,dataset,8,1,8,5,40,0.8291666666666666,0.8291666666666666,82.92%,82.917%,82.92%,82.917%,mean_seeds_within_subject_then_mean_subjects,0.259532462825,sum of sealed job_total_seconds measured on the formal four-RTX-A5000 workstation; not a wall-clock estimate or cross-hardware promise,private_institutional_authorization_required,false,false,"opened-development evidence only; not independent confirmation, a clinical result, or a global SOTA claim",strict score match requires the exact selected Cartesian replay and checks accuracy plus balanced accuracy; it does not imply bit-exact predictions,"rank is sealed-table context, not established by replaying one cell or one model; rank confirmation requires all 43 complete model rows","fixed-protocol replication is not exact execution identity unless source, cache, split, lock, CUDA, driver, and physical GPU identities all match",65b93b7e5d09cfc30fb6ce28156368e66aec1503f4efa37faa3189e25ebbc3b1,548c0bb707ac99debfafbc9082dd322aec7eb799e69f1ad69e25231eeb75873f,ed1070f69367e36109c473c193b4f898de40ad689a8d367ac3d9e7471a82a1cd,results/common_grid_v6/analysis/dataset_summary.csv,0f24934e47c275ffb66b06e78266cb7fc1883f3046da876a5ed50089c09686cf,results/common_grid_v6/analysis/model_ranking.csv,adddfd4687e09710b2867252fc873687f48ef073c555a9c0b604af9dd31e4e32,results/common_grid_v6/analysis/job_metrics.csv,fda26e3a545811d1f9d4b4ed2b9885cff0bab3505f6be8e6eb97491bb3355e1d,model::ctnet_compact,false,${CACHE_ROOT:?set CACHE_ROOT},${REVIEWER_ROOT:?set REVIEWER_ROOT},${REVIEWER_ROOT:?set REVIEWER_ROOT}/ctnet_compact__local_exp4,${GPU:?set GPU},scripts/reproduce.sh reviewer estimate --scope dataset --model ctnet_compact --dataset local_exp4,"scripts/reproduce.sh reviewer run --scope dataset --model ctnet_compact --dataset local_exp4 --cache-root ""${CACHE_ROOT:?set CACHE_ROOT}"" --run-root ""${REVIEWER_ROOT:?set REVIEWER_ROOT}/ctnet_compact__local_exp4"" --gpu ""${GPU:?set GPU}""","scripts/reproduce.sh reviewer status --run-root ""${REVIEWER_ROOT:?set REVIEWER_ROOT}/ctnet_compact__local_exp4""","scripts/reproduce.sh reviewer compare --run-root ""${REVIEWER_ROOT:?set REVIEWER_ROOT}/ctnet_compact__local_exp4"" --cache-root ""${CACHE_ROOT:?set CACHE_ROOT}"""
dataset::ctnet_compact::bnci2014_001,ctnet_compact::bnci2014_001,ctnet_compact,36,equal_dataset_macro_balanced_accuracy,descriptive_opened_development_suite_only,36,sealed overall accuracy descending; frozen plan architecture order breaks exact ties,dataset,bnci2014_001,dataset,9,1,9,5,45,0.5869598765432098,0.5869598765432098,58.70%,58.696%,58.70%,58.696%,mean_seeds_within_subject_then_mean_subjects,0.562608572883,sum of sealed job_total_seconds measured on the formal four-RTX-A5000 workstation; not a wall-clock estimate or cross-hardware promise,public_official_record_cc_by_nd_4_0_subject_to_terms,true,false,"opened-development evidence only; not independent confirmation, a clinical result, or a global SOTA claim",strict score match requires the exact selected Cartesian replay and checks accuracy plus balanced accuracy; it does not imply bit-exact predictions,"rank is sealed-table context, not established by replaying one cell or one model; rank confirmation requires all 43 complete model rows","fixed-protocol replication is not exact execution identity unless source, cache, split, lock, CUDA, driver, and physical GPU identities all match",65b93b7e5d09cfc30fb6ce28156368e66aec1503f4efa37faa3189e25ebbc3b1,548c0bb707ac99debfafbc9082dd322aec7eb799e69f1ad69e25231eeb75873f,ed1070f69367e36109c473c193b4f898de40ad689a8d367ac3d9e7471a82a1cd,results/common_grid_v6/analysis/dataset_summary.csv,0f24934e47c275ffb66b06e78266cb7fc1883f3046da876a5ed50089c09686cf,results/common_grid_v6/analysis/model_ranking.csv,adddfd4687e09710b2867252fc873687f48ef073c555a9c0b604af9dd31e4e32,results/common_grid_v6/analysis/job_metrics.csv,fda26e3a545811d1f9d4b4ed2b9885cff0bab3505f6be8e6eb97491bb3355e1d,model::ctnet_compact,false,${CACHE_ROOT:?set CACHE_ROOT},${REVIEWER_ROOT:?set REVIEWER_ROOT},${REVIEWER_ROOT:?set REVIEWER_ROOT}/ctnet_compact__bnci2014_001,${GPU:?set GPU},scripts/reproduce.sh reviewer estimate --scope dataset --model ctnet_compact --dataset bnci2014_001,"scripts/reproduce.sh reviewer run --scope dataset --model ctnet_compact --dataset bnci2014_001 --cache-root ""${CACHE_ROOT:?set CACHE_ROOT}"" --run-root ""${REVIEWER_ROOT:?set REVIEWER_ROOT}/ctnet_compact__bnci2014_001"" --gpu ""${GPU:?set GPU}""","scripts/reproduce.sh reviewer status --run-root ""${REVIEWER_ROOT:?set REVIEWER_ROOT}/ctnet_compact__bnci2014_001""","scripts/reproduce.sh reviewer compare --run-root ""${REVIEWER_ROOT:?set REVIEWER_ROOT}/ctnet_compact__bnci2014_001"" --cache-root ""${CACHE_ROOT:?set CACHE_ROOT}"""
dataset::ctnet_compact::bnci2014_004,ctnet_compact::bnci2014_004,ctnet_compact,36,equal_dataset_macro_balanced_accuracy,descriptive_opened_development_suite_only,36,sealed overall accuracy descending; frozen plan architecture order breaks exact ties,dataset,bnci2014_004,dataset,9,1,9,5,45,0.7777380952380953,0.7777380952380953,77.77%,77.774%,77.77%,77.774%,mean_seeds_within_subject_then_mean_subjects,0.553527637288,sum of sealed job_total_seconds measured on the formal four-RTX-A5000 workstation; not a wall-clock estimate or cross-hardware promise,public_official_record_cc_by_nd_4_0_subject_to_terms,true,false,"opened-development evidence only; not independent confirmation, a clinical result, or a global SOTA claim",strict score match requires the exact selected Cartesian replay and checks accuracy plus balanced accuracy; it does not imply bit-exact predictions,"rank is sealed-table context, not established by replaying one cell or one model; rank confirmation requires all 43 complete model rows","fixed-protocol replication is not exact execution identity unless source, cache, split, lock, CUDA, driver, and physical GPU identities all match",65b93b7e5d09cfc30fb6ce28156368e66aec1503f4efa37faa3189e25ebbc3b1,548c0bb707ac99debfafbc9082dd322aec7eb799e69f1ad69e25231eeb75873f,ed1070f69367e36109c473c193b4f898de40ad689a8d367ac3d9e7471a82a1cd,results/common_grid_v6/analysis/dataset_summary.csv,0f24934e47c275ffb66b06e78266cb7fc1883f3046da876a5ed50089c09686cf,results/common_grid_v6/analysis/model_ranking.csv,adddfd4687e09710b2867252fc873687f48ef073c555a9c0b604af9dd31e4e32,results/common_grid_v6/analysis/job_metrics.csv,fda26e3a545811d1f9d4b4ed2b9885cff0bab3505f6be8e6eb97491bb3355e1d,model::ctnet_compact,false,${CACHE_ROOT:?set CACHE_ROOT},${REVIEWER_ROOT:?set REVIEWER_ROOT},${REVIEWER_ROOT:?set REVIEWER_ROOT}/ctnet_compact__bnci2014_004,${GPU:?set GPU},scripts/reproduce.sh reviewer estimate --scope dataset --model ctnet_compact --dataset bnci2014_004,"scripts/reproduce.sh reviewer run --scope dataset --model ctnet_compact --dataset bnci2014_004 --cache-root ""${CACHE_ROOT:?set CACHE_ROOT}"" --run-root ""${REVIEWER_ROOT:?set REVIEWER_ROOT}/ctnet_compact__bnci2014_004"" --gpu ""${GPU:?set GPU}""","scripts/reproduce.sh reviewer status --run-root ""${REVIEWER_ROOT:?set REVIEWER_ROOT}/ctnet_compact__bnci2014_004""","scripts/reproduce.sh reviewer compare --run-root ""${REVIEWER_ROOT:?set REVIEWER_ROOT}/ctnet_compact__bnci2014_004"" --cache-root ""${CACHE_ROOT:?set CACHE_ROOT}"""
dataset::ctnet_compact::cho2017,ctnet_compact::cho2017,ctnet_compact,36,equal_dataset_macro_balanced_accuracy,descriptive_opened_development_suite_only,36,sealed overall accuracy descending; frozen plan architecture order breaks exact ties,dataset,cho2017,dataset,52,5,260,5,1300,0.6171923076923076,0.6171923076923077,61.72%,61.719%,61.72%,61.719%,mean_seeds_within_subject_then_mean_subjects,5.330683546306,sum of sealed job_total_seconds measured on the formal four-RTX-A5000 workstation; not a wall-clock estimate or cross-hardware promise,public_record_exact_acquired_byte_terms_unresolved,true,false,"opened-development evidence only; not independent confirmation, a clinical result, or a global SOTA claim",strict score match requires the exact selected Cartesian replay and checks accuracy plus balanced accuracy; it does not imply bit-exact predictions,"rank is sealed-table context, not established by replaying one cell or one model; rank confirmation requires all 43 complete model rows","fixed-protocol replication is not exact execution identity unless source, cache, split, lock, CUDA, driver, and physical GPU identities all match",65b93b7e5d09cfc30fb6ce28156368e66aec1503f4efa37faa3189e25ebbc3b1,548c0bb707ac99debfafbc9082dd322aec7eb799e69f1ad69e25231eeb75873f,ed1070f69367e36109c473c193b4f898de40ad689a8d367ac3d9e7471a82a1cd,results/common_grid_v6/analysis/dataset_summary.csv,0f24934e47c275ffb66b06e78266cb7fc1883f3046da876a5ed50089c09686cf,results/common_grid_v6/analysis/model_ranking.csv,adddfd4687e09710b2867252fc873687f48ef073c555a9c0b604af9dd31e4e32,results/common_grid_v6/analysis/job_metrics.csv,fda26e3a545811d1f9d4b4ed2b9885cff0bab3505f6be8e6eb97491bb3355e1d,model::ctnet_compact,false,${CACHE_ROOT:?set CACHE_ROOT},${REVIEWER_ROOT:?set REVIEWER_ROOT},${REVIEWER_ROOT:?set REVIEWER_ROOT}/ctnet_compact__cho2017,${GPU:?set GPU},scripts/reproduce.sh reviewer estimate --scope dataset --model ctnet_compact --dataset cho2017,"scripts/reproduce.sh reviewer run --scope dataset --model ctnet_compact --dataset cho2017 --cache-root ""${CACHE_ROOT:?set CACHE_ROOT}"" --run-root ""${REVIEWER_ROOT:?set REVIEWER_ROOT}/ctnet_compact__cho2017"" --gpu ""${GPU:?set GPU}""","scripts/reproduce.sh reviewer status --run-root ""${REVIEWER_ROOT:?set REVIEWER_ROOT}/ctnet_compact__cho2017""","scripts/reproduce.sh reviewer compare --run-root ""${REVIEWER_ROOT:?set REVIEWER_ROOT}/ctnet_compact__cho2017"" --cache-root ""${CACHE_ROOT:?set CACHE_ROOT}"""
dataset::ctnet_compact::physionet_mi,ctnet_compact::physionet_mi,ctnet_compact,36,equal_dataset_macro_balanced_accuracy,descriptive_opened_development_suite_only,36,sealed overall accuracy descending; frozen plan architecture order breaks exact ties,dataset,physionet_mi,dataset,54,3,162,5,810,0.5288888888888889,0.5248066848610327,52.89%,52.889%,52.48%,52.481%,mean_seeds_within_subject_then_mean_subjects,0.917201402352,sum of sealed job_total_seconds measured on the formal four-RTX-A5000 workstation; not a wall-clock estimate or cross-hardware promise,public_official_record_odc_by_1_0_subject_to_terms,true,false,"opened-development evidence only; not independent confirmation, a clinical result, or a global SOTA claim",strict score match requires the exact selected Cartesian replay and checks accuracy plus balanced accuracy; it does not imply bit-exact predictions,"rank is sealed-table context, not established by replaying one cell or one model; rank confirmation requires all 43 complete model rows","fixed-protocol replication is not exact execution identity unless source, cache, split, lock, CUDA, driver, and physical GPU identities all match",65b93b7e5d09cfc30fb6ce28156368e66aec1503f4efa37faa3189e25ebbc3b1,548c0bb707ac99debfafbc9082dd322aec7eb799e69f1ad69e25231eeb75873f,ed1070f69367e36109c473c193b4f898de40ad689a8d367ac3d9e7471a82a1cd,results/common_grid_v6/analysis/dataset_summary.csv,0f24934e47c275ffb66b06e78266cb7fc1883f3046da876a5ed50089c09686cf,results/common_grid_v6/analysis/model_ranking.csv,adddfd4687e09710b2867252fc873687f48ef073c555a9c0b604af9dd31e4e32,results/common_grid_v6/analysis/job_metrics.csv,fda26e3a545811d1f9d4b4ed2b9885cff0bab3505f6be8e6eb97491bb3355e1d,model::ctnet_compact,false,${CACHE_ROOT:?set CACHE_ROOT},${REVIEWER_ROOT:?set REVIEWER_ROOT},${REVIEWER_ROOT:?set REVIEWER_ROOT}/ctnet_compact__physionet_mi,${GPU:?set GPU},scripts/reproduce.sh reviewer estimate --scope dataset --model ctnet_compact --dataset physionet_mi,"scripts/reproduce.sh reviewer run --scope dataset --model ctnet_compact --dataset physionet_mi --cache-root ""${CACHE_ROOT:?set CACHE_ROOT}"" --run-root ""${REVIEWER_ROOT:?set REVIEWER_ROOT}/ctnet_compact__physionet_mi"" --gpu ""${GPU:?set GPU}""","scripts/reproduce.sh reviewer status --run-root ""${REVIEWER_ROOT:?set REVIEWER_ROOT}/ctnet_compact__physionet_mi""","scripts/reproduce.sh reviewer compare --run-root ""${REVIEWER_ROOT:?set REVIEWER_ROOT}/ctnet_compact__physionet_mi"" --cache-root ""${CACHE_ROOT:?set CACHE_ROOT}"""
model::ctnet_compact,ctnet_compact::overall,ctnet_compact,36,equal_dataset_macro_balanced_accuracy,descriptive_opened_development_suite_only,36,sealed overall accuracy descending; frozen plan architecture order breaks exact ties,overall,overall,model,132,by_dataset:1|1|1|5|3,448,5,2240,0.6679891670058338,0.6671727262002625,66.80%,66.799%,66.72%,66.717%,fold_concatenation_then_seed_mean_then_subject_mean_then_equal_dataset_mean,7.623553621654,sum of sealed job_total_seconds measured on the formal four-RTX-A5000 workstation; not a wall-clock estimate or cross-hardware promise,mixed_includes_private_local_exp4_authorization_required,false,false,"opened-development evidence only; not independent confirmation, a clinical result, or a global SOTA claim",strict score match requires the exact selected Cartesian replay and checks accuracy plus balanced accuracy; it does not imply bit-exact predictions,"rank is sealed-table context, not established by replaying one cell or one model; rank confirmation requires all 43 complete model rows","fixed-protocol replication is not exact execution identity unless source, cache, split, lock, CUDA, driver, and physical GPU identities all match",65b93b7e5d09cfc30fb6ce28156368e66aec1503f4efa37faa3189e25ebbc3b1,548c0bb707ac99debfafbc9082dd322aec7eb799e69f1ad69e25231eeb75873f,ed1070f69367e36109c473c193b4f898de40ad689a8d367ac3d9e7471a82a1cd,results/common_grid_v6/analysis/overall_summary.csv,d45dd54801f4ba9074bba808cd7076bd04c9a5267944ec4f7af274de96a11c6f,results/common_grid_v6/analysis/model_ranking.csv,adddfd4687e09710b2867252fc873687f48ef073c555a9c0b604af9dd31e4e32,results/common_grid_v6/analysis/job_metrics.csv,fda26e3a545811d1f9d4b4ed2b9885cff0bab3505f6be8e6eb97491bb3355e1d,model::ctnet_compact,true,${CACHE_ROOT:?set CACHE_ROOT},${REVIEWER_ROOT:?set REVIEWER_ROOT},${REVIEWER_ROOT:?set REVIEWER_ROOT}/ctnet_compact__overall,${GPU:?set GPU},scripts/reproduce.sh reviewer estimate --scope model --model ctnet_compact,"scripts/reproduce.sh reviewer run --scope model --model ctnet_compact --cache-root ""${CACHE_ROOT:?set CACHE_ROOT}"" --run-root ""${REVIEWER_ROOT:?set REVIEWER_ROOT}/ctnet_compact__overall"" --gpu ""${GPU:?set GPU}""","scripts/reproduce.sh reviewer status --run-root ""${REVIEWER_ROOT:?set REVIEWER_ROOT}/ctnet_compact__overall""","scripts/reproduce.sh reviewer compare --run-root ""${REVIEWER_ROOT:?set REVIEWER_ROOT}/ctnet_compact__overall"" --cache-root ""${CACHE_ROOT:?set CACHE_ROOT}"""
dataset::eegsym_wide::local_exp4,eegsym_wide::local_exp4,eegsym_wide,37,equal_dataset_macro_balanced_accuracy,descriptive_opened_development_suite_only,37,sealed overall accuracy descending; frozen plan architecture order breaks exact ties,dataset,local_exp4,dataset,8,1,8,5,40,0.8620833333333333,0.8620833333333334,86.21%,86.208%,86.21%,86.208%,mean_seeds_within_subject_then_mean_subjects,0.231437722289,sum of sealed job_total_seconds measured on the formal four-RTX-A5000 workstation; not a wall-clock estimate or cross-hardware promise,private_institutional_authorization_required,false,false,"opened-development evidence only; not independent confirmation, a clinical result, or a global SOTA claim",strict score match requires the exact selected Cartesian replay and checks accuracy plus balanced accuracy; it does not imply bit-exact predictions,"rank is sealed-table context, not established by replaying one cell or one model; rank confirmation requires all 43 complete model rows","fixed-protocol replication is not exact execution identity unless source, cache, split, lock, CUDA, driver, and physical GPU identities all match",65b93b7e5d09cfc30fb6ce28156368e66aec1503f4efa37faa3189e25ebbc3b1,548c0bb707ac99debfafbc9082dd322aec7eb799e69f1ad69e25231eeb75873f,ed1070f69367e36109c473c193b4f898de40ad689a8d367ac3d9e7471a82a1cd,results/common_grid_v6/analysis/dataset_summary.csv,0f24934e47c275ffb66b06e78266cb7fc1883f3046da876a5ed50089c09686cf,results/common_grid_v6/analysis/model_ranking.csv,adddfd4687e09710b2867252fc873687f48ef073c555a9c0b604af9dd31e4e32,results/common_grid_v6/analysis/job_metrics.csv,fda26e3a545811d1f9d4b4ed2b9885cff0bab3505f6be8e6eb97491bb3355e1d,model::eegsym_wide,false,${CACHE_ROOT:?set CACHE_ROOT},${REVIEWER_ROOT:?set REVIEWER_ROOT},${REVIEWER_ROOT:?set REVIEWER_ROOT}/eegsym_wide__local_exp4,${GPU:?set GPU},scripts/reproduce.sh reviewer estimate --scope dataset --model eegsym_wide --dataset local_exp4,"scripts/reproduce.sh reviewer run --scope dataset --model eegsym_wide --dataset local_exp4 --cache-root ""${CACHE_ROOT:?set CACHE_ROOT}"" --run-root ""${REVIEWER_ROOT:?set REVIEWER_ROOT}/eegsym_wide__local_exp4"" --gpu ""${GPU:?set GPU}""","scripts/reproduce.sh reviewer status --run-root ""${REVIEWER_ROOT:?set REVIEWER_ROOT}/eegsym_wide__local_exp4""","scripts/reproduce.sh reviewer compare --run-root ""${REVIEWER_ROOT:?set REVIEWER_ROOT}/eegsym_wide__local_exp4"" --cache-root ""${CACHE_ROOT:?set CACHE_ROOT}"""
dataset::eegsym_wide::bnci2014_001,eegsym_wide::bnci2014_001,eegsym_wide,37,equal_dataset_macro_balanced_accuracy,descriptive_opened_development_suite_only,37,sealed overall accuracy descending; frozen plan architecture order breaks exact ties,dataset,bnci2014_001,dataset,9,1,9,5,45,0.5143518518518518,0.5143518518518518,51.44%,51.435%,51.44%,51.435%,mean_seeds_within_subject_then_mean_subjects,0.462086600471,sum of sealed job_total_seconds measured on the formal four-RTX-A5000 workstation; not a wall-clock estimate or cross-hardware promise,public_official_record_cc_by_nd_4_0_subject_to_terms,true,false,"opened-development evidence only; not independent confirmation, a clinical result, or a global SOTA claim",strict score match requires the exact selected Cartesian replay and checks accuracy plus balanced accuracy; it does not imply bit-exact predictions,"rank is sealed-table context, not established by replaying one cell or one model; rank confirmation requires all 43 complete model rows","fixed-protocol replication is not exact execution identity unless source, cache, split, lock, CUDA, driver, and physical GPU identities all match",65b93b7e5d09cfc30fb6ce28156368e66aec1503f4efa37faa3189e25ebbc3b1,548c0bb707ac99debfafbc9082dd322aec7eb799e69f1ad69e25231eeb75873f,ed1070f69367e36109c473c193b4f898de40ad689a8d367ac3d9e7471a82a1cd,results/common_grid_v6/analysis/dataset_summary.csv,0f24934e47c275ffb66b06e78266cb7fc1883f3046da876a5ed50089c09686cf,results/common_grid_v6/analysis/model_ranking.csv,adddfd4687e09710b2867252fc873687f48ef073c555a9c0b604af9dd31e4e32,results/common_grid_v6/analysis/job_metrics.csv,fda26e3a545811d1f9d4b4ed2b9885cff0bab3505f6be8e6eb97491bb3355e1d,model::eegsym_wide,false,${CACHE_ROOT:?set CACHE_ROOT},${REVIEWER_ROOT:?set REVIEWER_ROOT},${REVIEWER_ROOT:?set REVIEWER_ROOT}/eegsym_wide__bnci2014_001,${GPU:?set GPU},scripts/reproduce.sh reviewer estimate --scope dataset --model eegsym_wide --dataset bnci2014_001,"scripts/reproduce.sh reviewer run --scope dataset --model eegsym_wide --dataset bnci2014_001 --cache-root ""${CACHE_ROOT:?set CACHE_ROOT}"" --run-root ""${REVIEWER_ROOT:?set REVIEWER_ROOT}/eegsym_wide__bnci2014_001"" --gpu ""${GPU:?set GPU}""","scripts/reproduce.sh reviewer status --run-root ""${REVIEWER_ROOT:?set REVIEWER_ROOT}/eegsym_wide__bnci2014_001""","scripts/reproduce.sh reviewer compare --run-root ""${REVIEWER_ROOT:?set REVIEWER_ROOT}/eegsym_wide__bnci2014_001"" --cache-root ""${CACHE_ROOT:?set CACHE_ROOT}"""
dataset::eegsym_wide::bnci2014_004,eegsym_wide::bnci2014_004,eegsym_wide,37,equal_dataset_macro_balanced_accuracy,descriptive_opened_development_suite_only,37,sealed overall accuracy descending; frozen plan architecture order breaks exact ties,dataset,bnci2014_004,dataset,9,1,9,5,45,0.7829563492063492,0.7829563492063492,78.30%,78.296%,78.30%,78.296%,mean_seeds_within_subject_then_mean_subjects,0.335469624427,sum of sealed job_total_seconds measured on the formal four-RTX-A5000 workstation; not a wall-clock estimate or cross-hardware promise,public_official_record_cc_by_nd_4_0_subject_to_terms,true,false,"opened-development evidence only; not independent confirmation, a clinical result, or a global SOTA claim",strict score match requires the exact selected Cartesian replay and checks accuracy plus balanced accuracy; it does not imply bit-exact predictions,"rank is sealed-table context, not established by replaying one cell or one model; rank confirmation requires all 43 complete model rows","fixed-protocol replication is not exact execution identity unless source, cache, split, lock, CUDA, driver, and physical GPU identities all match",65b93b7e5d09cfc30fb6ce28156368e66aec1503f4efa37faa3189e25ebbc3b1,548c0bb707ac99debfafbc9082dd322aec7eb799e69f1ad69e25231eeb75873f,ed1070f69367e36109c473c193b4f898de40ad689a8d367ac3d9e7471a82a1cd,results/common_grid_v6/analysis/dataset_summary.csv,0f24934e47c275ffb66b06e78266cb7fc1883f3046da876a5ed50089c09686cf,results/common_grid_v6/analysis/model_ranking.csv,adddfd4687e09710b2867252fc873687f48ef073c555a9c0b604af9dd31e4e32,results/common_grid_v6/analysis/job_metrics.csv,fda26e3a545811d1f9d4b4ed2b9885cff0bab3505f6be8e6eb97491bb3355e1d,model::eegsym_wide,false,${CACHE_ROOT:?set CACHE_ROOT},${REVIEWER_ROOT:?set REVIEWER_ROOT},${REVIEWER_ROOT:?set REVIEWER_ROOT}/eegsym_wide__bnci2014_004,${GPU:?set GPU},scripts/reproduce.sh reviewer estimate --scope dataset --model eegsym_wide --dataset bnci2014_004,"scripts/reproduce.sh reviewer run --scope dataset --model eegsym_wide --dataset bnci2014_004 --cache-root ""${CACHE_ROOT:?set CACHE_ROOT}"" --run-root ""${REVIEWER_ROOT:?set REVIEWER_ROOT}/eegsym_wide__bnci2014_004"" --gpu ""${GPU:?set GPU}""","scripts/reproduce.sh reviewer status --run-root ""${REVIEWER_ROOT:?set REVIEWER_ROOT}/eegsym_wide__bnci2014_004""","scripts/reproduce.sh reviewer compare --run-root ""${REVIEWER_ROOT:?set REVIEWER_ROOT}/eegsym_wide__bnci2014_004"" --cache-root ""${CACHE_ROOT:?set CACHE_ROOT}"""
dataset::eegsym_wide::cho2017,eegsym_wide::cho2017,eegsym_wide,37,equal_dataset_macro_balanced_accuracy,descriptive_opened_development_suite_only,37,sealed overall accuracy descending; frozen plan architecture order breaks exact ties,dataset,cho2017,dataset,52,5,260,5,1300,0.6064198717948718,0.6064198717948718,60.64%,60.642%,60.64%,60.642%,mean_seeds_within_subject_then_mean_subjects,5.672270036345,sum of sealed job_total_seconds measured on the formal four-RTX-A5000 workstation; not a wall-clock estimate or cross-hardware promise,public_record_exact_acquired_byte_terms_unresolved,true,false,"opened-development evidence only; not independent confirmation, a clinical result, or a global SOTA claim",strict score match requires the exact selected Cartesian replay and checks accuracy plus balanced accuracy; it does not imply bit-exact predictions,"rank is sealed-table context, not established by replaying one cell or one model; rank confirmation requires all 43 complete model rows","fixed-protocol replication is not exact execution identity unless source, cache, split, lock, CUDA, driver, and physical GPU identities all match",65b93b7e5d09cfc30fb6ce28156368e66aec1503f4efa37faa3189e25ebbc3b1,548c0bb707ac99debfafbc9082dd322aec7eb799e69f1ad69e25231eeb75873f,ed1070f69367e36109c473c193b4f898de40ad689a8d367ac3d9e7471a82a1cd,results/common_grid_v6/analysis/dataset_summary.csv,0f24934e47c275ffb66b06e78266cb7fc1883f3046da876a5ed50089c09686cf,results/common_grid_v6/analysis/model_ranking.csv,adddfd4687e09710b2867252fc873687f48ef073c555a9c0b604af9dd31e4e32,results/common_grid_v6/analysis/job_metrics.csv,fda26e3a545811d1f9d4b4ed2b9885cff0bab3505f6be8e6eb97491bb3355e1d,model::eegsym_wide,false,${CACHE_ROOT:?set CACHE_ROOT},${REVIEWER_ROOT:?set REVIEWER_ROOT},${REVIEWER_ROOT:?set REVIEWER_ROOT}/eegsym_wide__cho2017,${GPU:?set GPU},scripts/reproduce.sh reviewer estimate --scope dataset --model eegsym_wide --dataset cho2017,"scripts/reproduce.sh reviewer run --scope dataset --model eegsym_wide --dataset cho2017 --cache-root ""${CACHE_ROOT:?set CACHE_ROOT}"" --run-root ""${REVIEWER_ROOT:?set REVIEWER_ROOT}/eegsym_wide__cho2017"" --gpu ""${GPU:?set GPU}""","scripts/reproduce.sh reviewer status --run-root ""${REVIEWER_ROOT:?set REVIEWER_ROOT}/eegsym_wide__cho2017""","scripts/reproduce.sh reviewer compare --run-root ""${REVIEWER_ROOT:?set REVIEWER_ROOT}/eegsym_wide__cho2017"" --cache-root ""${CACHE_ROOT:?set CACHE_ROOT}"""
dataset::eegsym_wide::physionet_mi,eegsym_wide::physionet_mi,eegsym_wide,37,equal_dataset_macro_balanced_accuracy,descriptive_opened_development_suite_only,37,sealed overall accuracy descending; frozen plan architecture order breaks exact ties,dataset,physionet_mi,dataset,54,3,162,5,810,0.5174485596707818,0.51416363427233,51.74%,51.745%,51.42%,51.416%,mean_seeds_within_subject_then_mean_subjects,0.609320836625,sum of sealed job_total_seconds measured on the formal four-RTX-A5000 workstation; not a wall-clock estimate or cross-hardware promise,public_official_record_odc_by_1_0_subject_to_terms,true,false,"opened-development evidence only; not independent confirmation, a clinical result, or a global SOTA claim",strict score match requires the exact selected Cartesian replay and checks accuracy plus balanced accuracy; it does not imply bit-exact predictions,"rank is sealed-table context, not established by replaying one cell or one model; rank confirmation requires all 43 complete model rows","fixed-protocol replication is not exact execution identity unless source, cache, split, lock, CUDA, driver, and physical GPU identities all match",65b93b7e5d09cfc30fb6ce28156368e66aec1503f4efa37faa3189e25ebbc3b1,548c0bb707ac99debfafbc9082dd322aec7eb799e69f1ad69e25231eeb75873f,ed1070f69367e36109c473c193b4f898de40ad689a8d367ac3d9e7471a82a1cd,results/common_grid_v6/analysis/dataset_summary.csv,0f24934e47c275ffb66b06e78266cb7fc1883f3046da876a5ed50089c09686cf,results/common_grid_v6/analysis/model_ranking.csv,adddfd4687e09710b2867252fc873687f48ef073c555a9c0b604af9dd31e4e32,results/common_grid_v6/analysis/job_metrics.csv,fda26e3a545811d1f9d4b4ed2b9885cff0bab3505f6be8e6eb97491bb3355e1d,model::eegsym_wide,false,${CACHE_ROOT:?set CACHE_ROOT},${REVIEWER_ROOT:?set REVIEWER_ROOT},${REVIEWER_ROOT:?set REVIEWER_ROOT}/eegsym_wide__physionet_mi,${GPU:?set GPU},scripts/reproduce.sh reviewer estimate --scope dataset --model eegsym_wide --dataset physionet_mi,"scripts/reproduce.sh reviewer run --scope dataset --model eegsym_wide --dataset physionet_mi --cache-root ""${CACHE_ROOT:?set CACHE_ROOT}"" --run-root ""${REVIEWER_ROOT:?set REVIEWER_ROOT}/eegsym_wide__physionet_mi"" --gpu ""${GPU:?set GPU}""","scripts/reproduce.sh reviewer status --run-root ""${REVIEWER_ROOT:?set REVIEWER_ROOT}/eegsym_wide__physionet_mi""","scripts/reproduce.sh reviewer compare --run-root ""${REVIEWER_ROOT:?set REVIEWER_ROOT}/eegsym_wide__physionet_mi"" --cache-root ""${CACHE_ROOT:?set CACHE_ROOT}"""
model::eegsym_wide,eegsym_wide::overall,eegsym_wide,37,equal_dataset_macro_balanced_accuracy,descriptive_opened_development_suite_only,37,sealed overall accuracy descending; frozen plan architecture order breaks exact ties,overall,overall,model,132,by_dataset:1|1|1|5|3,448,5,2240,0.6566519931714376,0.6559950080917473,65.67%,65.665%,65.60%,65.600%,fold_concatenation_then_seed_mean_then_subject_mean_then_equal_dataset_mean,7.310584820157,sum of sealed job_total_seconds measured on the formal four-RTX-A5000 workstation; not a wall-clock estimate or cross-hardware promise,mixed_includes_private_local_exp4_authorization_required,false,false,"opened-development evidence only; not independent confirmation, a clinical result, or a global SOTA claim",strict score match requires the exact selected Cartesian replay and checks accuracy plus balanced accuracy; it does not imply bit-exact predictions,"rank is sealed-table context, not established by replaying one cell or one model; rank confirmation requires all 43 complete model rows","fixed-protocol replication is not exact execution identity unless source, cache, split, lock, CUDA, driver, and physical GPU identities all match",65b93b7e5d09cfc30fb6ce28156368e66aec1503f4efa37faa3189e25ebbc3b1,548c0bb707ac99debfafbc9082dd322aec7eb799e69f1ad69e25231eeb75873f,ed1070f69367e36109c473c193b4f898de40ad689a8d367ac3d9e7471a82a1cd,results/common_grid_v6/analysis/overall_summary.csv,d45dd54801f4ba9074bba808cd7076bd04c9a5267944ec4f7af274de96a11c6f,results/common_grid_v6/analysis/model_ranking.csv,adddfd4687e09710b2867252fc873687f48ef073c555a9c0b604af9dd31e4e32,results/common_grid_v6/analysis/job_metrics.csv,fda26e3a545811d1f9d4b4ed2b9885cff0bab3505f6be8e6eb97491bb3355e1d,model::eegsym_wide,true,${CACHE_ROOT:?set CACHE_ROOT},${REVIEWER_ROOT:?set REVIEWER_ROOT},${REVIEWER_ROOT:?set REVIEWER_ROOT}/eegsym_wide__overall,${GPU:?set GPU},scripts/reproduce.sh reviewer estimate --scope model --model eegsym_wide,"scripts/reproduce.sh reviewer run --scope model --model eegsym_wide --cache-root ""${CACHE_ROOT:?set CACHE_ROOT}"" --run-root ""${REVIEWER_ROOT:?set REVIEWER_ROOT}/eegsym_wide__overall"" --gpu ""${GPU:?set GPU}""","scripts/reproduce.sh reviewer status --run-root ""${REVIEWER_ROOT:?set REVIEWER_ROOT}/eegsym_wide__overall""","scripts/reproduce.sh reviewer compare --run-root ""${REVIEWER_ROOT:?set REVIEWER_ROOT}/eegsym_wide__overall"" --cache-root ""${CACHE_ROOT:?set CACHE_ROOT}"""
dataset::free_scope::local_exp4,free_scope::local_exp4,free_scope,38,equal_dataset_macro_balanced_accuracy,descriptive_opened_development_suite_only,38,sealed overall accuracy descending; frozen plan architecture order breaks exact ties,dataset,local_exp4,dataset,8,1,8,5,40,0.7741666666666667,0.7741666666666667,77.42%,77.417%,77.42%,77.417%,mean_seeds_within_subject_then_mean_subjects,0.078632428076,sum of sealed job_total_seconds measured on the formal four-RTX-A5000 workstation; not a wall-clock estimate or cross-hardware promise,private_institutional_authorization_required,false,false,"opened-development evidence only; not independent confirmation, a clinical result, or a global SOTA claim",strict score match requires the exact selected Cartesian replay and checks accuracy plus balanced accuracy; it does not imply bit-exact predictions,"rank is sealed-table context, not established by replaying one cell or one model; rank confirmation requires all 43 complete model rows","fixed-protocol replication is not exact execution identity unless source, cache, split, lock, CUDA, driver, and physical GPU identities all match",65b93b7e5d09cfc30fb6ce28156368e66aec1503f4efa37faa3189e25ebbc3b1,548c0bb707ac99debfafbc9082dd322aec7eb799e69f1ad69e25231eeb75873f,ed1070f69367e36109c473c193b4f898de40ad689a8d367ac3d9e7471a82a1cd,results/common_grid_v6/analysis/dataset_summary.csv,0f24934e47c275ffb66b06e78266cb7fc1883f3046da876a5ed50089c09686cf,results/common_grid_v6/analysis/model_ranking.csv,adddfd4687e09710b2867252fc873687f48ef073c555a9c0b604af9dd31e4e32,results/common_grid_v6/analysis/job_metrics.csv,fda26e3a545811d1f9d4b4ed2b9885cff0bab3505f6be8e6eb97491bb3355e1d,model::free_scope,false,${CACHE_ROOT:?set CACHE_ROOT},${REVIEWER_ROOT:?set REVIEWER_ROOT},${REVIEWER_ROOT:?set REVIEWER_ROOT}/free_scope__local_exp4,${GPU:?set GPU},scripts/reproduce.sh reviewer estimate --scope dataset --model free_scope --dataset local_exp4,"scripts/reproduce.sh reviewer run --scope dataset --model free_scope --dataset local_exp4 --cache-root ""${CACHE_ROOT:?set CACHE_ROOT}"" --run-root ""${REVIEWER_ROOT:?set REVIEWER_ROOT}/free_scope__local_exp4"" --gpu ""${GPU:?set GPU}""","scripts/reproduce.sh reviewer status --run-root ""${REVIEWER_ROOT:?set REVIEWER_ROOT}/free_scope__local_exp4""","scripts/reproduce.sh reviewer compare --run-root ""${REVIEWER_ROOT:?set REVIEWER_ROOT}/free_scope__local_exp4"" --cache-root ""${CACHE_ROOT:?set CACHE_ROOT}"""
dataset::free_scope::bnci2014_001,free_scope::bnci2014_001,free_scope,38,equal_dataset_macro_balanced_accuracy,descriptive_opened_development_suite_only,38,sealed overall accuracy descending; frozen plan architecture order breaks exact ties,dataset,bnci2014_001,dataset,9,1,9,5,45,0.5520061728395061,0.5520061728395061,55.20%,55.201%,55.20%,55.201%,mean_seeds_within_subject_then_mean_subjects,0.170067330877,sum of sealed job_total_seconds measured on the formal four-RTX-A5000 workstation; not a wall-clock estimate or cross-hardware promise,public_official_record_cc_by_nd_4_0_subject_to_terms,true,false,"opened-development evidence only; not independent confirmation, a clinical result, or a global SOTA claim",strict score match requires the exact selected Cartesian replay and checks accuracy plus balanced accuracy; it does not imply bit-exact predictions,"rank is sealed-table context, not established by replaying one cell or one model; rank confirmation requires all 43 complete model rows","fixed-protocol replication is not exact execution identity unless source, cache, split, lock, CUDA, driver, and physical GPU identities all match",65b93b7e5d09cfc30fb6ce28156368e66aec1503f4efa37faa3189e25ebbc3b1,548c0bb707ac99debfafbc9082dd322aec7eb799e69f1ad69e25231eeb75873f,ed1070f69367e36109c473c193b4f898de40ad689a8d367ac3d9e7471a82a1cd,results/common_grid_v6/analysis/dataset_summary.csv,0f24934e47c275ffb66b06e78266cb7fc1883f3046da876a5ed50089c09686cf,results/common_grid_v6/analysis/model_ranking.csv,adddfd4687e09710b2867252fc873687f48ef073c555a9c0b604af9dd31e4e32,results/common_grid_v6/analysis/job_metrics.csv,fda26e3a545811d1f9d4b4ed2b9885cff0bab3505f6be8e6eb97491bb3355e1d,model::free_scope,false,${CACHE_ROOT:?set CACHE_ROOT},${REVIEWER_ROOT:?set REVIEWER_ROOT},${REVIEWER_ROOT:?set REVIEWER_ROOT}/free_scope__bnci2014_001,${GPU:?set GPU},scripts/reproduce.sh reviewer estimate --scope dataset --model free_scope --dataset bnci2014_001,"scripts/reproduce.sh reviewer run --scope dataset --model free_scope --dataset bnci2014_001 --cache-root ""${CACHE_ROOT:?set CACHE_ROOT}"" --run-root ""${REVIEWER_ROOT:?set REVIEWER_ROOT}/free_scope__bnci2014_001"" --gpu ""${GPU:?set GPU}""","scripts/reproduce.sh reviewer status --run-root ""${REVIEWER_ROOT:?set REVIEWER_ROOT}/free_scope__bnci2014_001""","scripts/reproduce.sh reviewer compare --run-root ""${REVIEWER_ROOT:?set REVIEWER_ROOT}/free_scope__bnci2014_001"" --cache-root ""${CACHE_ROOT:?set CACHE_ROOT}"""
dataset::free_scope::bnci2014_004,free_scope::bnci2014_004,free_scope,38,equal_dataset_macro_balanced_accuracy,descriptive_opened_development_suite_only,38,sealed overall accuracy descending; frozen plan architecture order breaks exact ties,dataset,bnci2014_004,dataset,9,1,9,5,45,0.7384623015873015,0.7384623015873015,73.85%,73.846%,73.85%,73.846%,mean_seeds_within_subject_then_mean_subjects,0.098336754021,sum of sealed job_total_seconds measured on the formal four-RTX-A5000 workstation; not a wall-clock estimate or cross-hardware promise,public_official_record_cc_by_nd_4_0_subject_to_terms,true,false,"opened-development evidence only; not independent confirmation, a clinical result, or a global SOTA claim",strict score match requires the exact selected Cartesian replay and checks accuracy plus balanced accuracy; it does not imply bit-exact predictions,"rank is sealed-table context, not established by replaying one cell or one model; rank confirmation requires all 43 complete model rows","fixed-protocol replication is not exact execution identity unless source, cache, split, lock, CUDA, driver, and physical GPU identities all match",65b93b7e5d09cfc30fb6ce28156368e66aec1503f4efa37faa3189e25ebbc3b1,548c0bb707ac99debfafbc9082dd322aec7eb799e69f1ad69e25231eeb75873f,ed1070f69367e36109c473c193b4f898de40ad689a8d367ac3d9e7471a82a1cd,results/common_grid_v6/analysis/dataset_summary.csv,0f24934e47c275ffb66b06e78266cb7fc1883f3046da876a5ed50089c09686cf,results/common_grid_v6/analysis/model_ranking.csv,adddfd4687e09710b2867252fc873687f48ef073c555a9c0b604af9dd31e4e32,results/common_grid_v6/analysis/job_metrics.csv,fda26e3a545811d1f9d4b4ed2b9885cff0bab3505f6be8e6eb97491bb3355e1d,model::free_scope,false,${CACHE_ROOT:?set CACHE_ROOT},${REVIEWER_ROOT:?set REVIEWER_ROOT},${REVIEWER_ROOT:?set REVIEWER_ROOT}/free_scope__bnci2014_004,${GPU:?set GPU},scripts/reproduce.sh reviewer estimate --scope dataset --model free_scope --dataset bnci2014_004,"scripts/reproduce.sh reviewer run --scope dataset --model free_scope --dataset bnci2014_004 --cache-root ""${CACHE_ROOT:?set CACHE_ROOT}"" --run-root ""${REVIEWER_ROOT:?set REVIEWER_ROOT}/free_scope__bnci2014_004"" --gpu ""${GPU:?set GPU}""","scripts/reproduce.sh reviewer status --run-root ""${REVIEWER_ROOT:?set REVIEWER_ROOT}/free_scope__bnci2014_004""","scripts/reproduce.sh reviewer compare --run-root ""${REVIEWER_ROOT:?set REVIEWER_ROOT}/free_scope__bnci2014_004"" --cache-root ""${CACHE_ROOT:?set CACHE_ROOT}"""
dataset::free_scope::cho2017,free_scope::cho2017,free_scope,38,equal_dataset_macro_balanced_accuracy,descriptive_opened_development_suite_only,38,sealed overall accuracy descending; frozen plan architecture order breaks exact ties,dataset,cho2017,dataset,52,5,260,5,1300,0.5978621794871796,0.5978621794871796,59.79%,59.786%,59.79%,59.786%,mean_seeds_within_subject_then_mean_subjects,1.308608917531,sum of sealed job_total_seconds measured on the formal four-RTX-A5000 workstation; not a wall-clock estimate or cross-hardware promise,public_record_exact_acquired_byte_terms_unresolved,true,false,"opened-development evidence only; not independent confirmation, a clinical result, or a global SOTA claim",strict score match requires the exact selected Cartesian replay and checks accuracy plus balanced accuracy; it does not imply bit-exact predictions,"rank is sealed-table context, not established by replaying one cell or one model; rank confirmation requires all 43 complete model rows","fixed-protocol replication is not exact execution identity unless source, cache, split, lock, CUDA, driver, and physical GPU identities all match",65b93b7e5d09cfc30fb6ce28156368e66aec1503f4efa37faa3189e25ebbc3b1,548c0bb707ac99debfafbc9082dd322aec7eb799e69f1ad69e25231eeb75873f,ed1070f69367e36109c473c193b4f898de40ad689a8d367ac3d9e7471a82a1cd,results/common_grid_v6/analysis/dataset_summary.csv,0f24934e47c275ffb66b06e78266cb7fc1883f3046da876a5ed50089c09686cf,results/common_grid_v6/analysis/model_ranking.csv,adddfd4687e09710b2867252fc873687f48ef073c555a9c0b604af9dd31e4e32,results/common_grid_v6/analysis/job_metrics.csv,fda26e3a545811d1f9d4b4ed2b9885cff0bab3505f6be8e6eb97491bb3355e1d,model::free_scope,false,${CACHE_ROOT:?set CACHE_ROOT},${REVIEWER_ROOT:?set REVIEWER_ROOT},${REVIEWER_ROOT:?set REVIEWER_ROOT}/free_scope__cho2017,${GPU:?set GPU},scripts/reproduce.sh reviewer estimate --scope dataset --model free_scope --dataset cho2017,"scripts/reproduce.sh reviewer run --scope dataset --model free_scope --dataset cho2017 --cache-root ""${CACHE_ROOT:?set CACHE_ROOT}"" --run-root ""${REVIEWER_ROOT:?set REVIEWER_ROOT}/free_scope__cho2017"" --gpu ""${GPU:?set GPU}""","scripts/reproduce.sh reviewer status --run-root ""${REVIEWER_ROOT:?set REVIEWER_ROOT}/free_scope__cho2017""","scripts/reproduce.sh reviewer compare --run-root ""${REVIEWER_ROOT:?set REVIEWER_ROOT}/free_scope__cho2017"" --cache-root ""${CACHE_ROOT:?set CACHE_ROOT}"""
dataset::free_scope::physionet_mi,free_scope::physionet_mi,free_scope,38,equal_dataset_macro_balanced_accuracy,descriptive_opened_development_suite_only,38,sealed overall accuracy descending; frozen plan architecture order breaks exact ties,dataset,physionet_mi,dataset,54,3,162,5,810,0.5440329218106996,0.5429078134694076,54.40%,54.403%,54.29%,54.291%,mean_seeds_within_subject_then_mean_subjects,0.316499791847,sum of sealed job_total_seconds measured on the formal four-RTX-A5000 workstation; not a wall-clock estimate or cross-hardware promise,public_official_record_odc_by_1_0_subject_to_terms,true,false,"opened-development evidence only; not independent confirmation, a clinical result, or a global SOTA claim",strict score match requires the exact selected Cartesian replay and checks accuracy plus balanced accuracy; it does not imply bit-exact predictions,"rank is sealed-table context, not established by replaying one cell or one model; rank confirmation requires all 43 complete model rows","fixed-protocol replication is not exact execution identity unless source, cache, split, lock, CUDA, driver, and physical GPU identities all match",65b93b7e5d09cfc30fb6ce28156368e66aec1503f4efa37faa3189e25ebbc3b1,548c0bb707ac99debfafbc9082dd322aec7eb799e69f1ad69e25231eeb75873f,ed1070f69367e36109c473c193b4f898de40ad689a8d367ac3d9e7471a82a1cd,results/common_grid_v6/analysis/dataset_summary.csv,0f24934e47c275ffb66b06e78266cb7fc1883f3046da876a5ed50089c09686cf,results/common_grid_v6/analysis/model_ranking.csv,adddfd4687e09710b2867252fc873687f48ef073c555a9c0b604af9dd31e4e32,results/common_grid_v6/analysis/job_metrics.csv,fda26e3a545811d1f9d4b4ed2b9885cff0bab3505f6be8e6eb97491bb3355e1d,model::free_scope,false,${CACHE_ROOT:?set CACHE_ROOT},${REVIEWER_ROOT:?set REVIEWER_ROOT},${REVIEWER_ROOT:?set REVIEWER_ROOT}/free_scope__physionet_mi,${GPU:?set GPU},scripts/reproduce.sh reviewer estimate --scope dataset --model free_scope --dataset physionet_mi,"scripts/reproduce.sh reviewer run --scope dataset --model free_scope --dataset physionet_mi --cache-root ""${CACHE_ROOT:?set CACHE_ROOT}"" --run-root ""${REVIEWER_ROOT:?set REVIEWER_ROOT}/free_scope__physionet_mi"" --gpu ""${GPU:?set GPU}""","scripts/reproduce.sh reviewer status --run-root ""${REVIEWER_ROOT:?set REVIEWER_ROOT}/free_scope__physionet_mi""","scripts/reproduce.sh reviewer compare --run-root ""${REVIEWER_ROOT:?set REVIEWER_ROOT}/free_scope__physionet_mi"" --cache-root ""${CACHE_ROOT:?set CACHE_ROOT}"""
model::free_scope,free_scope::overall,free_scope,38,equal_dataset_macro_balanced_accuracy,descriptive_opened_development_suite_only,38,sealed overall accuracy descending; frozen plan architecture order breaks exact ties,overall,overall,model,132,by_dataset:1|1|1|5|3,448,5,2240,0.6413060484782707,0.6410810268100123,64.13%,64.131%,64.11%,64.108%,fold_concatenation_then_seed_mean_then_subject_mean_then_equal_dataset_mean,1.972145222352,sum of sealed job_total_seconds measured on the formal four-RTX-A5000 workstation; not a wall-clock estimate or cross-hardware promise,mixed_includes_private_local_exp4_authorization_required,false,false,"opened-development evidence only; not independent confirmation, a clinical result, or a global SOTA claim",strict score match requires the exact selected Cartesian replay and checks accuracy plus balanced accuracy; it does not imply bit-exact predictions,"rank is sealed-table context, not established by replaying one cell or one model; rank confirmation requires all 43 complete model rows","fixed-protocol replication is not exact execution identity unless source, cache, split, lock, CUDA, driver, and physical GPU identities all match",65b93b7e5d09cfc30fb6ce28156368e66aec1503f4efa37faa3189e25ebbc3b1,548c0bb707ac99debfafbc9082dd322aec7eb799e69f1ad69e25231eeb75873f,ed1070f69367e36109c473c193b4f898de40ad689a8d367ac3d9e7471a82a1cd,results/common_grid_v6/analysis/overall_summary.csv,d45dd54801f4ba9074bba808cd7076bd04c9a5267944ec4f7af274de96a11c6f,results/common_grid_v6/analysis/model_ranking.csv,adddfd4687e09710b2867252fc873687f48ef073c555a9c0b604af9dd31e4e32,results/common_grid_v6/analysis/job_metrics.csv,fda26e3a545811d1f9d4b4ed2b9885cff0bab3505f6be8e6eb97491bb3355e1d,model::free_scope,true,${CACHE_ROOT:?set CACHE_ROOT},${REVIEWER_ROOT:?set REVIEWER_ROOT},${REVIEWER_ROOT:?set REVIEWER_ROOT}/free_scope__overall,${GPU:?set GPU},scripts/reproduce.sh reviewer estimate --scope model --model free_scope,"scripts/reproduce.sh reviewer run --scope model --model free_scope --cache-root ""${CACHE_ROOT:?set CACHE_ROOT}"" --run-root ""${REVIEWER_ROOT:?set REVIEWER_ROOT}/free_scope__overall"" --gpu ""${GPU:?set GPU}""","scripts/reproduce.sh reviewer status --run-root ""${REVIEWER_ROOT:?set REVIEWER_ROOT}/free_scope__overall""","scripts/reproduce.sh reviewer compare --run-root ""${REVIEWER_ROOT:?set REVIEWER_ROOT}/free_scope__overall"" --cache-root ""${CACHE_ROOT:?set CACHE_ROOT}"""
dataset::eegnet::local_exp4,eegnet::local_exp4,eegnet,39,equal_dataset_macro_balanced_accuracy,descriptive_opened_development_suite_only,39,sealed overall accuracy descending; frozen plan architecture order breaks exact ties,dataset,local_exp4,dataset,8,1,8,5,40,0.83625,0.83625,83.62%,83.625%,83.62%,83.625%,mean_seeds_within_subject_then_mean_subjects,0.072422867590,sum of sealed job_total_seconds measured on the formal four-RTX-A5000 workstation; not a wall-clock estimate or cross-hardware promise,private_institutional_authorization_required,false,false,"opened-development evidence only; not independent confirmation, a clinical result, or a global SOTA claim",strict score match requires the exact selected Cartesian replay and checks accuracy plus balanced accuracy; it does not imply bit-exact predictions,"rank is sealed-table context, not established by replaying one cell or one model; rank confirmation requires all 43 complete model rows","fixed-protocol replication is not exact execution identity unless source, cache, split, lock, CUDA, driver, and physical GPU identities all match",65b93b7e5d09cfc30fb6ce28156368e66aec1503f4efa37faa3189e25ebbc3b1,548c0bb707ac99debfafbc9082dd322aec7eb799e69f1ad69e25231eeb75873f,ed1070f69367e36109c473c193b4f898de40ad689a8d367ac3d9e7471a82a1cd,results/common_grid_v6/analysis/dataset_summary.csv,0f24934e47c275ffb66b06e78266cb7fc1883f3046da876a5ed50089c09686cf,results/common_grid_v6/analysis/model_ranking.csv,adddfd4687e09710b2867252fc873687f48ef073c555a9c0b604af9dd31e4e32,results/common_grid_v6/analysis/job_metrics.csv,fda26e3a545811d1f9d4b4ed2b9885cff0bab3505f6be8e6eb97491bb3355e1d,model::eegnet,false,${CACHE_ROOT:?set CACHE_ROOT},${REVIEWER_ROOT:?set REVIEWER_ROOT},${REVIEWER_ROOT:?set REVIEWER_ROOT}/eegnet__local_exp4,${GPU:?set GPU},scripts/reproduce.sh reviewer estimate --scope dataset --model eegnet --dataset local_exp4,"scripts/reproduce.sh reviewer run --scope dataset --model eegnet --dataset local_exp4 --cache-root ""${CACHE_ROOT:?set CACHE_ROOT}"" --run-root ""${REVIEWER_ROOT:?set REVIEWER_ROOT}/eegnet__local_exp4"" --gpu ""${GPU:?set GPU}""","scripts/reproduce.sh reviewer status --run-root ""${REVIEWER_ROOT:?set REVIEWER_ROOT}/eegnet__local_exp4""","scripts/reproduce.sh reviewer compare --run-root ""${REVIEWER_ROOT:?set REVIEWER_ROOT}/eegnet__local_exp4"" --cache-root ""${CACHE_ROOT:?set CACHE_ROOT}"""
dataset::eegnet::bnci2014_001,eegnet::bnci2014_001,eegnet,39,equal_dataset_macro_balanced_accuracy,descriptive_opened_development_suite_only,39,sealed overall accuracy descending; frozen plan architecture order breaks exact ties,dataset,bnci2014_001,dataset,9,1,9,5,45,0.47530864197530864,0.47530864197530864,47.53%,47.531%,47.53%,47.531%,mean_seeds_within_subject_then_mean_subjects,0.100269631266,sum of sealed job_total_seconds measured on the formal four-RTX-A5000 workstation; not a wall-clock estimate or cross-hardware promise,public_official_record_cc_by_nd_4_0_subject_to_terms,true,false,"opened-development evidence only; not independent confirmation, a clinical result, or a global SOTA claim",strict score match requires the exact selected Cartesian replay and checks accuracy plus balanced accuracy; it does not imply bit-exact predictions,"rank is sealed-table context, not established by replaying one cell or one model; rank confirmation requires all 43 complete model rows","fixed-protocol replication is not exact execution identity unless source, cache, split, lock, CUDA, driver, and physical GPU identities all match",65b93b7e5d09cfc30fb6ce28156368e66aec1503f4efa37faa3189e25ebbc3b1,548c0bb707ac99debfafbc9082dd322aec7eb799e69f1ad69e25231eeb75873f,ed1070f69367e36109c473c193b4f898de40ad689a8d367ac3d9e7471a82a1cd,results/common_grid_v6/analysis/dataset_summary.csv,0f24934e47c275ffb66b06e78266cb7fc1883f3046da876a5ed50089c09686cf,results/common_grid_v6/analysis/model_ranking.csv,adddfd4687e09710b2867252fc873687f48ef073c555a9c0b604af9dd31e4e32,results/common_grid_v6/analysis/job_metrics.csv,fda26e3a545811d1f9d4b4ed2b9885cff0bab3505f6be8e6eb97491bb3355e1d,model::eegnet,false,${CACHE_ROOT:?set CACHE_ROOT},${REVIEWER_ROOT:?set REVIEWER_ROOT},${REVIEWER_ROOT:?set REVIEWER_ROOT}/eegnet__bnci2014_001,${GPU:?set GPU},scripts/reproduce.sh reviewer estimate --scope dataset --model eegnet --dataset bnci2014_001,"scripts/reproduce.sh reviewer run --scope dataset --model eegnet --dataset bnci2014_001 --cache-root ""${CACHE_ROOT:?set CACHE_ROOT}"" --run-root ""${REVIEWER_ROOT:?set REVIEWER_ROOT}/eegnet__bnci2014_001"" --gpu ""${GPU:?set GPU}""","scripts/reproduce.sh reviewer status --run-root ""${REVIEWER_ROOT:?set REVIEWER_ROOT}/eegnet__bnci2014_001""","scripts/reproduce.sh reviewer compare --run-root ""${REVIEWER_ROOT:?set REVIEWER_ROOT}/eegnet__bnci2014_001"" --cache-root ""${CACHE_ROOT:?set CACHE_ROOT}"""
dataset::eegnet::bnci2014_004,eegnet::bnci2014_004,eegnet,39,equal_dataset_macro_balanced_accuracy,descriptive_opened_development_suite_only,39,sealed overall accuracy descending; frozen plan architecture order breaks exact ties,dataset,bnci2014_004,dataset,9,1,9,5,45,0.7278670634920634,0.7278670634920634,72.79%,72.787%,72.79%,72.787%,mean_seeds_within_subject_then_mean_subjects,0.113703444431,sum of sealed job_total_seconds measured on the formal four-RTX-A5000 workstation; not a wall-clock estimate or cross-hardware promise,public_official_record_cc_by_nd_4_0_subject_to_terms,true,false,"opened-development evidence only; not independent confirmation, a clinical result, or a global SOTA claim",strict score match requires the exact selected Cartesian replay and checks accuracy plus balanced accuracy; it does not imply bit-exact predictions,"rank is sealed-table context, not established by replaying one cell or one model; rank confirmation requires all 43 complete model rows","fixed-protocol replication is not exact execution identity unless source, cache, split, lock, CUDA, driver, and physical GPU identities all match",65b93b7e5d09cfc30fb6ce28156368e66aec1503f4efa37faa3189e25ebbc3b1,548c0bb707ac99debfafbc9082dd322aec7eb799e69f1ad69e25231eeb75873f,ed1070f69367e36109c473c193b4f898de40ad689a8d367ac3d9e7471a82a1cd,results/common_grid_v6/analysis/dataset_summary.csv,0f24934e47c275ffb66b06e78266cb7fc1883f3046da876a5ed50089c09686cf,results/common_grid_v6/analysis/model_ranking.csv,adddfd4687e09710b2867252fc873687f48ef073c555a9c0b604af9dd31e4e32,results/common_grid_v6/analysis/job_metrics.csv,fda26e3a545811d1f9d4b4ed2b9885cff0bab3505f6be8e6eb97491bb3355e1d,model::eegnet,false,${CACHE_ROOT:?set CACHE_ROOT},${REVIEWER_ROOT:?set REVIEWER_ROOT},${REVIEWER_ROOT:?set REVIEWER_ROOT}/eegnet__bnci2014_004,${GPU:?set GPU},scripts/reproduce.sh reviewer estimate --scope dataset --model eegnet --dataset bnci2014_004,"scripts/reproduce.sh reviewer run --scope dataset --model eegnet --dataset bnci2014_004 --cache-root ""${CACHE_ROOT:?set CACHE_ROOT}"" --run-root ""${REVIEWER_ROOT:?set REVIEWER_ROOT}/eegnet__bnci2014_004"" --gpu ""${GPU:?set GPU}""","scripts/reproduce.sh reviewer status --run-root ""${REVIEWER_ROOT:?set REVIEWER_ROOT}/eegnet__bnci2014_004""","scripts/reproduce.sh reviewer compare --run-root ""${REVIEWER_ROOT:?set REVIEWER_ROOT}/eegnet__bnci2014_004"" --cache-root ""${CACHE_ROOT:?set CACHE_ROOT}"""
dataset::eegnet::cho2017,eegnet::cho2017,eegnet,39,equal_dataset_macro_balanced_accuracy,descriptive_opened_development_suite_only,39,sealed overall accuracy descending; frozen plan architecture order breaks exact ties,dataset,cho2017,dataset,52,5,260,5,1300,0.6331282051282051,0.6331282051282051,63.31%,63.313%,63.31%,63.313%,mean_seeds_within_subject_then_mean_subjects,1.594054001961,sum of sealed job_total_seconds measured on the formal four-RTX-A5000 workstation; not a wall-clock estimate or cross-hardware promise,public_record_exact_acquired_byte_terms_unresolved,true,false,"opened-development evidence only; not independent confirmation, a clinical result, or a global SOTA claim",strict score match requires the exact selected Cartesian replay and checks accuracy plus balanced accuracy; it does not imply bit-exact predictions,"rank is sealed-table context, not established by replaying one cell or one model; rank confirmation requires all 43 complete model rows","fixed-protocol replication is not exact execution identity unless source, cache, split, lock, CUDA, driver, and physical GPU identities all match",65b93b7e5d09cfc30fb6ce28156368e66aec1503f4efa37faa3189e25ebbc3b1,548c0bb707ac99debfafbc9082dd322aec7eb799e69f1ad69e25231eeb75873f,ed1070f69367e36109c473c193b4f898de40ad689a8d367ac3d9e7471a82a1cd,results/common_grid_v6/analysis/dataset_summary.csv,0f24934e47c275ffb66b06e78266cb7fc1883f3046da876a5ed50089c09686cf,results/common_grid_v6/analysis/model_ranking.csv,adddfd4687e09710b2867252fc873687f48ef073c555a9c0b604af9dd31e4e32,results/common_grid_v6/analysis/job_metrics.csv,fda26e3a545811d1f9d4b4ed2b9885cff0bab3505f6be8e6eb97491bb3355e1d,model::eegnet,false,${CACHE_ROOT:?set CACHE_ROOT},${REVIEWER_ROOT:?set REVIEWER_ROOT},${REVIEWER_ROOT:?set REVIEWER_ROOT}/eegnet__cho2017,${GPU:?set GPU},scripts/reproduce.sh reviewer estimate --scope dataset --model eegnet --dataset cho2017,"scripts/reproduce.sh reviewer run --scope dataset --model eegnet --dataset cho2017 --cache-root ""${CACHE_ROOT:?set CACHE_ROOT}"" --run-root ""${REVIEWER_ROOT:?set REVIEWER_ROOT}/eegnet__cho2017"" --gpu ""${GPU:?set GPU}""","scripts/reproduce.sh reviewer status --run-root ""${REVIEWER_ROOT:?set REVIEWER_ROOT}/eegnet__cho2017""","scripts/reproduce.sh reviewer compare --run-root ""${REVIEWER_ROOT:?set REVIEWER_ROOT}/eegnet__cho2017"" --cache-root ""${CACHE_ROOT:?set CACHE_ROOT}"""
dataset::eegnet::physionet_mi,eegnet::physionet_mi,eegnet,39,equal_dataset_macro_balanced_accuracy,descriptive_opened_development_suite_only,39,sealed overall accuracy descending; frozen plan architecture order breaks exact ties,dataset,physionet_mi,dataset,54,3,162,5,810,0.5241975308641975,0.5198470209339774,52.42%,52.420%,51.98%,51.985%,mean_seeds_within_subject_then_mean_subjects,0.239183757360,sum of sealed job_total_seconds measured on the formal four-RTX-A5000 workstation; not a wall-clock estimate or cross-hardware promise,public_official_record_odc_by_1_0_subject_to_terms,true,false,"opened-development evidence only; not independent confirmation, a clinical result, or a global SOTA claim",strict score match requires the exact selected Cartesian replay and checks accuracy plus balanced accuracy; it does not imply bit-exact predictions,"rank is sealed-table context, not established by replaying one cell or one model; rank confirmation requires all 43 complete model rows","fixed-protocol replication is not exact execution identity unless source, cache, split, lock, CUDA, driver, and physical GPU identities all match",65b93b7e5d09cfc30fb6ce28156368e66aec1503f4efa37faa3189e25ebbc3b1,548c0bb707ac99debfafbc9082dd322aec7eb799e69f1ad69e25231eeb75873f,ed1070f69367e36109c473c193b4f898de40ad689a8d367ac3d9e7471a82a1cd,results/common_grid_v6/analysis/dataset_summary.csv,0f24934e47c275ffb66b06e78266cb7fc1883f3046da876a5ed50089c09686cf,results/common_grid_v6/analysis/model_ranking.csv,adddfd4687e09710b2867252fc873687f48ef073c555a9c0b604af9dd31e4e32,results/common_grid_v6/analysis/job_metrics.csv,fda26e3a545811d1f9d4b4ed2b9885cff0bab3505f6be8e6eb97491bb3355e1d,model::eegnet,false,${CACHE_ROOT:?set CACHE_ROOT},${REVIEWER_ROOT:?set REVIEWER_ROOT},${REVIEWER_ROOT:?set REVIEWER_ROOT}/eegnet__physionet_mi,${GPU:?set GPU},scripts/reproduce.sh reviewer estimate --scope dataset --model eegnet --dataset physionet_mi,"scripts/reproduce.sh reviewer run --scope dataset --model eegnet --dataset physionet_mi --cache-root ""${CACHE_ROOT:?set CACHE_ROOT}"" --run-root ""${REVIEWER_ROOT:?set REVIEWER_ROOT}/eegnet__physionet_mi"" --gpu ""${GPU:?set GPU}""","scripts/reproduce.sh reviewer status --run-root ""${REVIEWER_ROOT:?set REVIEWER_ROOT}/eegnet__physionet_mi""","scripts/reproduce.sh reviewer compare --run-root ""${REVIEWER_ROOT:?set REVIEWER_ROOT}/eegnet__physionet_mi"" --cache-root ""${CACHE_ROOT:?set CACHE_ROOT}"""
model::eegnet,eegnet::overall,eegnet,39,equal_dataset_macro_balanced_accuracy,descriptive_opened_development_suite_only,39,sealed overall accuracy descending; frozen plan architecture order breaks exact ties,overall,overall,model,132,by_dataset:1|1|1|5|3,448,5,2240,0.639350288291955,0.638480186305911,63.94%,63.935%,63.85%,63.848%,fold_concatenation_then_seed_mean_then_subject_mean_then_equal_dataset_mean,2.119633702609,sum of sealed job_total_seconds measured on the formal four-RTX-A5000 workstation; not a wall-clock estimate or cross-hardware promise,mixed_includes_private_local_exp4_authorization_required,false,false,"opened-development evidence only; not independent confirmation, a clinical result, or a global SOTA claim",strict score match requires the exact selected Cartesian replay and checks accuracy plus balanced accuracy; it does not imply bit-exact predictions,"rank is sealed-table context, not established by replaying one cell or one model; rank confirmation requires all 43 complete model rows","fixed-protocol replication is not exact execution identity unless source, cache, split, lock, CUDA, driver, and physical GPU identities all match",65b93b7e5d09cfc30fb6ce28156368e66aec1503f4efa37faa3189e25ebbc3b1,548c0bb707ac99debfafbc9082dd322aec7eb799e69f1ad69e25231eeb75873f,ed1070f69367e36109c473c193b4f898de40ad689a8d367ac3d9e7471a82a1cd,results/common_grid_v6/analysis/overall_summary.csv,d45dd54801f4ba9074bba808cd7076bd04c9a5267944ec4f7af274de96a11c6f,results/common_grid_v6/analysis/model_ranking.csv,adddfd4687e09710b2867252fc873687f48ef073c555a9c0b604af9dd31e4e32,results/common_grid_v6/analysis/job_metrics.csv,fda26e3a545811d1f9d4b4ed2b9885cff0bab3505f6be8e6eb97491bb3355e1d,model::eegnet,true,${CACHE_ROOT:?set CACHE_ROOT},${REVIEWER_ROOT:?set REVIEWER_ROOT},${REVIEWER_ROOT:?set REVIEWER_ROOT}/eegnet__overall,${GPU:?set GPU},scripts/reproduce.sh reviewer estimate --scope model --model eegnet,"scripts/reproduce.sh reviewer run --scope model --model eegnet --cache-root ""${CACHE_ROOT:?set CACHE_ROOT}"" --run-root ""${REVIEWER_ROOT:?set REVIEWER_ROOT}/eegnet__overall"" --gpu ""${GPU:?set GPU}""","scripts/reproduce.sh reviewer status --run-root ""${REVIEWER_ROOT:?set REVIEWER_ROOT}/eegnet__overall""","scripts/reproduce.sh reviewer compare --run-root ""${REVIEWER_ROOT:?set REVIEWER_ROOT}/eegnet__overall"" --cache-root ""${CACHE_ROOT:?set CACHE_ROOT}"""
dataset::eegtcnet::local_exp4,eegtcnet::local_exp4,eegtcnet,40,equal_dataset_macro_balanced_accuracy,descriptive_opened_development_suite_only,40,sealed overall accuracy descending; frozen plan architecture order breaks exact ties,dataset,local_exp4,dataset,8,1,8,5,40,0.7083333333333333,0.7083333333333333,70.83%,70.833%,70.83%,70.833%,mean_seeds_within_subject_then_mean_subjects,0.362165324292,sum of sealed job_total_seconds measured on the formal four-RTX-A5000 workstation; not a wall-clock estimate or cross-hardware promise,private_institutional_authorization_required,false,false,"opened-development evidence only; not independent confirmation, a clinical result, or a global SOTA claim",strict score match requires the exact selected Cartesian replay and checks accuracy plus balanced accuracy; it does not imply bit-exact predictions,"rank is sealed-table context, not established by replaying one cell or one model; rank confirmation requires all 43 complete model rows","fixed-protocol replication is not exact execution identity unless source, cache, split, lock, CUDA, driver, and physical GPU identities all match",65b93b7e5d09cfc30fb6ce28156368e66aec1503f4efa37faa3189e25ebbc3b1,548c0bb707ac99debfafbc9082dd322aec7eb799e69f1ad69e25231eeb75873f,ed1070f69367e36109c473c193b4f898de40ad689a8d367ac3d9e7471a82a1cd,results/common_grid_v6/analysis/dataset_summary.csv,0f24934e47c275ffb66b06e78266cb7fc1883f3046da876a5ed50089c09686cf,results/common_grid_v6/analysis/model_ranking.csv,adddfd4687e09710b2867252fc873687f48ef073c555a9c0b604af9dd31e4e32,results/common_grid_v6/analysis/job_metrics.csv,fda26e3a545811d1f9d4b4ed2b9885cff0bab3505f6be8e6eb97491bb3355e1d,model::eegtcnet,false,${CACHE_ROOT:?set CACHE_ROOT},${REVIEWER_ROOT:?set REVIEWER_ROOT},${REVIEWER_ROOT:?set REVIEWER_ROOT}/eegtcnet__local_exp4,${GPU:?set GPU},scripts/reproduce.sh reviewer estimate --scope dataset --model eegtcnet --dataset local_exp4,"scripts/reproduce.sh reviewer run --scope dataset --model eegtcnet --dataset local_exp4 --cache-root ""${CACHE_ROOT:?set CACHE_ROOT}"" --run-root ""${REVIEWER_ROOT:?set REVIEWER_ROOT}/eegtcnet__local_exp4"" --gpu ""${GPU:?set GPU}""","scripts/reproduce.sh reviewer status --run-root ""${REVIEWER_ROOT:?set REVIEWER_ROOT}/eegtcnet__local_exp4""","scripts/reproduce.sh reviewer compare --run-root ""${REVIEWER_ROOT:?set REVIEWER_ROOT}/eegtcnet__local_exp4"" --cache-root ""${CACHE_ROOT:?set CACHE_ROOT}"""
dataset::eegtcnet::bnci2014_001,eegtcnet::bnci2014_001,eegtcnet,40,equal_dataset_macro_balanced_accuracy,descriptive_opened_development_suite_only,40,sealed overall accuracy descending; frozen plan architecture order breaks exact ties,dataset,bnci2014_001,dataset,9,1,9,5,45,0.4773148148148148,0.4773148148148148,47.73%,47.731%,47.73%,47.731%,mean_seeds_within_subject_then_mean_subjects,0.893031464548,sum of sealed job_total_seconds measured on the formal four-RTX-A5000 workstation; not a wall-clock estimate or cross-hardware promise,public_official_record_cc_by_nd_4_0_subject_to_terms,true,false,"opened-development evidence only; not independent confirmation, a clinical result, or a global SOTA claim",strict score match requires the exact selected Cartesian replay and checks accuracy plus balanced accuracy; it does not imply bit-exact predictions,"rank is sealed-table context, not established by replaying one cell or one model; rank confirmation requires all 43 complete model rows","fixed-protocol replication is not exact execution identity unless source, cache, split, lock, CUDA, driver, and physical GPU identities all match",65b93b7e5d09cfc30fb6ce28156368e66aec1503f4efa37faa3189e25ebbc3b1,548c0bb707ac99debfafbc9082dd322aec7eb799e69f1ad69e25231eeb75873f,ed1070f69367e36109c473c193b4f898de40ad689a8d367ac3d9e7471a82a1cd,results/common_grid_v6/analysis/dataset_summary.csv,0f24934e47c275ffb66b06e78266cb7fc1883f3046da876a5ed50089c09686cf,results/common_grid_v6/analysis/model_ranking.csv,adddfd4687e09710b2867252fc873687f48ef073c555a9c0b604af9dd31e4e32,results/common_grid_v6/analysis/job_metrics.csv,fda26e3a545811d1f9d4b4ed2b9885cff0bab3505f6be8e6eb97491bb3355e1d,model::eegtcnet,false,${CACHE_ROOT:?set CACHE_ROOT},${REVIEWER_ROOT:?set REVIEWER_ROOT},${REVIEWER_ROOT:?set REVIEWER_ROOT}/eegtcnet__bnci2014_001,${GPU:?set GPU},scripts/reproduce.sh reviewer estimate --scope dataset --model eegtcnet --dataset bnci2014_001,"scripts/reproduce.sh reviewer run --scope dataset --model eegtcnet --dataset bnci2014_001 --cache-root ""${CACHE_ROOT:?set CACHE_ROOT}"" --run-root ""${REVIEWER_ROOT:?set REVIEWER_ROOT}/eegtcnet__bnci2014_001"" --gpu ""${GPU:?set GPU}""","scripts/reproduce.sh reviewer status --run-root ""${REVIEWER_ROOT:?set REVIEWER_ROOT}/eegtcnet__bnci2014_001""","scripts/reproduce.sh reviewer compare --run-root ""${REVIEWER_ROOT:?set REVIEWER_ROOT}/eegtcnet__bnci2014_001"" --cache-root ""${CACHE_ROOT:?set CACHE_ROOT}"""
dataset::eegtcnet::bnci2014_004,eegtcnet::bnci2014_004,eegtcnet,40,equal_dataset_macro_balanced_accuracy,descriptive_opened_development_suite_only,40,sealed overall accuracy descending; frozen plan architecture order breaks exact ties,dataset,bnci2014_004,dataset,9,1,9,5,45,0.7313293650793651,0.7313293650793651,73.13%,73.133%,73.13%,73.133%,mean_seeds_within_subject_then_mean_subjects,0.872294184802,sum of sealed job_total_seconds measured on the formal four-RTX-A5000 workstation; not a wall-clock estimate or cross-hardware promise,public_official_record_cc_by_nd_4_0_subject_to_terms,true,false,"opened-development evidence only; not independent confirmation, a clinical result, or a global SOTA claim",strict score match requires the exact selected Cartesian replay and checks accuracy plus balanced accuracy; it does not imply bit-exact predictions,"rank is sealed-table context, not established by replaying one cell or one model; rank confirmation requires all 43 complete model rows","fixed-protocol replication is not exact execution identity unless source, cache, split, lock, CUDA, driver, and physical GPU identities all match",65b93b7e5d09cfc30fb6ce28156368e66aec1503f4efa37faa3189e25ebbc3b1,548c0bb707ac99debfafbc9082dd322aec7eb799e69f1ad69e25231eeb75873f,ed1070f69367e36109c473c193b4f898de40ad689a8d367ac3d9e7471a82a1cd,results/common_grid_v6/analysis/dataset_summary.csv,0f24934e47c275ffb66b06e78266cb7fc1883f3046da876a5ed50089c09686cf,results/common_grid_v6/analysis/model_ranking.csv,adddfd4687e09710b2867252fc873687f48ef073c555a9c0b604af9dd31e4e32,results/common_grid_v6/analysis/job_metrics.csv,fda26e3a545811d1f9d4b4ed2b9885cff0bab3505f6be8e6eb97491bb3355e1d,model::eegtcnet,false,${CACHE_ROOT:?set CACHE_ROOT},${REVIEWER_ROOT:?set REVIEWER_ROOT},${REVIEWER_ROOT:?set REVIEWER_ROOT}/eegtcnet__bnci2014_004,${GPU:?set GPU},scripts/reproduce.sh reviewer estimate --scope dataset --model eegtcnet --dataset bnci2014_004,"scripts/reproduce.sh reviewer run --scope dataset --model eegtcnet --dataset bnci2014_004 --cache-root ""${CACHE_ROOT:?set CACHE_ROOT}"" --run-root ""${REVIEWER_ROOT:?set REVIEWER_ROOT}/eegtcnet__bnci2014_004"" --gpu ""${GPU:?set GPU}""","scripts/reproduce.sh reviewer status --run-root ""${REVIEWER_ROOT:?set REVIEWER_ROOT}/eegtcnet__bnci2014_004""","scripts/reproduce.sh reviewer compare --run-root ""${REVIEWER_ROOT:?set REVIEWER_ROOT}/eegtcnet__bnci2014_004"" --cache-root ""${CACHE_ROOT:?set CACHE_ROOT}"""
dataset::eegtcnet::cho2017,eegtcnet::cho2017,eegtcnet,40,equal_dataset_macro_balanced_accuracy,descriptive_opened_development_suite_only,40,sealed overall accuracy descending; frozen plan architecture order breaks exact ties,dataset,cho2017,dataset,52,5,260,5,1300,0.5673942307692307,0.5673942307692307,56.74%,56.739%,56.74%,56.739%,mean_seeds_within_subject_then_mean_subjects,9.336266344517,sum of sealed job_total_seconds measured on the formal four-RTX-A5000 workstation; not a wall-clock estimate or cross-hardware promise,public_record_exact_acquired_byte_terms_unresolved,true,false,"opened-development evidence only; not independent confirmation, a clinical result, or a global SOTA claim",strict score match requires the exact selected Cartesian replay and checks accuracy plus balanced accuracy; it does not imply bit-exact predictions,"rank is sealed-table context, not established by replaying one cell or one model; rank confirmation requires all 43 complete model rows","fixed-protocol replication is not exact execution identity unless source, cache, split, lock, CUDA, driver, and physical GPU identities all match",65b93b7e5d09cfc30fb6ce28156368e66aec1503f4efa37faa3189e25ebbc3b1,548c0bb707ac99debfafbc9082dd322aec7eb799e69f1ad69e25231eeb75873f,ed1070f69367e36109c473c193b4f898de40ad689a8d367ac3d9e7471a82a1cd,results/common_grid_v6/analysis/dataset_summary.csv,0f24934e47c275ffb66b06e78266cb7fc1883f3046da876a5ed50089c09686cf,results/common_grid_v6/analysis/model_ranking.csv,adddfd4687e09710b2867252fc873687f48ef073c555a9c0b604af9dd31e4e32,results/common_grid_v6/analysis/job_metrics.csv,fda26e3a545811d1f9d4b4ed2b9885cff0bab3505f6be8e6eb97491bb3355e1d,model::eegtcnet,false,${CACHE_ROOT:?set CACHE_ROOT},${REVIEWER_ROOT:?set REVIEWER_ROOT},${REVIEWER_ROOT:?set REVIEWER_ROOT}/eegtcnet__cho2017,${GPU:?set GPU},scripts/reproduce.sh reviewer estimate --scope dataset --model eegtcnet --dataset cho2017,"scripts/reproduce.sh reviewer run --scope dataset --model eegtcnet --dataset cho2017 --cache-root ""${CACHE_ROOT:?set CACHE_ROOT}"" --run-root ""${REVIEWER_ROOT:?set REVIEWER_ROOT}/eegtcnet__cho2017"" --gpu ""${GPU:?set GPU}""","scripts/reproduce.sh reviewer status --run-root ""${REVIEWER_ROOT:?set REVIEWER_ROOT}/eegtcnet__cho2017""","scripts/reproduce.sh reviewer compare --run-root ""${REVIEWER_ROOT:?set REVIEWER_ROOT}/eegtcnet__cho2017"" --cache-root ""${CACHE_ROOT:?set CACHE_ROOT}"""
dataset::eegtcnet::physionet_mi,eegtcnet::physionet_mi,eegtcnet,40,equal_dataset_macro_balanced_accuracy,descriptive_opened_development_suite_only,40,sealed overall accuracy descending; frozen plan architecture order breaks exact ties,dataset,physionet_mi,dataset,54,3,162,5,810,0.523045267489712,0.5218837791301559,52.30%,52.305%,52.19%,52.188%,mean_seeds_within_subject_then_mean_subjects,1.214023606093,sum of sealed job_total_seconds measured on the formal four-RTX-A5000 workstation; not a wall-clock estimate or cross-hardware promise,public_official_record_odc_by_1_0_subject_to_terms,true,false,"opened-development evidence only; not independent confirmation, a clinical result, or a global SOTA claim",strict score match requires the exact selected Cartesian replay and checks accuracy plus balanced accuracy; it does not imply bit-exact predictions,"rank is sealed-table context, not established by replaying one cell or one model; rank confirmation requires all 43 complete model rows","fixed-protocol replication is not exact execution identity unless source, cache, split, lock, CUDA, driver, and physical GPU identities all match",65b93b7e5d09cfc30fb6ce28156368e66aec1503f4efa37faa3189e25ebbc3b1,548c0bb707ac99debfafbc9082dd322aec7eb799e69f1ad69e25231eeb75873f,ed1070f69367e36109c473c193b4f898de40ad689a8d367ac3d9e7471a82a1cd,results/common_grid_v6/analysis/dataset_summary.csv,0f24934e47c275ffb66b06e78266cb7fc1883f3046da876a5ed50089c09686cf,results/common_grid_v6/analysis/model_ranking.csv,adddfd4687e09710b2867252fc873687f48ef073c555a9c0b604af9dd31e4e32,results/common_grid_v6/analysis/job_metrics.csv,fda26e3a545811d1f9d4b4ed2b9885cff0bab3505f6be8e6eb97491bb3355e1d,model::eegtcnet,false,${CACHE_ROOT:?set CACHE_ROOT},${REVIEWER_ROOT:?set REVIEWER_ROOT},${REVIEWER_ROOT:?set REVIEWER_ROOT}/eegtcnet__physionet_mi,${GPU:?set GPU},scripts/reproduce.sh reviewer estimate --scope dataset --model eegtcnet --dataset physionet_mi,"scripts/reproduce.sh reviewer run --scope dataset --model eegtcnet --dataset physionet_mi --cache-root ""${CACHE_ROOT:?set CACHE_ROOT}"" --run-root ""${REVIEWER_ROOT:?set REVIEWER_ROOT}/eegtcnet__physionet_mi"" --gpu ""${GPU:?set GPU}""","scripts/reproduce.sh reviewer status --run-root ""${REVIEWER_ROOT:?set REVIEWER_ROOT}/eegtcnet__physionet_mi""","scripts/reproduce.sh reviewer compare --run-root ""${REVIEWER_ROOT:?set REVIEWER_ROOT}/eegtcnet__physionet_mi"" --cache-root ""${CACHE_ROOT:?set CACHE_ROOT}"""
model::eegtcnet,eegtcnet::overall,eegtcnet,40,equal_dataset_macro_balanced_accuracy,descriptive_opened_development_suite_only,40,sealed overall accuracy descending; frozen plan architecture order breaks exact ties,overall,overall,model,132,by_dataset:1|1|1|5|3,448,5,2240,0.6014834022972911,0.6012511046253799,60.15%,60.148%,60.13%,60.125%,fold_concatenation_then_seed_mean_then_subject_mean_then_equal_dataset_mean,12.677780924252,sum of sealed job_total_seconds measured on the formal four-RTX-A5000 workstation; not a wall-clock estimate or cross-hardware promise,mixed_includes_private_local_exp4_authorization_required,false,false,"opened-development evidence only; not independent confirmation, a clinical result, or a global SOTA claim",strict score match requires the exact selected Cartesian replay and checks accuracy plus balanced accuracy; it does not imply bit-exact predictions,"rank is sealed-table context, not established by replaying one cell or one model; rank confirmation requires all 43 complete model rows","fixed-protocol replication is not exact execution identity unless source, cache, split, lock, CUDA, driver, and physical GPU identities all match",65b93b7e5d09cfc30fb6ce28156368e66aec1503f4efa37faa3189e25ebbc3b1,548c0bb707ac99debfafbc9082dd322aec7eb799e69f1ad69e25231eeb75873f,ed1070f69367e36109c473c193b4f898de40ad689a8d367ac3d9e7471a82a1cd,results/common_grid_v6/analysis/overall_summary.csv,d45dd54801f4ba9074bba808cd7076bd04c9a5267944ec4f7af274de96a11c6f,results/common_grid_v6/analysis/model_ranking.csv,adddfd4687e09710b2867252fc873687f48ef073c555a9c0b604af9dd31e4e32,results/common_grid_v6/analysis/job_metrics.csv,fda26e3a545811d1f9d4b4ed2b9885cff0bab3505f6be8e6eb97491bb3355e1d,model::eegtcnet,true,${CACHE_ROOT:?set CACHE_ROOT},${REVIEWER_ROOT:?set REVIEWER_ROOT},${REVIEWER_ROOT:?set REVIEWER_ROOT}/eegtcnet__overall,${GPU:?set GPU},scripts/reproduce.sh reviewer estimate --scope model --model eegtcnet,"scripts/reproduce.sh reviewer run --scope model --model eegtcnet --cache-root ""${CACHE_ROOT:?set CACHE_ROOT}"" --run-root ""${REVIEWER_ROOT:?set REVIEWER_ROOT}/eegtcnet__overall"" --gpu ""${GPU:?set GPU}""","scripts/reproduce.sh reviewer status --run-root ""${REVIEWER_ROOT:?set REVIEWER_ROOT}/eegtcnet__overall""","scripts/reproduce.sh reviewer compare --run-root ""${REVIEWER_ROOT:?set REVIEWER_ROOT}/eegtcnet__overall"" --cache-root ""${CACHE_ROOT:?set CACHE_ROOT}"""
dataset::scope::local_exp4,scope::local_exp4,scope,41,equal_dataset_macro_balanced_accuracy,descriptive_opened_development_suite_only,41,sealed overall accuracy descending; frozen plan architecture order breaks exact ties,dataset,local_exp4,dataset,8,1,8,5,40,0.7079166666666666,0.7079166666666666,70.79%,70.792%,70.79%,70.792%,mean_seeds_within_subject_then_mean_subjects,0.076786037992,sum of sealed job_total_seconds measured on the formal four-RTX-A5000 workstation; not a wall-clock estimate or cross-hardware promise,private_institutional_authorization_required,false,false,"opened-development evidence only; not independent confirmation, a clinical result, or a global SOTA claim",strict score match requires the exact selected Cartesian replay and checks accuracy plus balanced accuracy; it does not imply bit-exact predictions,"rank is sealed-table context, not established by replaying one cell or one model; rank confirmation requires all 43 complete model rows","fixed-protocol replication is not exact execution identity unless source, cache, split, lock, CUDA, driver, and physical GPU identities all match",65b93b7e5d09cfc30fb6ce28156368e66aec1503f4efa37faa3189e25ebbc3b1,548c0bb707ac99debfafbc9082dd322aec7eb799e69f1ad69e25231eeb75873f,ed1070f69367e36109c473c193b4f898de40ad689a8d367ac3d9e7471a82a1cd,results/common_grid_v6/analysis/dataset_summary.csv,0f24934e47c275ffb66b06e78266cb7fc1883f3046da876a5ed50089c09686cf,results/common_grid_v6/analysis/model_ranking.csv,adddfd4687e09710b2867252fc873687f48ef073c555a9c0b604af9dd31e4e32,results/common_grid_v6/analysis/job_metrics.csv,fda26e3a545811d1f9d4b4ed2b9885cff0bab3505f6be8e6eb97491bb3355e1d,model::scope,false,${CACHE_ROOT:?set CACHE_ROOT},${REVIEWER_ROOT:?set REVIEWER_ROOT},${REVIEWER_ROOT:?set REVIEWER_ROOT}/scope__local_exp4,${GPU:?set GPU},scripts/reproduce.sh reviewer estimate --scope dataset --model scope --dataset local_exp4,"scripts/reproduce.sh reviewer run --scope dataset --model scope --dataset local_exp4 --cache-root ""${CACHE_ROOT:?set CACHE_ROOT}"" --run-root ""${REVIEWER_ROOT:?set REVIEWER_ROOT}/scope__local_exp4"" --gpu ""${GPU:?set GPU}""","scripts/reproduce.sh reviewer status --run-root ""${REVIEWER_ROOT:?set REVIEWER_ROOT}/scope__local_exp4""","scripts/reproduce.sh reviewer compare --run-root ""${REVIEWER_ROOT:?set REVIEWER_ROOT}/scope__local_exp4"" --cache-root ""${CACHE_ROOT:?set CACHE_ROOT}"""
dataset::scope::bnci2014_001,scope::bnci2014_001,scope,41,equal_dataset_macro_balanced_accuracy,descriptive_opened_development_suite_only,41,sealed overall accuracy descending; frozen plan architecture order breaks exact ties,dataset,bnci2014_001,dataset,9,1,9,5,45,0.4358796296296296,0.4358796296296296,43.59%,43.588%,43.59%,43.588%,mean_seeds_within_subject_then_mean_subjects,0.099400171844,sum of sealed job_total_seconds measured on the formal four-RTX-A5000 workstation; not a wall-clock estimate or cross-hardware promise,public_official_record_cc_by_nd_4_0_subject_to_terms,true,false,"opened-development evidence only; not independent confirmation, a clinical result, or a global SOTA claim",strict score match requires the exact selected Cartesian replay and checks accuracy plus balanced accuracy; it does not imply bit-exact predictions,"rank is sealed-table context, not established by replaying one cell or one model; rank confirmation requires all 43 complete model rows","fixed-protocol replication is not exact execution identity unless source, cache, split, lock, CUDA, driver, and physical GPU identities all match",65b93b7e5d09cfc30fb6ce28156368e66aec1503f4efa37faa3189e25ebbc3b1,548c0bb707ac99debfafbc9082dd322aec7eb799e69f1ad69e25231eeb75873f,ed1070f69367e36109c473c193b4f898de40ad689a8d367ac3d9e7471a82a1cd,results/common_grid_v6/analysis/dataset_summary.csv,0f24934e47c275ffb66b06e78266cb7fc1883f3046da876a5ed50089c09686cf,results/common_grid_v6/analysis/model_ranking.csv,adddfd4687e09710b2867252fc873687f48ef073c555a9c0b604af9dd31e4e32,results/common_grid_v6/analysis/job_metrics.csv,fda26e3a545811d1f9d4b4ed2b9885cff0bab3505f6be8e6eb97491bb3355e1d,model::scope,false,${CACHE_ROOT:?set CACHE_ROOT},${REVIEWER_ROOT:?set REVIEWER_ROOT},${REVIEWER_ROOT:?set REVIEWER_ROOT}/scope__bnci2014_001,${GPU:?set GPU},scripts/reproduce.sh reviewer estimate --scope dataset --model scope --dataset bnci2014_001,"scripts/reproduce.sh reviewer run --scope dataset --model scope --dataset bnci2014_001 --cache-root ""${CACHE_ROOT:?set CACHE_ROOT}"" --run-root ""${REVIEWER_ROOT:?set REVIEWER_ROOT}/scope__bnci2014_001"" --gpu ""${GPU:?set GPU}""","scripts/reproduce.sh reviewer status --run-root ""${REVIEWER_ROOT:?set REVIEWER_ROOT}/scope__bnci2014_001""","scripts/reproduce.sh reviewer compare --run-root ""${REVIEWER_ROOT:?set REVIEWER_ROOT}/scope__bnci2014_001"" --cache-root ""${CACHE_ROOT:?set CACHE_ROOT}"""
dataset::scope::bnci2014_004,scope::bnci2014_004,scope,41,equal_dataset_macro_balanced_accuracy,descriptive_opened_development_suite_only,41,sealed overall accuracy descending; frozen plan architecture order breaks exact ties,dataset,bnci2014_004,dataset,9,1,9,5,45,0.743125,0.743125,74.31%,74.312%,74.31%,74.312%,mean_seeds_within_subject_then_mean_subjects,0.093196131873,sum of sealed job_total_seconds measured on the formal four-RTX-A5000 workstation; not a wall-clock estimate or cross-hardware promise,public_official_record_cc_by_nd_4_0_subject_to_terms,true,false,"opened-development evidence only; not independent confirmation, a clinical result, or a global SOTA claim",strict score match requires the exact selected Cartesian replay and checks accuracy plus balanced accuracy; it does not imply bit-exact predictions,"rank is sealed-table context, not established by replaying one cell or one model; rank confirmation requires all 43 complete model rows","fixed-protocol replication is not exact execution identity unless source, cache, split, lock, CUDA, driver, and physical GPU identities all match",65b93b7e5d09cfc30fb6ce28156368e66aec1503f4efa37faa3189e25ebbc3b1,548c0bb707ac99debfafbc9082dd322aec7eb799e69f1ad69e25231eeb75873f,ed1070f69367e36109c473c193b4f898de40ad689a8d367ac3d9e7471a82a1cd,results/common_grid_v6/analysis/dataset_summary.csv,0f24934e47c275ffb66b06e78266cb7fc1883f3046da876a5ed50089c09686cf,results/common_grid_v6/analysis/model_ranking.csv,adddfd4687e09710b2867252fc873687f48ef073c555a9c0b604af9dd31e4e32,results/common_grid_v6/analysis/job_metrics.csv,fda26e3a545811d1f9d4b4ed2b9885cff0bab3505f6be8e6eb97491bb3355e1d,model::scope,false,${CACHE_ROOT:?set CACHE_ROOT},${REVIEWER_ROOT:?set REVIEWER_ROOT},${REVIEWER_ROOT:?set REVIEWER_ROOT}/scope__bnci2014_004,${GPU:?set GPU},scripts/reproduce.sh reviewer estimate --scope dataset --model scope --dataset bnci2014_004,"scripts/reproduce.sh reviewer run --scope dataset --model scope --dataset bnci2014_004 --cache-root ""${CACHE_ROOT:?set CACHE_ROOT}"" --run-root ""${REVIEWER_ROOT:?set REVIEWER_ROOT}/scope__bnci2014_004"" --gpu ""${GPU:?set GPU}""","scripts/reproduce.sh reviewer status --run-root ""${REVIEWER_ROOT:?set REVIEWER_ROOT}/scope__bnci2014_004""","scripts/reproduce.sh reviewer compare --run-root ""${REVIEWER_ROOT:?set REVIEWER_ROOT}/scope__bnci2014_004"" --cache-root ""${CACHE_ROOT:?set CACHE_ROOT}"""
dataset::scope::cho2017,scope::cho2017,scope,41,equal_dataset_macro_balanced_accuracy,descriptive_opened_development_suite_only,41,sealed overall accuracy descending; frozen plan architecture order breaks exact ties,dataset,cho2017,dataset,52,5,260,5,1300,0.5694967948717949,0.5694967948717948,56.95%,56.950%,56.95%,56.950%,mean_seeds_within_subject_then_mean_subjects,1.325273856661,sum of sealed job_total_seconds measured on the formal four-RTX-A5000 workstation; not a wall-clock estimate or cross-hardware promise,public_record_exact_acquired_byte_terms_unresolved,true,false,"opened-development evidence only; not independent confirmation, a clinical result, or a global SOTA claim",strict score match requires the exact selected Cartesian replay and checks accuracy plus balanced accuracy; it does not imply bit-exact predictions,"rank is sealed-table context, not established by replaying one cell or one model; rank confirmation requires all 43 complete model rows","fixed-protocol replication is not exact execution identity unless source, cache, split, lock, CUDA, driver, and physical GPU identities all match",65b93b7e5d09cfc30fb6ce28156368e66aec1503f4efa37faa3189e25ebbc3b1,548c0bb707ac99debfafbc9082dd322aec7eb799e69f1ad69e25231eeb75873f,ed1070f69367e36109c473c193b4f898de40ad689a8d367ac3d9e7471a82a1cd,results/common_grid_v6/analysis/dataset_summary.csv,0f24934e47c275ffb66b06e78266cb7fc1883f3046da876a5ed50089c09686cf,results/common_grid_v6/analysis/model_ranking.csv,adddfd4687e09710b2867252fc873687f48ef073c555a9c0b604af9dd31e4e32,results/common_grid_v6/analysis/job_metrics.csv,fda26e3a545811d1f9d4b4ed2b9885cff0bab3505f6be8e6eb97491bb3355e1d,model::scope,false,${CACHE_ROOT:?set CACHE_ROOT},${REVIEWER_ROOT:?set REVIEWER_ROOT},${REVIEWER_ROOT:?set REVIEWER_ROOT}/scope__cho2017,${GPU:?set GPU},scripts/reproduce.sh reviewer estimate --scope dataset --model scope --dataset cho2017,"scripts/reproduce.sh reviewer run --scope dataset --model scope --dataset cho2017 --cache-root ""${CACHE_ROOT:?set CACHE_ROOT}"" --run-root ""${REVIEWER_ROOT:?set REVIEWER_ROOT}/scope__cho2017"" --gpu ""${GPU:?set GPU}""","scripts/reproduce.sh reviewer status --run-root ""${REVIEWER_ROOT:?set REVIEWER_ROOT}/scope__cho2017""","scripts/reproduce.sh reviewer compare --run-root ""${REVIEWER_ROOT:?set REVIEWER_ROOT}/scope__cho2017"" --cache-root ""${CACHE_ROOT:?set CACHE_ROOT}"""
dataset::scope::physionet_mi,scope::physionet_mi,scope,41,equal_dataset_macro_balanced_accuracy,descriptive_opened_development_suite_only,41,sealed overall accuracy descending; frozen plan architecture order breaks exact ties,dataset,physionet_mi,dataset,54,3,162,5,810,0.5233744855967077,0.5229605841018885,52.34%,52.337%,52.30%,52.296%,mean_seeds_within_subject_then_mean_subjects,0.330368641200,sum of sealed job_total_seconds measured on the formal four-RTX-A5000 workstation; not a wall-clock estimate or cross-hardware promise,public_official_record_odc_by_1_0_subject_to_terms,true,false,"opened-development evidence only; not independent confirmation, a clinical result, or a global SOTA claim",strict score match requires the exact selected Cartesian replay and checks accuracy plus balanced accuracy; it does not imply bit-exact predictions,"rank is sealed-table context, not established by replaying one cell or one model; rank confirmation requires all 43 complete model rows","fixed-protocol replication is not exact execution identity unless source, cache, split, lock, CUDA, driver, and physical GPU identities all match",65b93b7e5d09cfc30fb6ce28156368e66aec1503f4efa37faa3189e25ebbc3b1,548c0bb707ac99debfafbc9082dd322aec7eb799e69f1ad69e25231eeb75873f,ed1070f69367e36109c473c193b4f898de40ad689a8d367ac3d9e7471a82a1cd,results/common_grid_v6/analysis/dataset_summary.csv,0f24934e47c275ffb66b06e78266cb7fc1883f3046da876a5ed50089c09686cf,results/common_grid_v6/analysis/model_ranking.csv,adddfd4687e09710b2867252fc873687f48ef073c555a9c0b604af9dd31e4e32,results/common_grid_v6/analysis/job_metrics.csv,fda26e3a545811d1f9d4b4ed2b9885cff0bab3505f6be8e6eb97491bb3355e1d,model::scope,false,${CACHE_ROOT:?set CACHE_ROOT},${REVIEWER_ROOT:?set REVIEWER_ROOT},${REVIEWER_ROOT:?set REVIEWER_ROOT}/scope__physionet_mi,${GPU:?set GPU},scripts/reproduce.sh reviewer estimate --scope dataset --model scope --dataset physionet_mi,"scripts/reproduce.sh reviewer run --scope dataset --model scope --dataset physionet_mi --cache-root ""${CACHE_ROOT:?set CACHE_ROOT}"" --run-root ""${REVIEWER_ROOT:?set REVIEWER_ROOT}/scope__physionet_mi"" --gpu ""${GPU:?set GPU}""","scripts/reproduce.sh reviewer status --run-root ""${REVIEWER_ROOT:?set REVIEWER_ROOT}/scope__physionet_mi""","scripts/reproduce.sh reviewer compare --run-root ""${REVIEWER_ROOT:?set REVIEWER_ROOT}/scope__physionet_mi"" --cache-root ""${CACHE_ROOT:?set CACHE_ROOT}"""
model::scope,scope::overall,scope,41,equal_dataset_macro_balanced_accuracy,descriptive_opened_development_suite_only,41,sealed overall accuracy descending; frozen plan architecture order breaks exact ties,overall,overall,model,132,by_dataset:1|1|1|5|3,448,5,2240,0.5959585153529597,0.5958757350539959,59.60%,59.596%,59.59%,59.588%,fold_concatenation_then_seed_mean_then_subject_mean_then_equal_dataset_mean,1.925024839570,sum of sealed job_total_seconds measured on the formal four-RTX-A5000 workstation; not a wall-clock estimate or cross-hardware promise,mixed_includes_private_local_exp4_authorization_required,false,false,"opened-development evidence only; not independent confirmation, a clinical result, or a global SOTA claim",strict score match requires the exact selected Cartesian replay and checks accuracy plus balanced accuracy; it does not imply bit-exact predictions,"rank is sealed-table context, not established by replaying one cell or one model; rank confirmation requires all 43 complete model rows","fixed-protocol replication is not exact execution identity unless source, cache, split, lock, CUDA, driver, and physical GPU identities all match",65b93b7e5d09cfc30fb6ce28156368e66aec1503f4efa37faa3189e25ebbc3b1,548c0bb707ac99debfafbc9082dd322aec7eb799e69f1ad69e25231eeb75873f,ed1070f69367e36109c473c193b4f898de40ad689a8d367ac3d9e7471a82a1cd,results/common_grid_v6/analysis/overall_summary.csv,d45dd54801f4ba9074bba808cd7076bd04c9a5267944ec4f7af274de96a11c6f,results/common_grid_v6/analysis/model_ranking.csv,adddfd4687e09710b2867252fc873687f48ef073c555a9c0b604af9dd31e4e32,results/common_grid_v6/analysis/job_metrics.csv,fda26e3a545811d1f9d4b4ed2b9885cff0bab3505f6be8e6eb97491bb3355e1d,model::scope,true,${CACHE_ROOT:?set CACHE_ROOT},${REVIEWER_ROOT:?set REVIEWER_ROOT},${REVIEWER_ROOT:?set REVIEWER_ROOT}/scope__overall,${GPU:?set GPU},scripts/reproduce.sh reviewer estimate --scope model --model scope,"scripts/reproduce.sh reviewer run --scope model --model scope --cache-root ""${CACHE_ROOT:?set CACHE_ROOT}"" --run-root ""${REVIEWER_ROOT:?set REVIEWER_ROOT}/scope__overall"" --gpu ""${GPU:?set GPU}""","scripts/reproduce.sh reviewer status --run-root ""${REVIEWER_ROOT:?set REVIEWER_ROOT}/scope__overall""","scripts/reproduce.sh reviewer compare --run-root ""${REVIEWER_ROOT:?set REVIEWER_ROOT}/scope__overall"" --cache-root ""${CACHE_ROOT:?set CACHE_ROOT}"""
dataset::deep4::local_exp4,deep4::local_exp4,deep4,42,equal_dataset_macro_balanced_accuracy,descriptive_opened_development_suite_only,42,sealed overall accuracy descending; frozen plan architecture order breaks exact ties,dataset,local_exp4,dataset,8,1,8,5,40,0.66625,0.66625,66.62%,66.625%,66.62%,66.625%,mean_seeds_within_subject_then_mean_subjects,0.030879919023,sum of sealed job_total_seconds measured on the formal four-RTX-A5000 workstation; not a wall-clock estimate or cross-hardware promise,private_institutional_authorization_required,false,false,"opened-development evidence only; not independent confirmation, a clinical result, or a global SOTA claim",strict score match requires the exact selected Cartesian replay and checks accuracy plus balanced accuracy; it does not imply bit-exact predictions,"rank is sealed-table context, not established by replaying one cell or one model; rank confirmation requires all 43 complete model rows","fixed-protocol replication is not exact execution identity unless source, cache, split, lock, CUDA, driver, and physical GPU identities all match",65b93b7e5d09cfc30fb6ce28156368e66aec1503f4efa37faa3189e25ebbc3b1,548c0bb707ac99debfafbc9082dd322aec7eb799e69f1ad69e25231eeb75873f,ed1070f69367e36109c473c193b4f898de40ad689a8d367ac3d9e7471a82a1cd,results/common_grid_v6/analysis/dataset_summary.csv,0f24934e47c275ffb66b06e78266cb7fc1883f3046da876a5ed50089c09686cf,results/common_grid_v6/analysis/model_ranking.csv,adddfd4687e09710b2867252fc873687f48ef073c555a9c0b604af9dd31e4e32,results/common_grid_v6/analysis/job_metrics.csv,fda26e3a545811d1f9d4b4ed2b9885cff0bab3505f6be8e6eb97491bb3355e1d,model::deep4,false,${CACHE_ROOT:?set CACHE_ROOT},${REVIEWER_ROOT:?set REVIEWER_ROOT},${REVIEWER_ROOT:?set REVIEWER_ROOT}/deep4__local_exp4,${GPU:?set GPU},scripts/reproduce.sh reviewer estimate --scope dataset --model deep4 --dataset local_exp4,"scripts/reproduce.sh reviewer run --scope dataset --model deep4 --dataset local_exp4 --cache-root ""${CACHE_ROOT:?set CACHE_ROOT}"" --run-root ""${REVIEWER_ROOT:?set REVIEWER_ROOT}/deep4__local_exp4"" --gpu ""${GPU:?set GPU}""","scripts/reproduce.sh reviewer status --run-root ""${REVIEWER_ROOT:?set REVIEWER_ROOT}/deep4__local_exp4""","scripts/reproduce.sh reviewer compare --run-root ""${REVIEWER_ROOT:?set REVIEWER_ROOT}/deep4__local_exp4"" --cache-root ""${CACHE_ROOT:?set CACHE_ROOT}"""
dataset::deep4::bnci2014_001,deep4::bnci2014_001,deep4,42,equal_dataset_macro_balanced_accuracy,descriptive_opened_development_suite_only,42,sealed overall accuracy descending; frozen plan architecture order breaks exact ties,dataset,bnci2014_001,dataset,9,1,9,5,45,0.31265432098765433,0.31265432098765433,31.27%,31.265%,31.27%,31.265%,mean_seeds_within_subject_then_mean_subjects,0.027355642455,sum of sealed job_total_seconds measured on the formal four-RTX-A5000 workstation; not a wall-clock estimate or cross-hardware promise,public_official_record_cc_by_nd_4_0_subject_to_terms,true,false,"opened-development evidence only; not independent confirmation, a clinical result, or a global SOTA claim",strict score match requires the exact selected Cartesian replay and checks accuracy plus balanced accuracy; it does not imply bit-exact predictions,"rank is sealed-table context, not established by replaying one cell or one model; rank confirmation requires all 43 complete model rows","fixed-protocol replication is not exact execution identity unless source, cache, split, lock, CUDA, driver, and physical GPU identities all match",65b93b7e5d09cfc30fb6ce28156368e66aec1503f4efa37faa3189e25ebbc3b1,548c0bb707ac99debfafbc9082dd322aec7eb799e69f1ad69e25231eeb75873f,ed1070f69367e36109c473c193b4f898de40ad689a8d367ac3d9e7471a82a1cd,results/common_grid_v6/analysis/dataset_summary.csv,0f24934e47c275ffb66b06e78266cb7fc1883f3046da876a5ed50089c09686cf,results/common_grid_v6/analysis/model_ranking.csv,adddfd4687e09710b2867252fc873687f48ef073c555a9c0b604af9dd31e4e32,results/common_grid_v6/analysis/job_metrics.csv,fda26e3a545811d1f9d4b4ed2b9885cff0bab3505f6be8e6eb97491bb3355e1d,model::deep4,false,${CACHE_ROOT:?set CACHE_ROOT},${REVIEWER_ROOT:?set REVIEWER_ROOT},${REVIEWER_ROOT:?set REVIEWER_ROOT}/deep4__bnci2014_001,${GPU:?set GPU},scripts/reproduce.sh reviewer estimate --scope dataset --model deep4 --dataset bnci2014_001,"scripts/reproduce.sh reviewer run --scope dataset --model deep4 --dataset bnci2014_001 --cache-root ""${CACHE_ROOT:?set CACHE_ROOT}"" --run-root ""${REVIEWER_ROOT:?set REVIEWER_ROOT}/deep4__bnci2014_001"" --gpu ""${GPU:?set GPU}""","scripts/reproduce.sh reviewer status --run-root ""${REVIEWER_ROOT:?set REVIEWER_ROOT}/deep4__bnci2014_001""","scripts/reproduce.sh reviewer compare --run-root ""${REVIEWER_ROOT:?set REVIEWER_ROOT}/deep4__bnci2014_001"" --cache-root ""${CACHE_ROOT:?set CACHE_ROOT}"""
dataset::deep4::bnci2014_004,deep4::bnci2014_004,deep4,42,equal_dataset_macro_balanced_accuracy,descriptive_opened_development_suite_only,42,sealed overall accuracy descending; frozen plan architecture order breaks exact ties,dataset,bnci2014_004,dataset,9,1,9,5,45,0.7003472222222222,0.7003472222222222,70.03%,70.035%,70.03%,70.035%,mean_seeds_within_subject_then_mean_subjects,0.098694426864,sum of sealed job_total_seconds measured on the formal four-RTX-A5000 workstation; not a wall-clock estimate or cross-hardware promise,public_official_record_cc_by_nd_4_0_subject_to_terms,true,false,"opened-development evidence only; not independent confirmation, a clinical result, or a global SOTA claim",strict score match requires the exact selected Cartesian replay and checks accuracy plus balanced accuracy; it does not imply bit-exact predictions,"rank is sealed-table context, not established by replaying one cell or one model; rank confirmation requires all 43 complete model rows","fixed-protocol replication is not exact execution identity unless source, cache, split, lock, CUDA, driver, and physical GPU identities all match",65b93b7e5d09cfc30fb6ce28156368e66aec1503f4efa37faa3189e25ebbc3b1,548c0bb707ac99debfafbc9082dd322aec7eb799e69f1ad69e25231eeb75873f,ed1070f69367e36109c473c193b4f898de40ad689a8d367ac3d9e7471a82a1cd,results/common_grid_v6/analysis/dataset_summary.csv,0f24934e47c275ffb66b06e78266cb7fc1883f3046da876a5ed50089c09686cf,results/common_grid_v6/analysis/model_ranking.csv,adddfd4687e09710b2867252fc873687f48ef073c555a9c0b604af9dd31e4e32,results/common_grid_v6/analysis/job_metrics.csv,fda26e3a545811d1f9d4b4ed2b9885cff0bab3505f6be8e6eb97491bb3355e1d,model::deep4,false,${CACHE_ROOT:?set CACHE_ROOT},${REVIEWER_ROOT:?set REVIEWER_ROOT},${REVIEWER_ROOT:?set REVIEWER_ROOT}/deep4__bnci2014_004,${GPU:?set GPU},scripts/reproduce.sh reviewer estimate --scope dataset --model deep4 --dataset bnci2014_004,"scripts/reproduce.sh reviewer run --scope dataset --model deep4 --dataset bnci2014_004 --cache-root ""${CACHE_ROOT:?set CACHE_ROOT}"" --run-root ""${REVIEWER_ROOT:?set REVIEWER_ROOT}/deep4__bnci2014_004"" --gpu ""${GPU:?set GPU}""","scripts/reproduce.sh reviewer status --run-root ""${REVIEWER_ROOT:?set REVIEWER_ROOT}/deep4__bnci2014_004""","scripts/reproduce.sh reviewer compare --run-root ""${REVIEWER_ROOT:?set REVIEWER_ROOT}/deep4__bnci2014_004"" --cache-root ""${CACHE_ROOT:?set CACHE_ROOT}"""
dataset::deep4::cho2017,deep4::cho2017,deep4,42,equal_dataset_macro_balanced_accuracy,descriptive_opened_development_suite_only,42,sealed overall accuracy descending; frozen plan architecture order breaks exact ties,dataset,cho2017,dataset,52,5,260,5,1300,0.5548044871794872,0.5548044871794872,55.48%,55.480%,55.48%,55.480%,mean_seeds_within_subject_then_mean_subjects,0.757608258983,sum of sealed job_total_seconds measured on the formal four-RTX-A5000 workstation; not a wall-clock estimate or cross-hardware promise,public_record_exact_acquired_byte_terms_unresolved,true,false,"opened-development evidence only; not independent confirmation, a clinical result, or a global SOTA claim",strict score match requires the exact selected Cartesian replay and checks accuracy plus balanced accuracy; it does not imply bit-exact predictions,"rank is sealed-table context, not established by replaying one cell or one model; rank confirmation requires all 43 complete model rows","fixed-protocol replication is not exact execution identity unless source, cache, split, lock, CUDA, driver, and physical GPU identities all match",65b93b7e5d09cfc30fb6ce28156368e66aec1503f4efa37faa3189e25ebbc3b1,548c0bb707ac99debfafbc9082dd322aec7eb799e69f1ad69e25231eeb75873f,ed1070f69367e36109c473c193b4f898de40ad689a8d367ac3d9e7471a82a1cd,results/common_grid_v6/analysis/dataset_summary.csv,0f24934e47c275ffb66b06e78266cb7fc1883f3046da876a5ed50089c09686cf,results/common_grid_v6/analysis/model_ranking.csv,adddfd4687e09710b2867252fc873687f48ef073c555a9c0b604af9dd31e4e32,results/common_grid_v6/analysis/job_metrics.csv,fda26e3a545811d1f9d4b4ed2b9885cff0bab3505f6be8e6eb97491bb3355e1d,model::deep4,false,${CACHE_ROOT:?set CACHE_ROOT},${REVIEWER_ROOT:?set REVIEWER_ROOT},${REVIEWER_ROOT:?set REVIEWER_ROOT}/deep4__cho2017,${GPU:?set GPU},scripts/reproduce.sh reviewer estimate --scope dataset --model deep4 --dataset cho2017,"scripts/reproduce.sh reviewer run --scope dataset --model deep4 --dataset cho2017 --cache-root ""${CACHE_ROOT:?set CACHE_ROOT}"" --run-root ""${REVIEWER_ROOT:?set REVIEWER_ROOT}/deep4__cho2017"" --gpu ""${GPU:?set GPU}""","scripts/reproduce.sh reviewer status --run-root ""${REVIEWER_ROOT:?set REVIEWER_ROOT}/deep4__cho2017""","scripts/reproduce.sh reviewer compare --run-root ""${REVIEWER_ROOT:?set REVIEWER_ROOT}/deep4__cho2017"" --cache-root ""${CACHE_ROOT:?set CACHE_ROOT}"""
dataset::deep4::physionet_mi,deep4::physionet_mi,deep4,42,equal_dataset_macro_balanced_accuracy,descriptive_opened_development_suite_only,42,sealed overall accuracy descending; frozen plan architecture order breaks exact ties,dataset,physionet_mi,dataset,54,3,162,5,810,0.5153086419753086,0.5115683229813665,51.53%,51.531%,51.16%,51.157%,mean_seeds_within_subject_then_mean_subjects,0.110469532517,sum of sealed job_total_seconds measured on the formal four-RTX-A5000 workstation; not a wall-clock estimate or cross-hardware promise,public_official_record_odc_by_1_0_subject_to_terms,true,false,"opened-development evidence only; not independent confirmation, a clinical result, or a global SOTA claim",strict score match requires the exact selected Cartesian replay and checks accuracy plus balanced accuracy; it does not imply bit-exact predictions,"rank is sealed-table context, not established by replaying one cell or one model; rank confirmation requires all 43 complete model rows","fixed-protocol replication is not exact execution identity unless source, cache, split, lock, CUDA, driver, and physical GPU identities all match",65b93b7e5d09cfc30fb6ce28156368e66aec1503f4efa37faa3189e25ebbc3b1,548c0bb707ac99debfafbc9082dd322aec7eb799e69f1ad69e25231eeb75873f,ed1070f69367e36109c473c193b4f898de40ad689a8d367ac3d9e7471a82a1cd,results/common_grid_v6/analysis/dataset_summary.csv,0f24934e47c275ffb66b06e78266cb7fc1883f3046da876a5ed50089c09686cf,results/common_grid_v6/analysis/model_ranking.csv,adddfd4687e09710b2867252fc873687f48ef073c555a9c0b604af9dd31e4e32,results/common_grid_v6/analysis/job_metrics.csv,fda26e3a545811d1f9d4b4ed2b9885cff0bab3505f6be8e6eb97491bb3355e1d,model::deep4,false,${CACHE_ROOT:?set CACHE_ROOT},${REVIEWER_ROOT:?set REVIEWER_ROOT},${REVIEWER_ROOT:?set REVIEWER_ROOT}/deep4__physionet_mi,${GPU:?set GPU},scripts/reproduce.sh reviewer estimate --scope dataset --model deep4 --dataset physionet_mi,"scripts/reproduce.sh reviewer run --scope dataset --model deep4 --dataset physionet_mi --cache-root ""${CACHE_ROOT:?set CACHE_ROOT}"" --run-root ""${REVIEWER_ROOT:?set REVIEWER_ROOT}/deep4__physionet_mi"" --gpu ""${GPU:?set GPU}""","scripts/reproduce.sh reviewer status --run-root ""${REVIEWER_ROOT:?set REVIEWER_ROOT}/deep4__physionet_mi""","scripts/reproduce.sh reviewer compare --run-root ""${REVIEWER_ROOT:?set REVIEWER_ROOT}/deep4__physionet_mi"" --cache-root ""${CACHE_ROOT:?set CACHE_ROOT}"""
model::deep4,deep4::overall,deep4,42,equal_dataset_macro_balanced_accuracy,descriptive_opened_development_suite_only,42,sealed overall accuracy descending; frozen plan architecture order breaks exact ties,overall,overall,model,132,by_dataset:1|1|1|5|3,448,5,2240,0.5498729344729345,0.5491248706741461,54.99%,54.987%,54.91%,54.912%,fold_concatenation_then_seed_mean_then_subject_mean_then_equal_dataset_mean,1.025007779842,sum of sealed job_total_seconds measured on the formal four-RTX-A5000 workstation; not a wall-clock estimate or cross-hardware promise,mixed_includes_private_local_exp4_authorization_required,false,false,"opened-development evidence only; not independent confirmation, a clinical result, or a global SOTA claim",strict score match requires the exact selected Cartesian replay and checks accuracy plus balanced accuracy; it does not imply bit-exact predictions,"rank is sealed-table context, not established by replaying one cell or one model; rank confirmation requires all 43 complete model rows","fixed-protocol replication is not exact execution identity unless source, cache, split, lock, CUDA, driver, and physical GPU identities all match",65b93b7e5d09cfc30fb6ce28156368e66aec1503f4efa37faa3189e25ebbc3b1,548c0bb707ac99debfafbc9082dd322aec7eb799e69f1ad69e25231eeb75873f,ed1070f69367e36109c473c193b4f898de40ad689a8d367ac3d9e7471a82a1cd,results/common_grid_v6/analysis/overall_summary.csv,d45dd54801f4ba9074bba808cd7076bd04c9a5267944ec4f7af274de96a11c6f,results/common_grid_v6/analysis/model_ranking.csv,adddfd4687e09710b2867252fc873687f48ef073c555a9c0b604af9dd31e4e32,results/common_grid_v6/analysis/job_metrics.csv,fda26e3a545811d1f9d4b4ed2b9885cff0bab3505f6be8e6eb97491bb3355e1d,model::deep4,true,${CACHE_ROOT:?set CACHE_ROOT},${REVIEWER_ROOT:?set REVIEWER_ROOT},${REVIEWER_ROOT:?set REVIEWER_ROOT}/deep4__overall,${GPU:?set GPU},scripts/reproduce.sh reviewer estimate --scope model --model deep4,"scripts/reproduce.sh reviewer run --scope model --model deep4 --cache-root ""${CACHE_ROOT:?set CACHE_ROOT}"" --run-root ""${REVIEWER_ROOT:?set REVIEWER_ROOT}/deep4__overall"" --gpu ""${GPU:?set GPU}""","scripts/reproduce.sh reviewer status --run-root ""${REVIEWER_ROOT:?set REVIEWER_ROOT}/deep4__overall""","scripts/reproduce.sh reviewer compare --run-root ""${REVIEWER_ROOT:?set REVIEWER_ROOT}/deep4__overall"" --cache-root ""${CACHE_ROOT:?set CACHE_ROOT}"""
dataset::eegsym::local_exp4,eegsym::local_exp4,eegsym,43,equal_dataset_macro_balanced_accuracy,descriptive_opened_development_suite_only,43,sealed overall accuracy descending; frozen plan architecture order breaks exact ties,dataset,local_exp4,dataset,8,1,8,5,40,0.62625,0.62625,62.62%,62.625%,62.62%,62.625%,mean_seeds_within_subject_then_mean_subjects,0.126708733247,sum of sealed job_total_seconds measured on the formal four-RTX-A5000 workstation; not a wall-clock estimate or cross-hardware promise,private_institutional_authorization_required,false,false,"opened-development evidence only; not independent confirmation, a clinical result, or a global SOTA claim",strict score match requires the exact selected Cartesian replay and checks accuracy plus balanced accuracy; it does not imply bit-exact predictions,"rank is sealed-table context, not established by replaying one cell or one model; rank confirmation requires all 43 complete model rows","fixed-protocol replication is not exact execution identity unless source, cache, split, lock, CUDA, driver, and physical GPU identities all match",65b93b7e5d09cfc30fb6ce28156368e66aec1503f4efa37faa3189e25ebbc3b1,548c0bb707ac99debfafbc9082dd322aec7eb799e69f1ad69e25231eeb75873f,ed1070f69367e36109c473c193b4f898de40ad689a8d367ac3d9e7471a82a1cd,results/common_grid_v6/analysis/dataset_summary.csv,0f24934e47c275ffb66b06e78266cb7fc1883f3046da876a5ed50089c09686cf,results/common_grid_v6/analysis/model_ranking.csv,adddfd4687e09710b2867252fc873687f48ef073c555a9c0b604af9dd31e4e32,results/common_grid_v6/analysis/job_metrics.csv,fda26e3a545811d1f9d4b4ed2b9885cff0bab3505f6be8e6eb97491bb3355e1d,model::eegsym,false,${CACHE_ROOT:?set CACHE_ROOT},${REVIEWER_ROOT:?set REVIEWER_ROOT},${REVIEWER_ROOT:?set REVIEWER_ROOT}/eegsym__local_exp4,${GPU:?set GPU},scripts/reproduce.sh reviewer estimate --scope dataset --model eegsym --dataset local_exp4,"scripts/reproduce.sh reviewer run --scope dataset --model eegsym --dataset local_exp4 --cache-root ""${CACHE_ROOT:?set CACHE_ROOT}"" --run-root ""${REVIEWER_ROOT:?set REVIEWER_ROOT}/eegsym__local_exp4"" --gpu ""${GPU:?set GPU}""","scripts/reproduce.sh reviewer status --run-root ""${REVIEWER_ROOT:?set REVIEWER_ROOT}/eegsym__local_exp4""","scripts/reproduce.sh reviewer compare --run-root ""${REVIEWER_ROOT:?set REVIEWER_ROOT}/eegsym__local_exp4"" --cache-root ""${CACHE_ROOT:?set CACHE_ROOT}"""
dataset::eegsym::bnci2014_001,eegsym::bnci2014_001,eegsym,43,equal_dataset_macro_balanced_accuracy,descriptive_opened_development_suite_only,43,sealed overall accuracy descending; frozen plan architecture order breaks exact ties,dataset,bnci2014_001,dataset,9,1,9,5,45,0.383179012345679,0.383179012345679,38.32%,38.318%,38.32%,38.318%,mean_seeds_within_subject_then_mean_subjects,0.270622565085,sum of sealed job_total_seconds measured on the formal four-RTX-A5000 workstation; not a wall-clock estimate or cross-hardware promise,public_official_record_cc_by_nd_4_0_subject_to_terms,true,false,"opened-development evidence only; not independent confirmation, a clinical result, or a global SOTA claim",strict score match requires the exact selected Cartesian replay and checks accuracy plus balanced accuracy; it does not imply bit-exact predictions,"rank is sealed-table context, not established by replaying one cell or one model; rank confirmation requires all 43 complete model rows","fixed-protocol replication is not exact execution identity unless source, cache, split, lock, CUDA, driver, and physical GPU identities all match",65b93b7e5d09cfc30fb6ce28156368e66aec1503f4efa37faa3189e25ebbc3b1,548c0bb707ac99debfafbc9082dd322aec7eb799e69f1ad69e25231eeb75873f,ed1070f69367e36109c473c193b4f898de40ad689a8d367ac3d9e7471a82a1cd,results/common_grid_v6/analysis/dataset_summary.csv,0f24934e47c275ffb66b06e78266cb7fc1883f3046da876a5ed50089c09686cf,results/common_grid_v6/analysis/model_ranking.csv,adddfd4687e09710b2867252fc873687f48ef073c555a9c0b604af9dd31e4e32,results/common_grid_v6/analysis/job_metrics.csv,fda26e3a545811d1f9d4b4ed2b9885cff0bab3505f6be8e6eb97491bb3355e1d,model::eegsym,false,${CACHE_ROOT:?set CACHE_ROOT},${REVIEWER_ROOT:?set REVIEWER_ROOT},${REVIEWER_ROOT:?set REVIEWER_ROOT}/eegsym__bnci2014_001,${GPU:?set GPU},scripts/reproduce.sh reviewer estimate --scope dataset --model eegsym --dataset bnci2014_001,"scripts/reproduce.sh reviewer run --scope dataset --model eegsym --dataset bnci2014_001 --cache-root ""${CACHE_ROOT:?set CACHE_ROOT}"" --run-root ""${REVIEWER_ROOT:?set REVIEWER_ROOT}/eegsym__bnci2014_001"" --gpu ""${GPU:?set GPU}""","scripts/reproduce.sh reviewer status --run-root ""${REVIEWER_ROOT:?set REVIEWER_ROOT}/eegsym__bnci2014_001""","scripts/reproduce.sh reviewer compare --run-root ""${REVIEWER_ROOT:?set REVIEWER_ROOT}/eegsym__bnci2014_001"" --cache-root ""${CACHE_ROOT:?set CACHE_ROOT}"""
dataset::eegsym::bnci2014_004,eegsym::bnci2014_004,eegsym,43,equal_dataset_macro_balanced_accuracy,descriptive_opened_development_suite_only,43,sealed overall accuracy descending; frozen plan architecture order breaks exact ties,dataset,bnci2014_004,dataset,9,1,9,5,45,0.6306646825396826,0.6306646825396826,63.07%,63.066%,63.07%,63.066%,mean_seeds_within_subject_then_mean_subjects,0.238049218356,sum of sealed job_total_seconds measured on the formal four-RTX-A5000 workstation; not a wall-clock estimate or cross-hardware promise,public_official_record_cc_by_nd_4_0_subject_to_terms,true,false,"opened-development evidence only; not independent confirmation, a clinical result, or a global SOTA claim",strict score match requires the exact selected Cartesian replay and checks accuracy plus balanced accuracy; it does not imply bit-exact predictions,"rank is sealed-table context, not established by replaying one cell or one model; rank confirmation requires all 43 complete model rows","fixed-protocol replication is not exact execution identity unless source, cache, split, lock, CUDA, driver, and physical GPU identities all match",65b93b7e5d09cfc30fb6ce28156368e66aec1503f4efa37faa3189e25ebbc3b1,548c0bb707ac99debfafbc9082dd322aec7eb799e69f1ad69e25231eeb75873f,ed1070f69367e36109c473c193b4f898de40ad689a8d367ac3d9e7471a82a1cd,results/common_grid_v6/analysis/dataset_summary.csv,0f24934e47c275ffb66b06e78266cb7fc1883f3046da876a5ed50089c09686cf,results/common_grid_v6/analysis/model_ranking.csv,adddfd4687e09710b2867252fc873687f48ef073c555a9c0b604af9dd31e4e32,results/common_grid_v6/analysis/job_metrics.csv,fda26e3a545811d1f9d4b4ed2b9885cff0bab3505f6be8e6eb97491bb3355e1d,model::eegsym,false,${CACHE_ROOT:?set CACHE_ROOT},${REVIEWER_ROOT:?set REVIEWER_ROOT},${REVIEWER_ROOT:?set REVIEWER_ROOT}/eegsym__bnci2014_004,${GPU:?set GPU},scripts/reproduce.sh reviewer estimate --scope dataset --model eegsym --dataset bnci2014_004,"scripts/reproduce.sh reviewer run --scope dataset --model eegsym --dataset bnci2014_004 --cache-root ""${CACHE_ROOT:?set CACHE_ROOT}"" --run-root ""${REVIEWER_ROOT:?set REVIEWER_ROOT}/eegsym__bnci2014_004"" --gpu ""${GPU:?set GPU}""","scripts/reproduce.sh reviewer status --run-root ""${REVIEWER_ROOT:?set REVIEWER_ROOT}/eegsym__bnci2014_004""","scripts/reproduce.sh reviewer compare --run-root ""${REVIEWER_ROOT:?set REVIEWER_ROOT}/eegsym__bnci2014_004"" --cache-root ""${CACHE_ROOT:?set CACHE_ROOT}"""
dataset::eegsym::cho2017,eegsym::cho2017,eegsym,43,equal_dataset_macro_balanced_accuracy,descriptive_opened_development_suite_only,43,sealed overall accuracy descending; frozen plan architecture order breaks exact ties,dataset,cho2017,dataset,52,5,260,5,1300,0.536,0.536,53.60%,53.600%,53.60%,53.600%,mean_seeds_within_subject_then_mean_subjects,4.594779259086,sum of sealed job_total_seconds measured on the formal four-RTX-A5000 workstation; not a wall-clock estimate or cross-hardware promise,public_record_exact_acquired_byte_terms_unresolved,true,false,"opened-development evidence only; not independent confirmation, a clinical result, or a global SOTA claim",strict score match requires the exact selected Cartesian replay and checks accuracy plus balanced accuracy; it does not imply bit-exact predictions,"rank is sealed-table context, not established by replaying one cell or one model; rank confirmation requires all 43 complete model rows","fixed-protocol replication is not exact execution identity unless source, cache, split, lock, CUDA, driver, and physical GPU identities all match",65b93b7e5d09cfc30fb6ce28156368e66aec1503f4efa37faa3189e25ebbc3b1,548c0bb707ac99debfafbc9082dd322aec7eb799e69f1ad69e25231eeb75873f,ed1070f69367e36109c473c193b4f898de40ad689a8d367ac3d9e7471a82a1cd,results/common_grid_v6/analysis/dataset_summary.csv,0f24934e47c275ffb66b06e78266cb7fc1883f3046da876a5ed50089c09686cf,results/common_grid_v6/analysis/model_ranking.csv,adddfd4687e09710b2867252fc873687f48ef073c555a9c0b604af9dd31e4e32,results/common_grid_v6/analysis/job_metrics.csv,fda26e3a545811d1f9d4b4ed2b9885cff0bab3505f6be8e6eb97491bb3355e1d,model::eegsym,false,${CACHE_ROOT:?set CACHE_ROOT},${REVIEWER_ROOT:?set REVIEWER_ROOT},${REVIEWER_ROOT:?set REVIEWER_ROOT}/eegsym__cho2017,${GPU:?set GPU},scripts/reproduce.sh reviewer estimate --scope dataset --model eegsym --dataset cho2017,"scripts/reproduce.sh reviewer run --scope dataset --model eegsym --dataset cho2017 --cache-root ""${CACHE_ROOT:?set CACHE_ROOT}"" --run-root ""${REVIEWER_ROOT:?set REVIEWER_ROOT}/eegsym__cho2017"" --gpu ""${GPU:?set GPU}""","scripts/reproduce.sh reviewer status --run-root ""${REVIEWER_ROOT:?set REVIEWER_ROOT}/eegsym__cho2017""","scripts/reproduce.sh reviewer compare --run-root ""${REVIEWER_ROOT:?set REVIEWER_ROOT}/eegsym__cho2017"" --cache-root ""${CACHE_ROOT:?set CACHE_ROOT}"""
dataset::eegsym::physionet_mi,eegsym::physionet_mi,eegsym,43,equal_dataset_macro_balanced_accuracy,descriptive_opened_development_suite_only,43,sealed overall accuracy descending; frozen plan architecture order breaks exact ties,dataset,physionet_mi,dataset,54,3,162,5,810,0.5039506172839506,0.5020138409631163,50.40%,50.395%,50.20%,50.201%,mean_seeds_within_subject_then_mean_subjects,1.138922503293,sum of sealed job_total_seconds measured on the formal four-RTX-A5000 workstation; not a wall-clock estimate or cross-hardware promise,public_official_record_odc_by_1_0_subject_to_terms,true,false,"opened-development evidence only; not independent confirmation, a clinical result, or a global SOTA claim",strict score match requires the exact selected Cartesian replay and checks accuracy plus balanced accuracy; it does not imply bit-exact predictions,"rank is sealed-table context, not established by replaying one cell or one model; rank confirmation requires all 43 complete model rows","fixed-protocol replication is not exact execution identity unless source, cache, split, lock, CUDA, driver, and physical GPU identities all match",65b93b7e5d09cfc30fb6ce28156368e66aec1503f4efa37faa3189e25ebbc3b1,548c0bb707ac99debfafbc9082dd322aec7eb799e69f1ad69e25231eeb75873f,ed1070f69367e36109c473c193b4f898de40ad689a8d367ac3d9e7471a82a1cd,results/common_grid_v6/analysis/dataset_summary.csv,0f24934e47c275ffb66b06e78266cb7fc1883f3046da876a5ed50089c09686cf,results/common_grid_v6/analysis/model_ranking.csv,adddfd4687e09710b2867252fc873687f48ef073c555a9c0b604af9dd31e4e32,results/common_grid_v6/analysis/job_metrics.csv,fda26e3a545811d1f9d4b4ed2b9885cff0bab3505f6be8e6eb97491bb3355e1d,model::eegsym,false,${CACHE_ROOT:?set CACHE_ROOT},${REVIEWER_ROOT:?set REVIEWER_ROOT},${REVIEWER_ROOT:?set REVIEWER_ROOT}/eegsym__physionet_mi,${GPU:?set GPU},scripts/reproduce.sh reviewer estimate --scope dataset --model eegsym --dataset physionet_mi,"scripts/reproduce.sh reviewer run --scope dataset --model eegsym --dataset physionet_mi --cache-root ""${CACHE_ROOT:?set CACHE_ROOT}"" --run-root ""${REVIEWER_ROOT:?set REVIEWER_ROOT}/eegsym__physionet_mi"" --gpu ""${GPU:?set GPU}""","scripts/reproduce.sh reviewer status --run-root ""${REVIEWER_ROOT:?set REVIEWER_ROOT}/eegsym__physionet_mi""","scripts/reproduce.sh reviewer compare --run-root ""${REVIEWER_ROOT:?set REVIEWER_ROOT}/eegsym__physionet_mi"" --cache-root ""${CACHE_ROOT:?set CACHE_ROOT}"""
model::eegsym,eegsym::overall,eegsym,43,equal_dataset_macro_balanced_accuracy,descriptive_opened_development_suite_only,43,sealed overall accuracy descending; frozen plan architecture order breaks exact ties,overall,overall,model,132,by_dataset:1|1|1|5|3,448,5,2240,0.5360088624338625,0.5356215071696956,53.60%,53.601%,53.56%,53.562%,fold_concatenation_then_seed_mean_then_subject_mean_then_equal_dataset_mean,6.369082279066,sum of sealed job_total_seconds measured on the formal four-RTX-A5000 workstation; not a wall-clock estimate or cross-hardware promise,mixed_includes_private_local_exp4_authorization_required,false,false,"opened-development evidence only; not independent confirmation, a clinical result, or a global SOTA claim",strict score match requires the exact selected Cartesian replay and checks accuracy plus balanced accuracy; it does not imply bit-exact predictions,"rank is sealed-table context, not established by replaying one cell or one model; rank confirmation requires all 43 complete model rows","fixed-protocol replication is not exact execution identity unless source, cache, split, lock, CUDA, driver, and physical GPU identities all match",65b93b7e5d09cfc30fb6ce28156368e66aec1503f4efa37faa3189e25ebbc3b1,548c0bb707ac99debfafbc9082dd322aec7eb799e69f1ad69e25231eeb75873f,ed1070f69367e36109c473c193b4f898de40ad689a8d367ac3d9e7471a82a1cd,results/common_grid_v6/analysis/overall_summary.csv,d45dd54801f4ba9074bba808cd7076bd04c9a5267944ec4f7af274de96a11c6f,results/common_grid_v6/analysis/model_ranking.csv,adddfd4687e09710b2867252fc873687f48ef073c555a9c0b604af9dd31e4e32,results/common_grid_v6/analysis/job_metrics.csv,fda26e3a545811d1f9d4b4ed2b9885cff0bab3505f6be8e6eb97491bb3355e1d,model::eegsym,true,${CACHE_ROOT:?set CACHE_ROOT},${REVIEWER_ROOT:?set REVIEWER_ROOT},${REVIEWER_ROOT:?set REVIEWER_ROOT}/eegsym__overall,${GPU:?set GPU},scripts/reproduce.sh reviewer estimate --scope model --model eegsym,"scripts/reproduce.sh reviewer run --scope model --model eegsym --cache-root ""${CACHE_ROOT:?set CACHE_ROOT}"" --run-root ""${REVIEWER_ROOT:?set REVIEWER_ROOT}/eegsym__overall"" --gpu ""${GPU:?set GPU}""","scripts/reproduce.sh reviewer status --run-root ""${REVIEWER_ROOT:?set REVIEWER_ROOT}/eegsym__overall""","scripts/reproduce.sh reviewer compare --run-root ""${REVIEWER_ROOT:?set REVIEWER_ROOT}/eegsym__overall"" --cache-root ""${CACHE_ROOT:?set CACHE_ROOT}"""
