dataset,model,jobs,parameter_count_mean,parameter_count_median,parameter_count_p95,parameter_count_min,parameter_count_max,selected_epoch_index_mean,selected_epoch_index_median,selected_epoch_index_p95,selected_epoch_index_min,selected_epoch_index_max,selected_epoch_count_mean,selected_epoch_count_median,selected_epoch_count_p95,selected_epoch_count_min,selected_epoch_count_max,selection_fit_seconds_mean,selection_fit_seconds_median,selection_fit_seconds_p95,selection_fit_seconds_min,selection_fit_seconds_max,refit_fit_seconds_mean,refit_fit_seconds_median,refit_fit_seconds_p95,refit_fit_seconds_min,refit_fit_seconds_max,test_inference_seconds_mean,test_inference_seconds_median,test_inference_seconds_p95,test_inference_seconds_min,test_inference_seconds_max,job_total_seconds_mean,job_total_seconds_median,job_total_seconds_p95,job_total_seconds_min,job_total_seconds_max,cuda_peak_memory_bytes_mean,cuda_peak_memory_bytes_median,cuda_peak_memory_bytes_p95,cuda_peak_memory_bytes_min,cuda_peak_memory_bytes_max,inference_ms_per_trial_mean,inference_ms_per_trial_median,inference_ms_per_trial_p95,inference_ms_per_trial_min,inference_ms_per_trial_max
bnci2014_001,atcnet,45,105012.0,105012.0,105012.0,105012.0,105012.0,92.0,92.0,178.2,12.0,196.0,93.0,93.0,179.2,13.0,197.0,195.69310049576063,198.7102038897574,311.28046825155616,74.22522589191794,312.1549170855433,157.2783044859767,156.758615154773,302.66043036431074,21.8836231790483,335.3051396217197,0.8520365230739116,0.851326497271657,0.8615683376789093,0.8394561987370253,0.8667561374604702,353.9924782230622,356.4952193722129,613.9255932148546,97.10404397174716,648.2720073144883,297284266.6666667,297287680.0,297326592.0,297246720.0,297328640.0,2.9584601495621934,2.9559947821932533,2.9915567280517683,2.9147784678368933,3.009569921737744
bnci2014_001,atcnet_aggressive_pool,45,105012.0,105012.0,105012.0,105012.0,105012.0,94.08888888888889,96.0,179.0,3.0,195.0,95.08888888888889,97.0,180.0,4.0,196.0,197.8792043439216,204.91410572826862,311.53444424122574,60.42888685129583,312.03267682529986,160.92476474994587,164.210540574044,304.6176499184221,6.73162629455328,331.88384911604226,0.852558011892769,0.8527348190546036,0.8611573297530413,0.8411911595612764,0.8617426995187998,359.829133653144,370.15224763937294,617.1343769598752,68.18078096397221,644.2109812386334,297286997.3333333,297287680.0,297328640.0,297246720.0,297349120.0,2.9602708746276707,2.9608847883840403,2.99012961719806,2.920802637365543,2.992162151106944
bnci2014_001,cardinal,45,20005.0,20005.0,20005.0,20005.0,20005.0,60.13333333333333,57.0,94.39999999999999,22.0,124.0,61.13333333333333,58.0,95.39999999999999,23.0,125.0,5.595139869882001,5.479029696434736,7.543312855064868,3.367746315896511,9.343851448968053,4.272639352372951,4.097437210381031,6.714072214066981,1.6001491956412792,8.87438490986824,0.008348611038592127,0.00832495465874672,0.00842924825847149,0.008261095732450485,0.009164266288280487,10.00685022647182,9.58254922926426,14.386316819861529,5.109997574239969,18.27503109164536,688626176.0,688626176.0,688626176.0,688626176.0,688626176.0,0.028988232772889328,0.028906092565092776,0.029268223119692672,0.028684360182119742,0.03182036905652947
bnci2014_001,cardinal_dynamics,45,25444.0,25444.0,25444.0,25444.0,25444.0,81.64444444444445,78.0,126.79999999999997,21.0,177.0,82.64444444444445,79.0,127.79999999999997,22.0,178.0,5.841661452998718,5.807555427774787,7.718998519703746,2.915756579488516,10.23547450080514,4.961389939900902,4.928175402805209,7.723377613723277,1.315353587269783,11.089931374415755,0.0052587548063861,0.005212375894188881,0.005376316606998444,0.005150187760591507,0.00658787414431572,10.940021787128515,10.826378406956792,15.329068408533931,4.3541211280971766,21.466631827875972,491448832.0,491448832.0,491448832.0,491448832.0,491448832.0,0.018259565299951735,0.018098527410378058,0.018667765996522374,0.017882596390942734,0.02287456300109625
bnci2014_001,cardinal_dynamics_compact,45,14956.0,14956.0,14956.0,14956.0,14956.0,80.64444444444445,82.0,129.6,15.0,147.0,81.64444444444445,83.0,130.6,16.0,148.0,5.840763075732522,5.9454275369644165,8.30257018469274,2.6368211396038532,9.255334617570043,4.933308273760809,4.885755889117718,7.899955429881811,0.9582458920776844,9.025117062032223,0.004855711965097321,0.004815623164176941,0.004879393056035042,0.00472717359662056,0.006473494693636894,10.910211924546294,10.972600424662232,16.342410660535098,3.734620578587055,18.421774243935943,387678720.0,387678720.0,387678720.0,387678720.0,387678720.0,0.016860110989921254,0.016720913764503267,0.016942337000121672,0.016413797210488055,0.02247741213068366
bnci2014_001,cardinal_dynamics_extended,45,35684.0,35684.0,35684.0,35684.0,35684.0,79.2,76.0,131.39999999999998,21.0,156.0,80.2,77.0,132.39999999999998,22.0,157.0,5.893914555634061,5.808359706774354,8.499770291894674,2.906386760994792,9.841458939015865,4.932382261256377,4.728489613160491,8.095498627424238,1.3075436148792505,9.808604784309864,0.005231773770517773,0.00522226095199585,0.005361407622694969,0.005142400041222572,0.00539766252040863,10.960424973691504,10.685490362346172,16.71992190480232,4.351790690794587,19.78753904812038,491533824.0,491533824.0,491533824.0,491533824.0,491533824.0,0.018165881147631156,0.018132850527763367,0.018615998689913087,0.017855555698689487,0.018741883751418855
bnci2014_001,cardinal_dynamics_sinc,45,10549.0,10549.0,10549.0,10549.0,10549.0,82.84444444444445,83.0,141.59999999999997,4.0,195.0,83.84444444444445,84.0,142.59999999999997,5.0,196.0,7.296574491593573,7.417258897796273,10.735597738623618,2.521160427480936,12.315762739628553,6.27334096369644,6.468859845772386,10.625500805303453,0.37275148555636406,14.63676174543798,0.005704191906584634,0.005674818530678749,0.005837282165884972,0.005596743896603584,0.006451817229390144,13.703773976903822,14.023969143629074,21.387882728129625,3.031340127810836,27.086687127128243,304315904.0,304315904.0,304315904.0,304315904.0,304315904.0,0.01980622189786331,0.01970423100930121,0.020268340853767264,0.019433138529873557,0.022402143157604668
bnci2014_001,cardinal_dynamics_sinc_extended,45,14389.0,14389.0,14389.0,14389.0,14389.0,87.26666666666667,86.0,142.6,4.0,185.0,88.26666666666667,87.0,143.6,5.0,186.0,7.563050966792637,7.599831847473979,11.012675588205457,2.5152124520391226,12.631029656156898,6.584149801441365,6.51958585344255,10.751517662033438,0.36380504071712494,14.243817990645766,0.005670748775204023,0.005673002451658249,0.0057453751564025875,0.005576876923441887,0.005857223644852638,14.279658850365214,14.324439255520701,21.904301829263567,3.0149430837482214,27.01395004428923,304349696.0,304349696.0,304349696.0,304349696.0,304349696.0,0.01969009991390286,0.01969792517936892,0.019949219293064542,0.01936415598417322,0.02033758210018277
bnci2014_001,cardinal_dynamics_sinc_residual,45,10797.0,10797.0,10797.0,10797.0,10797.0,85.37777777777778,85.0,154.79999999999995,5.0,176.0,86.37777777777778,86.0,155.79999999999995,6.0,177.0,10.634521695143647,10.778273038566113,17.094874006509777,3.5984752606600523,17.858157822862267,9.164696148658793,9.223391508683562,16.828194191679355,0.6419409420341253,19.361453959718347,0.008630296008454429,0.008597947657108307,0.008711037039756776,0.00840245746076107,0.010315455496311188,19.936960047359268,20.015739461407065,34.06204523853957,4.38275333493948,37.36219875141978,490446336.0,490446336.0,490446336.0,490446336.0,490446336.0,0.02996630558491121,0.029853984920514956,0.030246656388044357,0.029175199516531494,0.035817553806636065
bnci2014_001,cardinal_fbc,45,11524.0,11524.0,11524.0,11524.0,11524.0,116.35555555555555,117.0,173.6,39.0,185.0,117.35555555555555,118.0,174.6,40.0,186.0,8.929998509171936,9.04306717403233,11.807596510276198,4.396320002153516,11.890943728387356,8.09230716302991,8.130540134385228,12.025996129587293,2.7073230780661106,12.729298958554864,0.010229525632328457,0.010229602456092834,0.010280363634228707,0.010165197774767876,0.010306175798177719,17.15511362494694,17.34160289913416,23.957576806098224,7.24116195179522,24.761386528611183,422494720.0,422494720.0,422494720.0,422494720.0,422494720.0,0.0355191862233627,0.035519452972544566,0.03569570706329412,0.0352958256068329,0.03578533263256153
bnci2014_001,cardinal_fbc_compactdyn,45,26476.0,26476.0,26476.0,26476.0,26476.0,93.88888888888889,98.0,126.0,36.0,154.0,94.88888888888889,99.0,127.0,37.0,155.0,9.89499327921205,10.272236049175262,12.624106936901807,5.415121044963598,14.622612396255136,8.414844237143795,8.805862048640847,11.683284393325447,3.1424823254346848,13.843385681509972,0.013113843773802121,0.013110842555761337,0.013177307322621346,0.013037726283073425,0.013207325711846352,18.449644000579912,19.221443746238947,24.438326644897458,8.699855981394649,28.610192585736513,422623744.0,422623744.0,422623744.0,422623744.0,422623744.0,0.04553417977014626,0.04552375887417131,0.04575453931465745,0.04526988292733828,0.04585876983279983
bnci2014_001,cardinal_fbc_compactdyn_extended,45,35116.0,35116.0,35116.0,35116.0,35116.0,96.95555555555555,99.0,139.2,37.0,154.0,97.95555555555555,100.0,140.2,38.0,155.0,10.232378294070562,10.40600205026567,13.40004682764411,5.617523580789566,14.74448562785983,8.800856809235281,9.006520349532366,12.549165133759379,3.3543592151254416,14.119872618466616,0.01310607973072264,0.013091566041111946,0.013184881210327149,0.013020064681768417,0.01344713382422924,19.174017754445472,19.434656297788024,25.997935283184052,9.232142491266131,28.99255533516407,422696448.0,422696448.0,422696448.0,422696448.0,422696448.0,0.04550722128723139,0.045456826531638704,0.045780837535858154,0.04520855792280701,0.04669143688968486
bnci2014_001,cardinal_fbc_compactdyn_scale010,45,26476.0,26476.0,26476.0,26476.0,26476.0,113.53333333333333,112.0,170.2,45.0,185.0,114.53333333333333,113.0,171.2,46.0,186.0,11.44772990130716,11.29708556085825,15.387090233340858,6.221727451309562,15.591099616140127,10.30894161466923,10.03228159993887,15.548179150372741,4.086513552814722,16.734584856778383,0.013117439092861281,0.013117393478751183,0.013183217123150825,0.013002676889300346,0.013203548267483711,21.8977748281012,21.474453307688236,31.13837734237313,10.581309275701642,32.47067958302796,422623744.0,422623744.0,422623744.0,422623744.0,422623744.0,0.04554666351687946,0.04554650513455272,0.04577505945538481,0.04514818364340398,0.045845653706540666
bnci2014_001,cardinal_fbc_compactdyn_scale010_extended,45,35116.0,35116.0,35116.0,35116.0,35116.0,110.77777777777777,108.0,170.2,45.0,185.0,111.77777777777777,109.0,171.2,46.0,186.0,11.258169784231319,11.162881644442677,15.452570464462042,6.452952466905117,15.607376608997583,10.086723702069786,9.818378824740648,15.528707595542071,4.098009200766683,16.89820535108447,0.01310670454468992,0.01309204287827015,0.013176987692713738,0.013042636215686798,0.013415003195405006,21.485277482908632,21.126748038455844,31.07875583283603,10.695047453045845,32.61943502165377,422696448.0,422696448.0,422696448.0,422696448.0,422696448.0,0.04550939078017334,0.0454584822162158,0.04575342948858936,0.04528693130446805,0.046579872206267386
bnci2014_001,cardinal_fbc_compactdyn_scale025,45,26476.0,26476.0,26476.0,26476.0,26476.0,111.75555555555556,107.0,171.99999999999997,45.0,184.0,112.75555555555556,108.0,172.99999999999997,46.0,185.0,11.31285709279279,11.016622621566057,15.333410418778657,6.403784530237317,15.613035200163722,10.191251057883104,9.790137642994523,15.455048985406755,4.090061474591494,16.857077887281775,0.013105361701713667,0.013096656650304794,0.01318506821990013,0.0129986722022295,0.013209061697125435,21.642428365970652,20.9496014919132,30.913980195671318,10.640302404761314,32.61427488178015,422623744.0,422623744.0,422623744.0,422623744.0,422623744.0,0.04550472813095023,0.04547450225800276,0.045781486874653235,0.04513427847996354,0.045864797559463315
bnci2014_001,cardinal_fbc_compactdyn_scale025_extended,45,35116.0,35116.0,35116.0,35116.0,35116.0,106.46666666666667,104.0,157.79999999999998,45.0,184.0,107.46666666666667,105.0,158.79999999999998,46.0,185.0,10.905796217877004,10.862808484584093,15.091980547830461,6.152432959526777,15.601981116458774,9.670544412773516,9.57608062773943,14.477110208198427,4.097373330965638,16.8415846824646,0.013097804205285179,0.013097824528813362,0.013162143528461456,0.013007303699851036,0.013206692412495613,20.716419976784124,20.507325736805797,29.710562897473572,10.516203986480832,32.587157817557454,422696448.0,422696448.0,422696448.0,422696448.0,422696448.0,0.045478486823906865,0.04547855739171306,0.04570188725160228,0.045164248957816094,0.045856570876720876
bnci2014_001,cardinal_fbc_corr,45,15412.0,15412.0,15412.0,15412.0,15412.0,110.66666666666667,112.0,163.2,33.0,171.0,111.66666666666667,113.0,164.2,34.0,172.0,11.503782467875215,11.451970037072897,15.692027211934327,5.587465479969978,15.79075163975358,10.28654635283682,10.175308397039771,15.371639977395533,3.140000708401203,15.976435655727983,0.01220267882777585,0.012195471674203873,0.012261798977851868,0.012145841494202614,0.012266650795936584,21.927134184787672,21.727241851389408,31.20363089889288,8.851107712835073,31.85536812618375,422527488.0,422527488.0,422527488.0,422527488.0,422527488.0,0.042370412596443925,0.042345387757652335,0.042575690895318985,0.042173060743759073,0.04259253748589092
bnci2014_001,cardinal_fbc_corr_extended,45,18292.0,18292.0,18292.0,18292.0,18292.0,106.22222222222223,105.0,165.59999999999997,31.0,198.0,107.22222222222223,106.0,166.59999999999997,32.0,199.0,11.08953815702763,11.067608723416924,15.311745173856615,5.366643371060491,15.768154883757234,9.883164762043291,9.943479487672448,14.482312666997313,2.940531564876437,18.28198354318738,0.01220324726568328,0.01219647191464901,0.012260201573371887,0.012147631496191025,0.0122672189027071,21.110997185276613,21.147609109058976,29.931827541440725,8.447065265849233,34.17396350391209,422552064.0,422552064.0,422552064.0,422552064.0,422552064.0,0.04237238633917806,0.0423488608147535,0.042570144351985716,0.04217927602844106,0.0425945100788441
bnci2014_001,cardinal_fbc_extended,45,14404.0,14404.0,14404.0,14404.0,14404.0,103.66666666666667,97.0,170.2,33.0,185.0,104.66666666666667,98.0,171.2,34.0,186.0,8.18037357032299,7.876384176313877,11.742673982679843,4.09003278799355,11.833891598507762,7.191580831880371,6.733745999634266,11.827120612561702,2.2916025388985872,12.810241727158427,0.0102352996253305,0.010232895612716675,0.010290825739502907,0.010152021422982216,0.01030736044049263,15.506949802570873,14.747393123805523,23.69698540456593,6.51818429864943,24.78168516792357,422519296.0,422519296.0,422519296.0,422519296.0,422519296.0,0.03553923481017535,0.03553088754415512,0.035732033817718424,0.035250074385354914,0.03578944597393274
bnci2014_001,cardinal_fbc_micro,45,13588.0,13588.0,13588.0,13588.0,13588.0,112.55555555555556,108.0,170.2,45.0,185.0,113.55555555555556,109.0,171.2,46.0,186.0,12.82338855697049,12.347482021898031,17.406874972581864,7.179792480543256,17.48266830481589,11.59446410967244,10.979974618181586,17.611499052122234,4.651469901204109,18.916484547778964,0.01283517719970809,0.012831300497055054,0.012929538264870644,0.012626118957996368,0.012941071763634682,24.556661727941698,23.373386442661285,35.20116783417761,11.956618076190352,36.526674680411816,422519808.0,422519808.0,422519808.0,422519808.0,422519808.0,0.044566587498986426,0.0445531267258856,0.0448942300863564,0.04384069082637628,0.04493427695706487
bnci2014_001,cardinal_fbc_micro_extended,45,17108.0,17108.0,17108.0,17108.0,17108.0,111.37777777777778,107.0,159.0,39.0,185.0,112.37777777777778,108.0,160.0,40.0,186.0,12.821899561583995,12.513267252594233,17.207323946431277,6.491768650710583,17.47172823548317,11.543454184838467,11.105646528303623,16.48384864144027,4.035621410235763,19.0005957596004,0.012843416175908513,0.012838907539844513,0.01292533241212368,0.012682715430855751,0.012933038175106049,24.50331158389648,23.761455850675702,33.82202520556748,10.670896511524916,36.61406768299639,422551552.0,422551552.0,422551552.0,422551552.0,422551552.0,0.04459519505523788,0.044579540068904557,0.044879626430985003,0.04403720635713802,0.04490638255245156
bnci2014_001,cardinal_fbc_physical,45,16337.0,16337.0,16337.0,16337.0,16337.0,101.11111111111111,97.0,152.6,45.0,185.0,102.11111111111111,98.0,153.6,46.0,186.0,13.336840582556194,13.007918575778604,18.546772057935595,8.086669439449906,19.48941633105278,11.671133317963944,11.140824593603611,17.802718817070126,5.237375108525157,21.267326280474663,0.013333100287450685,0.013327373191714287,0.013423189520835876,0.013123750686645508,0.013466034084558487,25.146794863128,24.271063923835754,36.4928731136024,13.45123728737235,40.899963706731796,422542848.0,422542848.0,422542848.0,422542848.0,422542848.0,0.04629548710920377,0.04627560136011905,0.04660829694734679,0.04556857877307468,0.04675706279360586
bnci2014_001,cardinal_fbc_physical_extended,45,21137.0,21137.0,21137.0,21137.0,21137.0,105.28888888888889,104.0,158.59999999999997,29.0,185.0,106.28888888888889,105.0,159.59999999999997,30.0,186.0,13.825964008271693,13.73509861715138,19.179712857306,6.351618180051446,19.652710495516658,12.29758666385379,12.126170005649328,18.642293631657957,3.552569581195712,21.450505452230573,0.013332676556375291,0.013326529413461685,0.01340932846069336,0.013276152312755585,0.013433687388896942,26.27654384498795,26.112989408895373,37.98142742738128,10.063150083646178,41.14915450103581,422584832.0,422584832.0,422584832.0,422584832.0,422584832.0,0.04629401582074755,0.04627267157451974,0.04656016826629639,0.046097751085956894,0.04664474787811438
bnci2014_001,cardinal_fbms,45,13747.0,13747.0,13747.0,13747.0,13747.0,92.08888888888889,93.0,144.59999999999997,31.0,154.0,93.08888888888889,94.0,145.59999999999997,32.0,155.0,9.154007158676784,9.167566111311316,12.939094188064336,4.792890846729279,13.720918944105506,7.70069179766708,7.802168287336826,12.08117367401719,2.575123792514205,12.993927247822285,0.017295711694492233,0.017278390005230904,0.01740589737892151,0.017141232267022133,0.01800626888871193,17.00963629177875,17.129238165915012,25.181314592435953,7.527349995449185,26.876087196171284,726998926.2222222,726931456.0,727344128.0,726893568.0,727344128.0,0.060054554494764704,0.059994409740385085,0.060437143676810794,0.05951816759382685,0.06252176697469419
bnci2014_001,cardinal_fbms_extended,45,16627.0,16627.0,16627.0,16627.0,16627.0,92.08888888888889,93.0,144.59999999999997,31.0,154.0,93.08888888888889,94.0,145.59999999999997,32.0,155.0,9.170242280595833,9.265931695699692,12.978098778054116,4.856856057420373,13.76608027331531,7.704062943326102,7.871008135378361,12.134556556120513,2.629601415246725,12.98641943745315,0.01727273894680871,0.01726328395307064,0.017403531819581985,0.01717611961066723,0.017419159412384033,17.029891412291263,17.236701356247067,25.272582248225806,7.632317939773202,26.912153592333198,726976420.9777777,726957056.0,727070720.0,726919168.0,727108608.0,0.05997478800975246,0.05994195817038417,0.06042892992910412,0.059639304203705654,0.06048319240411123
bnci2014_001,cardinal_mix,45,13459.0,13459.0,13459.0,13459.0,13459.0,77.35555555555555,72.0,132.59999999999997,15.0,182.0,78.35555555555555,73.0,133.59999999999997,16.0,183.0,7.779344455235535,7.4307734332978725,11.417607235535977,3.4588851537555456,13.85947729460895,6.231701939925552,5.912819420918822,10.53357866182923,1.2242135591804981,14.50067057274282,0.0169042758229706,0.016900664195418358,0.01701567992568016,0.016778964549303055,0.017048703506588936,14.166172638411323,13.492555491626263,22.111454144865267,4.843287657946348,28.502628214657307,726917438.5777777,726928384.0,726928384.0,726890496.0,726928384.0,0.05869540216309237,0.05868286178964707,0.05908222196416722,0.05826029357396894,0.05919688717565603
bnci2014_001,cardinal_mix_drop,45,13459.0,13459.0,13459.0,13459.0,13459.0,76.57777777777778,73.0,127.19999999999999,20.0,191.0,77.57777777777778,74.0,128.2,21.0,192.0,7.757265336314837,7.593504715710878,11.392245180904865,3.9161731116473675,13.93682261556387,6.215627581212256,5.9431113339960575,10.31491039544344,1.6767920833081007,15.335341537371278,0.01688183322548866,0.016865219920873642,0.017000457644462584,0.016775257885456085,0.017027145251631737,14.12649589623842,13.646962326020002,21.86617039553821,5.789899457246065,29.42272699996829,726890496.0,726890496.0,726890496.0,726890496.0,726890496.0,0.05861747647739118,0.05855979139192237,0.059029366821050644,0.05824742321338919,0.05912203212372131
bnci2014_001,ctnet,45,151224.0,151224.0,151224.0,151224.0,151224.0,119.55555555555556,130.0,194.0,16.0,199.0,120.55555555555556,131.0,195.0,17.0,200.0,23.846757927578356,26.204855417832732,32.14011783860624,8.356638910248876,32.18750105239451,22.39585000909865,23.93866377323866,35.99343616776168,3.1479934100061655,37.00450908392668,0.020442267341746225,0.020411452278494835,0.020850362628698348,0.01997268572449684,0.021995455026626587,46.41250488654607,50.30186261050403,67.9535283844918,11.662928419187665,69.34148099459708,352092160.0,352092160.0,352092160.0,352092160.0,352092160.0,0.07098009493661883,0.07087309818921818,0.07239709246075816,0.06934960321005848,0.07637310773134232
bnci2014_001,ctnet_compact,45,26700.0,26700.0,26700.0,26700.0,26700.0,141.86666666666667,163.0,196.8,17.0,199.0,142.86666666666667,164.0,197.8,18.0,200.0,22.62198942415416,26.12326372973621,27.411185892671345,7.102385042235255,27.683147558942437,22.221669604505102,25.52790409140289,30.793541982397436,2.799400696530938,31.550037698820233,0.016214518373211226,0.016158688813447952,0.01658770591020584,0.015905167907476425,0.018108896911144257,45.008685830649405,51.803011352196336,57.95219509750605,10.0695242267102,58.559296822175384,184369152.0,184369152.0,184369152.0,184369152.0,184369152.0,0.056300411018094534,0.056106558380027614,0.057596201077103615,0.055226277456515364,0.06287811427480644
bnci2014_001,deep4,45,146079.0,146079.0,146079.0,146079.0,146079.0,3.911111111111111,0.0,36.199999999999875,0.0,75.0,4.911111111111111,1.0,37.199999999999875,1.0,76.0,1.7810301946683063,1.6045388784259558,3.32904927618801,1.5307020749896765,5.011111352592707,0.2669165123254061,0.05969112738966942,1.9528943330049449,0.04354923963546753,4.09301707521081,0.0027108848922782476,0.002598049119114876,0.0026515118777751924,0.0025717392563819885,0.0075050219893455505,2.188451396384173,1.7985343020409346,5.408740303665387,1.7432445921003819,9.24894317984581,98738688.0,98738688.0,98738688.0,98738688.0,98738688.0,0.009412794764855025,0.00902100388581554,0.009206638464497196,0.008929650195770793,0.02605910412967205
bnci2014_001,eegconformer,45,511012.0,511012.0,511012.0,511012.0,511012.0,40.266666666666666,38.0,90.19999999999997,2.0,111.0,41.266666666666666,39.0,91.19999999999997,3.0,112.0,12.39871988300648,11.294387442991138,20.53162420503795,5.784872988238931,25.335536889731884,7.335349197561542,6.934089735150337,16.246079987287516,0.7072327360510826,19.59639752469957,0.015611049864027235,0.01552504301071167,0.01579062044620514,0.015339672565460205,0.018243538215756416,19.91101833830277,18.356317399069667,36.21807632967829,6.672095326706767,42.34872544929385,1855626353.7777777,1856126976.0,1856126976.0,1855102976.0,1856126976.0,0.05420503425009456,0.05390639934274885,0.054828543215990067,0.05326275196340349,0.06334561880470978
bnci2014_001,eegconformer_compact,45,471572.0,471572.0,471572.0,471572.0,471572.0,45.8,41.0,120.19999999999999,1.0,140.0,46.8,42.0,121.19999999999999,2.0,141.0,12.586663944108619,11.544010948389769,23.693557965010406,5.722149014472961,27.289876826107502,8.567142520803545,7.7452191933989525,21.720528238639233,0.3790714479982853,26.088967265561223,0.011488856913314926,0.011491214856505394,0.011564000695943832,0.011211348697543144,0.011605782434344292,21.31816014221145,19.26266692765057,45.581563078239554,6.256675075739622,53.551400028169155,1855277351.8222222,1855292416.0,1855292416.0,1854841856.0,1855292416.0,0.03989186428234349,0.03990005158508817,0.040152780194249414,0.03892829408869147,0.040297855674806565
bnci2014_001,eegnet,45,2084.0,2084.0,2084.0,2084.0,2084.0,73.2,31.0,198.8,0.0,199.0,74.2,32.0,199.8,1.0,200.0,4.2653872285038235,2.6049864254891872,8.186615609005093,1.4119365401566029,8.341786423698068,3.621664538938138,1.4447318501770496,9.779191116988658,0.036142297089099884,10.061225708574057,0.0032893433339065974,0.0032444410026073456,0.003414030373096466,0.0031908806413412094,0.0048322658985853195,8.021570501310958,4.175104647874832,18.035279492288826,1.587244251742959,18.51951577886939,184465476.26666668,184466432.0,184466432.0,184463360.0,184466432.0,0.01142133102050902,0.011265420147942172,0.011854272128807174,0.011079446671323644,0.016778701036754582
bnci2014_001,eegsym,45,21486.0,21486.0,21486.0,21486.0,21486.0,57.84444444444444,51.0,162.39999999999995,0.0,181.0,58.84444444444444,52.0,163.39999999999995,1.0,182.0,12.404847418185737,11.469008196145296,26.043551935628052,4.641236327588558,27.587991915643215,9.061708051049047,7.951877523213625,25.60286132916807,0.16522784717381,28.491103257983923,0.022467505228188304,0.02239389531314373,0.022647181898355483,0.02222679741680622,0.024737631902098656,21.649805206764075,19.49482805095613,52.496137248352156,4.990970339626074,56.2462205234915,716663296.0,716663296.0,716663296.0,716663296.0,716663296.0,0.07801217093120939,0.07775658094841573,0.07863604825817876,0.07717637991946605,0.08589455521562034
bnci2014_001,eegsym_wide,45,177922.0,177922.0,177922.0,177922.0,177922.0,61.71111111111111,57.0,123.19999999999995,0.0,177.0,62.71111111111111,58.0,124.19999999999995,1.0,178.0,21.195554435874026,20.13651150651276,34.88229525983332,7.766131520271301,43.731369622051716,15.544160098127193,14.269574159756303,31.010852756723747,0.23844515718519688,44.236772909760475,0.06055286551515261,0.060556743294000626,0.06084633730351925,0.060223279520869255,0.061023058369755745,36.96692803771131,34.720357060432434,66.10446988567708,8.25304814428091,88.19760289229453,1944803840.0,1944803840.0,1944803840.0,1944803840.0,1944803840.0,0.2102530052609466,0.21026646977083552,0.2112720045261085,0.20910860944746268,0.21188561933942968
bnci2014_001,eegtcnet,45,4040.0,4040.0,4040.0,4040.0,4040.0,143.55555555555554,173.0,193.8,0.0,199.0,144.55555555555554,174.0,194.8,1.0,200.0,35.96526116443177,42.81883561424911,43.032698680460456,7.666528696194291,43.07467337884009,35.27885705377493,42.59352996759117,47.69154832549393,0.23454819433391094,48.90049246326089,0.06453095984955629,0.06436510570347309,0.0653657741844654,0.06302905827760696,0.06922205351293087,71.44251716385286,85.6460568588227,90.89540948905051,8.10402730293572,92.0206869058311,184157001.95555556,184155136.0,184163328.0,184153088.0,184165376.0,0.22406583281095935,0.22348995035928157,0.22696449369606045,0.2188508967972464,0.24035435247545442
bnci2014_001,fbcnet,45,11524.0,11524.0,11524.0,11524.0,11524.0,110.5111111111111,108.0,170.2,39.0,185.0,111.5111111111111,109.0,171.2,40.0,186.0,6.993139097798202,6.974434202536941,9.593813981488347,3.538375563919544,9.620785230770707,6.230255826272899,6.188725272193551,9.565708953887222,2.169200399890542,10.284460669383407,0.011937787011265754,0.011753963306546211,0.011790004000067711,0.011688899248838425,0.020187165588140488,13.358969579264521,13.199491431936622,19.279398030042646,5.844572642818093,20.02154040709138,325874892.8,325791744.0,326134169.6,325761024.0,326152192.0,0.041450649344672755,0.040812372592174344,0.040937513889124,0.04058645572513342,0.07009432495882113
bnci2014_001,fbmsnet,45,13747.0,13747.0,13747.0,13747.0,13747.0,89.71111111111111,89.0,137.59999999999997,31.0,154.0,90.71111111111111,90.0,138.59999999999997,32.0,155.0,12.104607844062977,12.076509151607752,16.753039351105688,6.491460304707289,18.348568614572287,10.164735669352941,10.04133159480989,15.609313401579852,3.5465512350201607,17.44393136166036,0.01845333692100313,0.018467212095856667,0.018574243038892747,0.018215466290712357,0.018579712137579918,22.42633219220572,22.277655445039272,32.521899666264645,10.181675029918551,35.95353675633669,636553591.4666667,636514816.0,636785152.0,636424704.0,636875264.0,0.06407408653126086,0.06412226422172454,0.06449389944059981,0.06324814684275123,0.06451288936659694
bnci2014_001,free_cardinal,45,20005.0,20005.0,20005.0,20005.0,20005.0,60.53333333333333,60.0,94.39999999999999,22.0,124.0,61.53333333333333,61.0,95.39999999999999,23.0,125.0,5.347882302395171,5.307722523808479,7.208669037744403,3.2198042534291744,8.903694827109575,4.120048810624414,3.9832689072936773,6.427487890422343,1.5397098641842604,8.523032065480947,0.007795138284564018,0.007780103012919426,0.00787752792239189,0.007724378257989883,0.007988497614860535,9.608021320692368,9.466179218143225,13.774280822649597,4.902014339342713,17.495444221422076,577474560.0,577474560.0,577474560.0,577474560.0,577474560.0,0.027066452376958393,0.027014246572636895,0.027352527508305177,0.02682075784024265,0.027737838940487966
bnci2014_001,free_scope,45,54441.0,54441.0,54441.0,54441.0,54441.0,44.91111111111111,5.0,137.6,0.0,167.0,45.91111111111111,6.0,138.6,1.0,168.0,7.939982512179348,4.167520994320512,17.36302305795252,3.654082093387842,20.347103361040354,5.520016909307904,0.736798856407404,17.049257652461527,0.11411789990961552,20.602706223726273,0.009602297511365678,0.009598463773727417,0.009744661673903466,0.009496567770838737,0.009803591296076775,13.605386470134059,5.04429648630321,34.370251189172265,3.921485060825944,41.099500032141805,205529088.0,205529088.0,205529088.0,205529088.0,205529088.0,0.03334131080335304,0.03332799921433131,0.033835630812164806,0.03297419364874562,0.034040247555822134
bnci2014_001,scope,45,52137.0,52137.0,52137.0,52137.0,52137.0,15.688888888888888,4.0,76.79999999999998,0.0,131.0,16.68888888888889,5.0,77.79999999999998,1.0,132.0,5.6738402453147705,4.40716696344316,12.677099390700457,3.0240306202322245,18.67923152819276,2.130203025167187,0.5917756091803312,10.397921110317109,0.1137552261352539,17.056539189070463,0.011780956925617325,0.011751152575016022,0.011883298307657242,0.011648869141936302,0.012790599837899208,7.9520137475182615,5.097941439598799,23.223999642208213,3.2725339848548174,35.887218434363604,205522944.0,205522944.0,205522944.0,205522944.0,205522944.0,0.04090610043617126,0.04080261310769452,0.0412614524571432,0.04044746229838994,0.044411804992705584
bnci2014_001,shallow,45,39684.0,39684.0,39684.0,39684.0,39684.0,68.97777777777777,68.0,116.6,13.0,147.0,69.97777777777777,69.0,117.6,14.0,148.0,3.939745479946335,3.938216783106327,5.768095603585242,1.8890410959720612,6.843703167513013,3.194063504743907,3.043641498312354,5.415645138546824,0.6271967757493258,6.900935808196664,0.002231933507654402,0.0021938569843769073,0.0022307246923446654,0.002160020172595978,0.0038049928843975067,7.267111903429031,7.101672267541289,11.295160488411783,2.635861087590456,13.87960534915328,99546453.33333333,99546112.0,99549184.0,99546112.0,99549184.0,0.007749769123800005,0.007617558973530929,0.007745571848418978,0.007500070043736034,0.013211780848602453
bnci2014_001,tcformer,45,75804.0,75804.0,75804.0,75804.0,75804.0,121.64444444444445,129.0,176.79999999999998,0.0,191.0,122.64444444444445,130.0,177.79999999999998,1.0,192.0,159.49485299049152,167.9912921283394,205.539095556736,36.99624620191753,206.4478430338204,139.03590019643306,147.66105629689991,201.52886404953895,1.121567439287901,217.03055032156408,0.4636927711466948,0.4633697420358658,0.4695540674030781,0.45748187974095345,0.47556096874177456,299.1431578980138,316.2533519901335,407.2519332189113,38.730848144739866,421.2543349247426,1521681920.0,1521681920.0,1521681920.0,1521681920.0,1521681920.0,1.6100443442593568,1.6089227154023118,1.6303960673717988,1.5884787491005328,1.6512533636867173
bnci2014_004,atcnet,45,104106.0,104106.0,104106.0,104106.0,104106.0,72.46666666666667,60.0,158.8,0.0,189.0,73.46666666666667,61.0,159.8,1.0,190.0,209.2721313772516,191.79939369671047,375.411009177193,66.79347486793995,391.4811615552753,176.25154833921957,147.8782068323344,387.56722311004995,2.3222894817590714,444.5797974076122,0.9325709819793702,0.9437960106879473,0.9589986015111208,0.8233312107622623,0.960977666079998,386.56768835729196,340.6786876562983,778.3477612867952,70.11754500307143,820.2830451950431,100545991.1111111,100543488.0,100604928.0,100502528.0,100625408.0,2.9554381831142575,2.9514721794320002,2.9974738357122988,2.906376344617456,3.003055206499994
bnci2014_004,atcnet_aggressive_pool,45,104106.0,104106.0,104106.0,104106.0,104106.0,77.57777777777778,78.0,174.19999999999993,0.0,191.0,78.57777777777778,79.0,175.19999999999993,1.0,192.0,218.10194031215377,228.07534522004426,374.6369518805295,67.20696061477065,376.2895593922585,188.66468943576845,194.7541543059051,411.70070057064277,2.331373495981097,449.77245176397264,0.9401677892025974,0.9536091070622206,0.9615322925150395,0.829125540331006,0.96532185934484,407.7867413605253,430.69361273758113,787.7481213569639,70.70996480807662,826.3421226646751,104000682.66666667,103990784.0,104122880.0,103919104.0,104145408.0,2.9792944754156037,2.9821095455970084,3.0047884141094983,2.9516575392335653,3.016630810452625
bnci2014_004,cardinal,45,15907.0,15907.0,15907.0,15907.0,15907.0,22.022222222222222,15.0,55.8,1.0,69.0,23.022222222222222,16.0,56.8,2.0,70.0,3.1176366576717958,2.6772530488669872,5.25095918290317,1.922618243843317,5.397175533697009,1.8727811230967442,1.3769517727196217,4.6411252994090315,0.1544334478676319,5.648984054103494,0.007124825732575522,0.0071388110518455505,0.007322284579277039,0.006595991551876068,0.007986888289451599,5.036642223099867,4.0748460739851,9.936917867884038,2.1240830458700657,11.017089826986194,587274752.0,587274752.0,587274752.0,587274752.0,587274752.0,0.02259764258587171,0.022327032638713717,0.023895902559161183,0.022157153580337763,0.024959025904536247
bnci2014_004,cardinal_dynamics,45,24418.0,24418.0,24418.0,24418.0,24418.0,27.511111111111113,23.0,76.39999999999995,0.0,98.0,28.511111111111113,24.0,77.39999999999995,1.0,99.0,2.865451787205206,2.8260325081646442,4.802070928364992,1.5486964732408524,6.951448416337371,2.00550132981605,1.7671234961599112,4.938223164528607,0.06322353519499302,7.168869828805327,0.0035674189113908345,0.0034993086010217667,0.003556368499994278,0.0034631602466106415,0.005354622378945351,4.912903380104237,4.8601135686039925,9.58855850547552,1.6677050460129976,14.16536596417427,136741888.0,136741888.0,136741888.0,136741888.0,136741888.0,0.011339783576124954,0.01095716143026948,0.012533374662910188,0.010822375770658255,0.019123651353376254
bnci2014_004,cardinal_dynamics_compact,45,14186.0,14186.0,14186.0,14186.0,14186.0,32.333333333333336,30.0,82.8,0.0,115.0,33.333333333333336,31.0,83.8,1.0,116.0,3.123668803854121,2.913523878902197,5.114665215089917,1.4495433680713177,7.696117656305432,2.3958471974564923,2.126762455329299,6.006155111268162,0.0626723114401102,8.48393715173006,0.0035827277849117913,0.0035104043781757355,0.0038457438349723807,0.0034322720021009445,0.005306912586092949,5.561845102989011,5.142452863976359,11.150337777286769,1.560899605974555,16.22490714304149,119152640.0,119152640.0,119152640.0,119152640.0,119152640.0,0.011386477466051778,0.010993494652211666,0.012514177443725722,0.010826328070834279,0.018953259236046245
bnci2014_004,cardinal_dynamics_extended,45,34658.0,34658.0,34658.0,34658.0,34658.0,24.57777777777778,22.0,54.999999999999986,0.0,89.0,25.57777777777778,23.0,55.999999999999986,1.0,90.0,2.788035918896397,2.689812831580639,4.328789301589131,1.5099450442939997,6.235816968604922,1.8508804055965609,1.6476993523538113,4.073508973792194,0.06422227248549461,6.41028574667871,0.0035120642433563868,0.0035016778856515884,0.003615608811378479,0.0034544672816991806,0.0036841854453086853,4.681489082632793,4.5614914279431105,8.119826170802117,1.621920457109809,12.692341784015298,136825856.0,136825856.0,136825856.0,136825856.0,136825856.0,0.01114848178870503,0.010972865857183933,0.012462352003370012,0.01079521025530994,0.012626472328390394
bnci2014_004,cardinal_dynamics_sinc,45,9683.0,9683.0,9683.0,9683.0,9683.0,34.2,36.0,64.6,0.0,78.0,35.2,37.0,65.6,1.0,79.0,4.114374696877268,4.269184403121471,6.217592861130833,1.9606027957051992,6.696049150079489,3.2465433653444054,3.4285334330052137,6.043932173773646,0.08656216226518154,7.332032736390829,0.004315574343005816,0.0042816754430532455,0.004415043070912361,0.004201896488666534,0.005402728915214539,7.403566474219163,7.834470763802528,12.522261545434592,2.0916990786790848,13.699827715754509,107512832.0,107512832.0,107512832.0,107512832.0,107512832.0,0.013709500476363158,0.013386213686317205,0.015311757368700845,0.01313092652708292,0.019295460411480496
bnci2014_004,cardinal_dynamics_sinc_extended,45,13523.0,13523.0,13523.0,13523.0,13523.0,31.555555555555557,32.0,71.99999999999997,0.0,99.0,32.55555555555556,33.0,72.99999999999997,1.0,100.0,3.9616936857087746,4.060411170125008,6.388590137660502,1.9171705022454262,7.422026842832565,2.978899443232351,3.025712864473462,6.769573116675017,0.08193018659949303,9.227864880114794,0.004290193029575878,0.004286779090762138,0.00436769649386406,0.004196036607027054,0.004488078877329826,6.98370888589157,7.082013899460435,13.056923925131558,2.0794635862112045,16.678125711157918,107545600.0,107545600.0,107545600.0,107545600.0,107545600.0,0.013618242819719607,0.01341674942523241,0.015260776770966393,0.013187812874093652,0.015346599476678031
bnci2014_004,cardinal_dynamics_sinc_residual,45,9931.0,9931.0,9931.0,9931.0,9931.0,32.48888888888889,32.0,65.59999999999998,0.0,132.0,33.48888888888889,33.0,66.59999999999998,1.0,133.0,5.959845334043106,6.271408228203654,9.382645815238355,2.491549326106906,13.679767543449998,4.865563818729586,4.572536760941148,10.595792031288141,0.13122722133994102,18.286336738616228,0.007551716971728537,0.006105119362473488,0.01102755218744278,0.0059365201741456985,0.016038980334997177,10.87266297183103,10.838944671675563,19.072127315029498,3.037393383681774,32.01367629878223,128221696.0,128221696.0,128221696.0,128221696.0,128221696.0,0.02397468380097832,0.019086862448602915,0.034894036361947656,0.018551625544205308,0.05012181354686618
bnci2014_004,cardinal_fbc,45,9218.0,9218.0,9218.0,9218.0,9218.0,31.666666666666668,33.0,63.79999999999998,2.0,71.0,32.666666666666664,34.0,64.79999999999998,3.0,72.0,3.814429668130146,3.796567991375923,5.844357785210013,2.0128917805850506,6.207023803144693,2.7604661364936165,2.853855676949024,5.6125429917126874,0.24024485796689987,6.059782018885016,0.008662838944130474,0.008661998435854912,0.008838174119591712,0.00843873806297779,0.008946316316723824,6.628791972953413,6.718818183988333,11.369704725220798,2.3110048677772284,11.995028160512447,362828788.62222224,362829312.0,362934988.8,362770944.0,362938880.0,0.02749255653249011,0.027097866404801607,0.030318533203431537,0.026841810904443264,0.030611561877386912
bnci2014_004,cardinal_fbc_compactdyn,45,23402.0,23402.0,23402.0,23402.0,23402.0,28.444444444444443,17.0,84.99999999999999,1.0,111.0,29.444444444444443,18.0,85.99999999999999,2.0,112.0,4.8202138942562875,4.27756848372519,8.51662174090743,2.4728818871080875,12.075716124847531,3.367325441042582,1.9776337370276451,9.794101943075656,0.23338229395449162,12.901348637416959,0.010380726390414768,0.010315565392374992,0.01044316254556179,0.01022735983133316,0.012095965445041656,8.251696926976244,6.4092324040830135,18.3753179192543,2.8924056999385357,24.678573053330183,362893824.0,362893824.0,362893824.0,362893824.0,362893824.0,0.03296870730876449,0.03226979752071202,0.0368000753223896,0.031960499472916126,0.043199876589434485
bnci2014_004,cardinal_fbc_compactdyn_extended,45,32042.0,32042.0,32042.0,32042.0,32042.0,24.77777777777778,17.0,70.0,1.0,111.0,25.77777777777778,18.0,71.0,2.0,112.0,4.559113877928919,4.368835058063269,7.963050504773854,2.620703298598528,10.332595061510801,2.9540100544691086,2.0456410385668278,8.13344228193164,0.21485784277319908,12.816556578502059,0.010319790864984194,0.01031283289194107,0.010382771119475364,0.010244743898510933,0.010508712381124496,7.57632259209123,6.410853235051036,15.752762262150645,2.883633639663458,23.213463865220547,362966528.0,362966528.0,362966528.0,362966528.0,362966528.0,0.032760971539934715,0.03223642706871033,0.03684728539415768,0.032014824682846665,0.0368819638554539
bnci2014_004,cardinal_fbc_compactdyn_scale010,45,23402.0,23402.0,23402.0,23402.0,23402.0,30.42222222222222,27.0,63.79999999999998,2.0,80.0,31.42222222222222,28.0,64.79999999999998,3.0,81.0,4.976914340878526,4.833002066239715,7.926290804892778,2.680387707427144,8.469390124082565,3.5712314597020547,3.2842645421624184,7.512978133931754,0.32981596142053604,9.301407536491752,0.010308117667833964,0.010311352089047432,0.010374347120523453,0.010206235572695732,0.010461252182722092,8.61163536057704,8.464990930631757,15.387325127422807,3.0733215250074863,17.578355062752962,362893824.0,362893824.0,362893824.0,362893824.0,362893824.0,0.03272446513634235,0.0322300533298403,0.036824927000062804,0.03189448616467416,0.03706906656069415
bnci2014_004,cardinal_fbc_compactdyn_scale010_extended,45,32042.0,32042.0,32042.0,32042.0,32042.0,29.822222222222223,27.0,62.999999999999986,2.0,69.0,30.822222222222223,28.0,63.999999999999986,3.0,70.0,4.930607280383508,4.729750407859683,7.66950496211648,2.6486805006861687,8.60129869915545,3.548336700970928,3.18982682749629,7.283997368440031,0.3314126804471016,8.06895131058991,0.010321266079942385,0.010319776833057404,0.010407331585884094,0.01022251509130001,0.010636748746037483,8.54078175533149,8.228500608354807,14.881178510189056,3.0541065242141485,16.455758495256305,362966528.0,362966528.0,362966528.0,362966528.0,362966528.0,0.03276763578122925,0.03227153210900724,0.036835589313081334,0.03195721656084061,0.037988388378705294
bnci2014_004,cardinal_fbc_compactdyn_scale025,45,23402.0,23402.0,23402.0,23402.0,23402.0,34.22222222222222,27.0,86.39999999999998,2.0,105.0,35.22222222222222,28.0,87.39999999999998,3.0,106.0,5.29660705021686,4.76745730265975,8.848780303820966,2.707912987098098,11.894546911120415,3.9967380847367977,3.120346600189805,10.049282216653225,0.33327795192599297,12.292194174602628,0.010293332735697429,0.01029316708445549,0.010382119193673134,0.010196752846240997,0.01051931269466877,9.355484933074978,7.767351113259792,18.88234877251088,3.103962952271104,24.251889310777187,362893824.0,362893824.0,362893824.0,362893824.0,362893824.0,0.03267606018140676,0.03220696817152202,0.036553128489426205,0.03186485264450312,0.037014677322336605
bnci2014_004,cardinal_fbc_compactdyn_scale025_extended,45,32042.0,32042.0,32042.0,32042.0,32042.0,33.22222222222222,26.0,77.99999999999997,2.0,105.0,34.22222222222222,27.0,78.99999999999997,3.0,106.0,5.251378028757042,4.60588151589036,8.380499124154447,2.7101501896977425,11.992052735760808,3.9443969653298456,2.705835735425353,9.033529126644131,0.3343342524021864,12.384192060679197,0.010338050623734793,0.010318903252482414,0.010478204116225243,0.010171215981245041,0.010615766048431396,9.25753257750637,7.780050819739699,17.237565437331792,3.108192965388298,24.44141560792923,362966528.0,362966528.0,362966528.0,362966528.0,362966528.0,0.032820149956803234,0.03226571134291589,0.0369032405849014,0.03178504994139075,0.0374410833631243
bnci2014_004,cardinal_fbc_corr,45,12026.0,12026.0,12026.0,12026.0,12026.0,27.155555555555555,25.0,51.8,1.0,58.0,28.155555555555555,26.0,52.8,2.0,59.0,4.96412456797229,4.9631773717701435,7.434189809486269,2.7504697274416685,8.29797524958849,3.3337738160043955,3.0940125230699778,6.130360212922096,0.2394779957830906,7.179400626569986,0.010533535232146582,0.010517504066228867,0.010642938315868378,0.010437440127134323,0.010853538289666176,8.357279641139838,7.890884371474385,13.525128365680574,3.0511565171182156,15.540473159402609,362808490.6666667,362814976.0,362814976.0,362795520.0,362814976.0,0.033438519412089904,0.03290118766017258,0.03746218580220427,0.03262793179601431,0.03776727909488337
bnci2014_004,cardinal_fbc_corr_extended,45,14906.0,14906.0,14906.0,14906.0,14906.0,28.822222222222223,24.0,61.999999999999986,1.0,78.0,29.822222222222223,25.0,62.999999999999986,2.0,79.0,5.030340613631738,4.764764638617635,7.920291909575462,2.741213258355856,8.663184009492397,3.480367966658539,3.019940819591284,7.479656830802558,0.23914922773838043,8.38165314681828,0.01052534207701683,0.010529767721891403,0.010598013177514076,0.010406555607914925,0.010617896914482117,8.569918207451702,7.987156260758638,15.722494482994076,3.0422658268362284,16.698722023516893,362820096.0,362820096.0,362820096.0,362820096.0,362820096.0,0.03341347274799196,0.032917578937485814,0.037518586697322984,0.03252048627473414,0.03770388928907258
bnci2014_004,cardinal_fbc_extended,45,12098.0,12098.0,12098.0,12098.0,12098.0,30.155555555555555,27.0,59.0,2.0,69.0,31.155555555555555,28.0,60.0,3.0,70.0,3.7387405534171396,3.7805372904986143,5.830869612470269,2.0157317593693733,6.271249232813716,2.637171206416355,2.444702757522464,5.093719074502587,0.24152959324419498,5.8296968545764685,0.008656808361411094,0.008632423356175423,0.008707508444786072,0.008481958881020546,0.009967302903532982,6.430833435513907,6.444705145433545,11.017481279373168,2.3155615404248238,12.014355404302478,362796384.7111111,362795520.0,362795520.0,362795520.0,362814976.0,0.027474775681242583,0.02701968769542873,0.030451871986900057,0.026784668443724513,0.03114782157354057
bnci2014_004,cardinal_fbc_micro,45,11122.0,11122.0,11122.0,11122.0,11122.0,29.444444444444443,27.0,66.99999999999997,1.0,80.0,30.444444444444443,28.0,67.99999999999997,2.0,81.0,5.593272138511141,5.423324724659324,8.741188094392419,3.013582406565547,9.359967235475779,3.9716861832886936,3.732874296605587,8.938157493993636,0.26733075082302094,10.628103896975517,0.010378912919097476,0.010311709716916084,0.010416112840175629,0.010196773335337639,0.012010646983981133,9.627139109580053,9.245416121557355,17.59833664745092,3.343079164624214,20.052085895091295,362795008.0,362795008.0,362795008.0,362795008.0,362795008.0,0.032959349272358746,0.032232049852609634,0.03702963569334575,0.03186491667293012,0.04177285757447992
bnci2014_004,cardinal_fbc_micro_extended,45,14642.0,14642.0,14642.0,14642.0,14642.0,29.022222222222222,26.0,67.99999999999999,2.0,80.0,30.022222222222222,27.0,68.99999999999999,3.0,81.0,5.376889533052842,5.262589078396559,7.954826163128018,2.877750949934125,9.3883809838444,3.7744969331141975,3.5405800472944975,8.442770125716923,0.3879789151251316,10.554447719827294,0.010340700464116202,0.01032327301800251,0.010475962236523627,0.01017315499484539,0.010575281456112862,9.213649428346091,8.643441243097186,16.537407040968535,3.4003001768141985,20.006362156942487,362826752.0,362826752.0,362826752.0,362826752.0,362826752.0,0.0328271608570561,0.032320694299414754,0.03683763689228466,0.031791109358891845,0.037466308900288174
bnci2014_004,cardinal_fbc_physical,45,13807.0,13807.0,13807.0,13807.0,13807.0,32.53333333333333,26.0,70.6,1.0,120.0,33.53333333333333,27.0,71.6,2.0,121.0,6.547390833083126,5.815831288695335,11.044819919764993,3.450994173064828,14.31680092588067,4.902451061209043,3.855232937261462,10.809223480150102,0.3067260291427374,17.874934181571007,0.010975279948777623,0.010891927406191826,0.011129673942923546,0.010801507160067558,0.012675587087869644,11.511148108293613,9.615613603964448,21.119608932733534,3.8211540710181,32.238416535779834,362817024.0,362817024.0,362817024.0,362817024.0,362817024.0,0.034850472935460626,0.03405286115594208,0.039156482421926084,0.03377278917469084,0.04362090756850583
bnci2014_004,cardinal_fbc_physical_extended,45,18607.0,18607.0,18607.0,18607.0,18607.0,34.266666666666666,31.0,79.8,1.0,120.0,35.266666666666666,32.0,80.8,2.0,121.0,6.8298142602460254,6.559904258698225,10.925597940385341,3.396827571094036,14.30578245036304,5.256357657495472,4.671334629878402,12.160412633419037,0.287300780415535,18.02945307828486,0.010906009665793843,0.01089608296751976,0.011062674969434739,0.01073865219950676,0.01122673787176609,12.146881524804567,11.317511642351747,23.67934818342328,3.7482162080705166,32.381997879594564,362859008.0,362859008.0,362859008.0,362859008.0,362859008.0,0.03461894619884708,0.034115411108359694,0.0386015245957034,0.033558288123458624,0.038969257314290316
bnci2014_004,cardinal_fbms,45,11441.0,11441.0,11441.0,11441.0,11441.0,34.08888888888889,34.0,64.39999999999999,1.0,91.0,35.08888888888889,35.0,65.39999999999999,2.0,92.0,4.142258838936686,4.183829443529248,6.500997532531618,2.039803272113204,7.101592049002647,3.0943776971764034,3.007729835808277,5.8776731424033635,0.18004036135971546,7.96634703502059,0.009360643352071445,0.009374743327498436,0.009474832192063331,0.009102767333388329,0.009522192180156708,7.296951370934646,7.562310619279742,12.441375001892448,2.2816392835229635,15.129839282482862,395826107.73333335,395824128.0,395847884.8,395824128.0,395853824.0,0.029705613980897598,0.02933958894573152,0.03257506527006626,0.029062508838251233,0.03289439981537206
bnci2014_004,cardinal_fbms_extended,45,14321.0,14321.0,14321.0,14321.0,14321.0,35.06666666666667,35.0,68.19999999999999,1.0,95.0,36.06666666666667,36.0,69.19999999999999,2.0,96.0,4.164830582092206,4.2111713998019695,6.148830404132604,2.028668750077486,7.354921938851476,3.137997638930877,3.175891377031803,5.934344612061977,0.18009811453521252,8.3649085983634,0.009351142164733674,0.009354105219244957,0.009488676860928535,0.009071558713912964,0.009586114436388016,7.36234835539427,7.753861488774419,11.849123203754424,2.2527521196752787,15.780523788183928,395887616.0,395887616.0,395945984.0,395848704.0,395945984.0,0.029674650720571953,0.029300333699211478,0.03253146872988769,0.028885144274681807,0.03287190172289099
bnci2014_004,cardinal_mix,45,11153.0,11153.0,11153.0,11153.0,11153.0,25.11111111111111,23.0,49.599999999999994,1.0,59.0,26.11111111111111,24.0,50.599999999999994,2.0,60.0,3.3706674461563426,3.4290704037994146,4.6538771010935305,1.916005291044712,4.86941790021956,2.1438043855544593,1.9486469961702824,4.052717330679297,0.1561131775379181,4.985614906996489,0.008902190004785855,0.008911378681659698,0.009036437049508095,0.008651494979858398,0.009085208177566528,5.570908981230524,5.550101203843951,8.689006070792674,2.1153924483805895,9.916268188506365,395821056.0,395821056.0,395821056.0,395821056.0,395821056.0,0.02824995727721779,0.027899967972189188,0.03100017617855753,0.027693109586834908,0.031108641996979713
bnci2014_004,cardinal_mix_drop,45,11153.0,11153.0,11153.0,11153.0,11153.0,29.533333333333335,26.0,62.999999999999986,2.0,71.0,30.533333333333335,27.0,63.999999999999986,3.0,72.0,3.4558242795781955,3.376158308237791,5.37717366181314,2.0283816177397966,5.465289095416665,2.383955942425463,1.9782799035310745,5.023465860635041,0.24204080365598202,5.540306314826012,0.00889855966799789,0.008906438946723938,0.00901707001030445,0.008689090609550476,0.009042918682098389,5.90121310469177,5.3946887049824,10.296443818882107,2.332394467666745,10.958525957539678,395821056.0,395821056.0,395821056.0,395821056.0,395821056.0,0.028239994768112422,0.027843989664688706,0.031097701617649624,0.027664087247103453,0.03116607799061707
bnci2014_004,ctnet,45,149702.0,149702.0,149702.0,149702.0,149702.0,69.5111111111111,63.0,143.59999999999997,1.0,154.0,70.5111111111111,64.0,144.59999999999997,2.0,155.0,17.272634028560585,16.57720156572759,27.810318867489695,5.685762271285057,29.476851308718324,17.562133318020237,15.592108860611916,36.19993531182408,0.4890023600310087,38.339227840304375,0.01902710244887405,0.018940845504403114,0.019192804023623465,0.018860816955566406,0.02100103534758091,34.9129961816801,32.419271156191826,64.01526210457085,6.256716672331095,67.89874631166458,108693788.44444445,108679168.0,108810752.0,108679168.0,108810752.0,0.06041192883876935,0.059236795641481876,0.06753134009029184,0.05894005298614502,0.07269568741321564
bnci2014_004,ctnet_compact,45,26090.0,26090.0,26090.0,26090.0,26090.0,116.66666666666667,115.0,195.39999999999998,1.0,198.0,117.66666666666667,116.0,196.39999999999998,2.0,199.0,19.844167768044603,22.895468093454838,30.342758544161907,4.6438330840319395,31.263464430347085,24.364382578101424,24.090138375759125,40.953925060108304,0.4024718124419451,41.180966978892684,0.014882063782877392,0.014794263988733292,0.015041566640138625,0.014659687876701355,0.0166851207613945,44.28221098300484,47.580096101388335,68.01733916699887,5.140698524191976,72.45199403725564,85153450.66666667,85118976.0,85273600.0,85118976.0,85273600.0,0.04725398567859971,0.04626025911420584,0.052986095792480876,0.045870651956647635,0.05780201006148543
bnci2014_004,deep4,45,134427.0,134427.0,134427.0,134427.0,134427.0,61.24444444444445,60.0,135.6,0.0,167.0,62.24444444444445,61.0,136.6,1.0,168.0,3.9146909401234655,4.172623075544834,6.870185013860463,1.1807841509580612,7.603227235376835,3.93281921595335,3.851854206994176,8.564864161983133,0.054211800917983055,10.594090947881341,0.0022023755229181713,0.0020705945789813995,0.002110471948981285,0.002019384875893593,0.006537264212965965,7.895554149109456,7.821106247603893,15.05131608992815,1.2863374166190624,18.247382525354624,89384106.66666667,89349632.0,89504256.0,89349632.0,89504256.0,0.007028621362729205,0.00647958368062973,0.007346940359898976,0.006310577737167478,0.02334737218916416
bnci2014_004,eegconformer,45,482146.0,482146.0,482146.0,482146.0,482146.0,30.644444444444446,29.0,66.19999999999999,1.0,85.0,31.644444444444446,30.0,67.19999999999999,2.0,86.0,9.13393243857556,8.611968846991658,13.577480965107679,4.779407452791929,18.752235367894173,6.58208187284569,6.277608351781964,13.967567611858245,0.42576340213418007,17.979904793202877,0.015280670300126076,0.015172600746154785,0.015352700650691987,0.01502666249871254,0.017980296164751053,15.797009582403634,14.732592487707734,27.09249332547187,5.29049888253212,36.81920678727329,144611612.44444445,144668160.0,144745984.0,144085504.0,144745984.0,0.04853382621640488,0.0474254775326699,0.05435798317193985,0.046958320308476686,0.06421534344553947
bnci2014_004,eegconformer_compact,45,442706.0,442706.0,442706.0,442706.0,442706.0,31.42222222222222,31.0,77.8,0.0,80.0,32.422222222222224,32.0,78.8,1.0,81.0,8.132773880908887,7.6363048031926155,13.148549128696322,4.471520287916064,13.589417781680822,5.453468859982159,5.858965028077364,12.333206688612698,0.20457388274371624,12.530671037733555,0.010894982309805023,0.01087215356528759,0.011049234122037888,0.010762384161353111,0.011101868003606796,13.656423434656528,13.871219754219055,25.254758297279476,4.830529309809208,26.061679573729634,133358762.66666667,133889536.0,134044160.0,131769856.0,134044160.0,0.03458321763439075,0.03404050366953015,0.038607148453593254,0.033825309947133064,0.03881781095904963
bnci2014_004,eegnet,45,1474.0,1474.0,1474.0,1474.0,1474.0,90.84444444444445,114.0,197.8,0.0,199.0,91.84444444444445,115.0,198.8,1.0,200.0,4.150763602927327,4.994527019560337,6.724863766133785,1.0993956178426743,7.666727475821972,4.903237366510762,6.052806133404374,10.551644577085971,0.04370206035673618,10.63973305746913,0.0014649957004520629,0.0013923179358243942,0.0014664415270090102,0.0013600271195173264,0.003287592902779579,9.096275554514593,10.87758281454444,17.122785775735974,1.186476880684495,18.136687994003296,83896274.48888889,83896320.0,83898368.0,83894272.0,83899392.0,0.004665301872476462,0.004365900531411171,0.004927563880171094,0.004250084748491645,0.011741403224212783
bnci2014_004,eegsym,45,15520.0,15520.0,15520.0,15520.0,15520.0,54.28888888888889,26.0,166.8,1.0,197.0,55.28888888888889,27.0,167.8,2.0,198.0,9.808635292078058,6.429576167836785,21.98997331149876,3.8400813676416874,25.312297211959958,9.1594627202385,4.461828192695975,27.90289758220315,0.3366286437958479,33.31590439938009,0.009479456974400415,0.008832501247525215,0.009043204039335251,0.008787011727690697,0.023216955363750458,19.043937468445964,10.969870503991842,49.045529038086535,4.5978037398308516,58.70890204794705,166311424.0,166311424.0,166311424.0,166311424.0,166311424.0,0.03020225891045162,0.027627014787867665,0.03178355150989124,0.027459411649033427,0.08207541624350208
bnci2014_004,eegsym_wide,45,129140.0,129140.0,129140.0,129140.0,129140.0,83.08888888888889,69.0,198.0,0.0,199.0,84.08888888888889,70.0,199.0,1.0,200.0,13.01944822958774,12.133287824690342,25.604336198046802,3.27618495747447,26.102092415094376,13.733057470164365,11.47951016947627,33.104112301394345,0.17019079253077507,33.545881886035204,0.015256310212943288,0.014702985063195229,0.014922895282506942,0.014567283913493156,0.029538026079535484,26.8375699541635,22.7982970289886,58.64283068701625,3.8836927004158497,59.39697657339275,355955200.0,355955200.0,355955200.0,355955200.0,355955200.0,0.04855533348514684,0.04594967467710376,0.053225671872496605,0.045522762229666114,0.1054929502840553
bnci2014_004,eegtcnet,45,3726.0,3726.0,3726.0,3726.0,3726.0,111.22222222222223,134.0,192.8,0.0,198.0,112.22222222222223,135.0,193.8,1.0,199.0,32.84548492986295,41.841560151427984,52.389046628028154,8.058259880170226,52.573084684088826,36.82795336349971,45.03343053534627,62.937257731705905,0.309368371963501,64.09367634728551,0.0683478290008174,0.06905775144696236,0.06981682814657689,0.06018311157822609,0.0736086517572403,69.78353478415973,86.97364380955696,113.43182304315269,8.48451971448958,114.38954270631075,83883599.64444445,83883008.0,83887104.0,83880960.0,83889152.0,0.21664281556796697,0.21598695893771946,0.21973873821220227,0.21305307163856924,0.23335730656981468
bnci2014_004,fbcnet,45,4034.0,4034.0,4034.0,4034.0,4034.0,32.77777777777778,32.0,64.8,2.0,71.0,33.77777777777778,33.0,65.8,3.0,72.0,3.047701505654388,2.989325810223818,4.64925585091114,1.5852901842445135,5.056880049407482,2.220349477397071,2.175339814275503,4.442724306508898,0.18408464267849922,4.687211466953158,0.00803805784218841,0.007597504183650017,0.007811170443892478,0.00731416791677475,0.01871327869594097,5.32099955851833,5.29868121445179,9.142903130128978,1.8309397120028734,9.492496743798256,266056590.2222222,266036224.0,266137804.8,265995264.0,266143744.0,0.025576300039473508,0.023777264868840575,0.026206120050379207,0.02362420200370252,0.059988356328436306
bnci2014_004,fbmsnet,45,6257.0,6257.0,6257.0,6257.0,6257.0,35.06666666666667,36.0,67.39999999999999,1.0,83.0,36.06666666666667,37.0,68.39999999999999,2.0,84.0,3.5372510243621136,3.603877643123269,5.48207088150084,1.7000780832022429,5.614316016435623,2.6512742969724865,2.6924871876835823,4.93294326364994,0.1521583329886198,6.062037343159318,0.008516515501671366,0.008463455364108086,0.008567655831575394,0.008030503988265991,0.011105678975582123,6.245045001225339,6.607246186584234,10.47025000937283,1.909845482558012,11.738549323752522,292327094.04444444,292329984.0,292332032.0,292300288.0,292361728.0,0.027034558126673335,0.02649404341354966,0.02887272941214698,0.025840947637334466,0.03625477131988321
bnci2014_004,free_cardinal,45,6691.0,6691.0,6691.0,6691.0,6691.0,27.622222222222224,24.0,57.39999999999999,3.0,79.0,28.622222222222224,25.0,58.39999999999999,4.0,80.0,3.2366540449774925,3.099327640607953,5.031276386231182,1.8358367457985878,6.472236743196845,2.2194790694862605,1.908630684018135,4.5723708916455506,0.3020410593599081,6.089471135288477,0.006105094816949632,0.0061576105654239655,0.006204216927289963,0.005581280216574669,0.006273722276091576,5.499167011388474,4.9097520019859076,9.518069159612057,2.1660233214497566,12.607892638072371,571469824.0,571469824.0,571469824.0,571469824.0,571469824.0,0.01935693413196575,0.019258912652730942,0.02005926998598235,0.019154715118929744,0.0201843013720853
bnci2014_004,free_scope,45,39589.0,39589.0,39589.0,39589.0,39589.0,16.91111111111111,6.0,45.599999999999994,1.0,138.0,17.91111111111111,7.0,46.599999999999994,2.0,139.0,5.095917821427187,3.9217575136572123,8.028086734190582,2.7719079591333866,17.826746923848987,2.7199016814844477,1.110065545886755,8.073985105007884,0.29945673048496246,20.72530523315072,0.008873333326644368,0.008227713406085968,0.013006308302283286,0.008140986785292625,0.013387463986873627,7.866940321690507,5.10992494598031,15.69536809362471,3.1624363604933023,38.59603626281023,176827904.0,176827904.0,176827904.0,176827904.0,176827904.0,0.028135017251654983,0.025765644386410713,0.04064471344463527,0.025522359646856785,0.04183582495898008
bnci2014_004,scope,45,39589.0,39589.0,39589.0,39589.0,39589.0,13.4,6.0,50.199999999999974,0.0,74.0,14.4,7.0,51.199999999999974,1.0,75.0,5.139037370805939,4.251939447596669,9.18389858268201,2.858862990513444,14.055726569145918,2.2630164821114804,0.9234744850546122,9.10458764918148,0.12195435166358948,11.956012612208724,0.01049609635439184,0.010450981557369232,0.010571112111210822,0.010289564728736877,0.011950137093663216,7.455690549810727,5.364369122311473,18.34533524140715,3.035339143127203,26.051295856013894,176827904.0,176827904.0,176827904.0,176827904.0,176827904.0,0.03332906585585858,0.03268840373493731,0.036904926278761456,0.032402510987594724,0.0426790610487972
bnci2014_004,shallow,45,8162.0,8162.0,8162.0,8162.0,8162.0,21.355555555555554,21.0,40.599999999999994,0.0,83.0,22.355555555555554,22.0,41.599999999999994,1.0,84.0,1.8489261468665468,1.7820174228399992,2.4090151004493237,1.1072604302316904,3.6235905289649963,1.151608820590708,1.1086392924189568,2.1028660140931605,0.04663074016571045,4.215980811044574,0.002032964552442233,0.001957397907972336,0.0020354170352220534,0.0019094012677669525,0.00402776338160038,3.0396594321976105,2.917104247957468,4.510559167340397,1.2026636134833097,7.881601436063647,98548394.66666667,98547712.0,98552832.0,98547712.0,98552832.0,0.006463069132425719,0.006123451748862863,0.00691513397863933,0.00600414932705462,0.012586760567501187
bnci2014_004,tcformer,45,72212.0,72212.0,72212.0,72212.0,72212.0,51.733333333333334,56.0,117.79999999999998,0.0,136.0,52.733333333333334,57.0,118.79999999999998,1.0,137.0,104.87163840536442,109.22200645133853,182.11455101594325,41.604222962632775,197.7526757530868,80.903554455729,88.84182338789105,184.7216225598007,1.5021790638566017,204.64412832446396,0.5089585900720622,0.5157107319682837,0.5215399835258723,0.45212990790605545,0.5235042162239552,186.34071951164967,198.63353232480586,367.4575787909328,43.62557961605489,402.9634325262159,383292928.0,383292928.0,383292928.0,383292928.0,383292928.0,1.6130597260965418,1.6150217037647963,1.633090971071007,1.5879219572525471,1.642066313486014
cho2017,atcnet,1300,104682.0,104682.0,104682.0,104682.0,104682.0,61.08,43.0,183.0,0.0,199.0,62.08,44.0,184.0,1.0,200.0,79.22467488868878,65.49287092033774,165.24250812698156,28.92174576036632,203.25293092243373,58.6343456014561,41.34816862363368,172.7060204973444,0.9175028372555971,207.54709800705314,0.12849844529508397,0.12738499697297812,0.14801735049113632,0.12411811202764511,0.15384870767593384,138.08393621964237,106.84354367852211,338.67985610160974,30.072273064404726,411.05696342512965,160802539.52,160749568.0,161580032.0,160708608.0,161682432.0,3.1763613510650033,3.179649659432471,3.2258995110169053,3.057956579141319,3.298899857327342
cho2017,atcnet_aggressive_pool,1300,104682.0,104682.0,104682.0,104682.0,104682.0,54.863846153846154,27.5,181.0,0.0,199.0,55.863846153846154,28.5,182.0,1.0,200.0,74.06278941302918,52.892381276004016,164.91603518910705,28.985863618552685,202.70605117455125,52.74090311806219,26.7934343945235,170.97454336211084,0.9184822048991919,217.33260518312454,0.12782540940034848,0.12679604161530733,0.14734341884031893,0.12402685545384884,0.15299629047513008,127.03046910826117,79.50466355122626,335.722266127076,30.126269491389394,417.96147269383073,160804335.45846155,160759808.0,161580544.0,160708608.0,161672192.0,3.159733273345643,3.160248533822596,3.222371321171522,3.062145668081939,3.249054169282317
cho2017,cardinal,1300,15907.0,15907.0,15907.0,15907.0,15907.0,41.41230769230769,35.0,109.0,1.0,198.0,42.41230769230769,36.0,110.0,2.0,199.0,2.111981531434621,1.9049649760127068,3.9653055617585777,0.9325831271708012,7.595576284453273,1.54468732726402,1.296790194697678,4.022005022875964,0.0653331819921732,7.261663615703583,0.002193838001157229,0.002188841812312603,0.0022770569659769533,0.0021178368479013443,0.003712279722094536,3.7156091769799016,3.251459503546357,8.037107064761221,1.0648142714053392,14.259537378326058,312420371.6923077,312370688.0,313231872.0,312370688.0,313231872.0,0.05429315451795282,0.054632616229355335,0.0554822594858706,0.04679205206533273,0.0928069930523634
cho2017,cardinal_dynamics,1300,24418.0,24418.0,24418.0,24418.0,24418.0,38.30692307692308,31.0,102.04999999999995,0.0,198.0,39.30692307692308,32.0,103.04999999999995,1.0,199.0,1.7068873819049735,1.5347769390791655,3.231414768565446,0.664166608825326,6.370876280590892,1.1992302530316206,0.9939815485849977,3.1186795203946525,0.020996470004320145,6.439652495086193,0.0017214811421357669,0.0017216578125953674,0.0017483113333582878,0.0016708746552467346,0.0018215794116258621,2.9664427800734456,2.6121028708294034,6.3961816770955915,0.7549244035035372,12.882045267149806,190746190.76923078,190696448.0,191558656.0,190696448.0,191558656.0,0.042619082115542814,0.04298563580960035,0.04361706553027034,0.03544221787403027,0.04553948529064655
cho2017,cardinal_dynamics_compact,1300,14186.0,14186.0,14186.0,14186.0,14186.0,41.22923076923077,35.5,106.04999999999995,0.0,194.0,42.22923076923077,36.5,107.04999999999995,1.0,195.0,1.7743053938505742,1.6387989344075322,3.284152034856379,0.6498658582568169,6.260724488645792,1.2926295438107962,1.111551976762712,3.250193479843437,0.02150575816631317,6.222267081961036,0.0017235139270241444,0.0017234347760677338,0.0017497310414910316,0.0016760732978582382,0.0018544979393482208,3.1270870170871228,2.822470578365028,6.706915443297475,0.7413937468081713,12.552022725343704,160209486.76923078,160159744.0,161021952.0,160159744.0,161021952.0,0.042668954887164705,0.0430345069617033,0.0436354405246675,0.035479431971907616,0.04636244848370552
cho2017,cardinal_dynamics_extended,1300,34658.0,34658.0,34658.0,34658.0,34658.0,35.76,29.0,96.0,0.0,177.0,36.76,30.0,97.0,1.0,178.0,1.675205781360945,1.5184296518564224,3.247187519725411,0.6820238716900349,6.2787960190325975,1.1431101980160636,0.940197772346437,3.0386955391615618,0.02594831958413124,5.498288555070758,0.001721277189655946,0.0017217481508851051,0.0017468404956161975,0.001676071435213089,0.001768277958035469,2.878908136114478,2.537787209264934,6.3957838007248915,0.7777603976428509,11.648480305448174,190915150.76923078,190865408.0,191727616.0,190865408.0,191727616.0,0.042614406918008364,0.04299546126276255,0.043582592625170946,0.03558405054112276,0.04418967291712761
cho2017,cardinal_dynamics_sinc,1300,9683.0,9683.0,9683.0,9683.0,9683.0,46.54538461538461,41.0,122.04999999999995,0.0,198.0,47.54538461538461,42.0,123.04999999999995,1.0,199.0,2.424146493035727,2.221570298075676,4.8314531856216485,0.8062126468867064,8.005343906581402,1.8684968675157199,1.6447883183136582,4.820259738247841,0.02660692296922207,7.887564176693559,0.0022054616261560182,0.00220570620149374,0.002237552497535944,0.002142859622836113,0.0022783447057008743,4.353272271722268,3.9192573707550764,9.61412300225347,0.9043648466467857,15.722507821395993,140639310.76923078,140589568.0,141451776.0,140589568.0,141451776.0,0.054602442100309796,0.055100698955357075,0.05584850441664457,0.045361967446903385,0.05695861764252186
cho2017,cardinal_dynamics_sinc_extended,1300,13523.0,13523.0,13523.0,13523.0,13523.0,44.51846153846154,39.0,115.0,0.0,185.0,45.51846153846154,40.0,116.0,1.0,186.0,2.349780964063337,2.1802663933485746,4.4935035213828085,0.8131024930626154,8.240657236427069,1.7758952886940769,1.558209572918713,4.490140668395906,0.027411451563239098,7.303607841953635,0.002206099019027673,0.0022066449746489525,0.0022378685884177686,0.0021456126123666763,0.002277292311191559,4.185693090549456,3.807554486207664,9.01172258192673,0.9107790142297745,15.109390638768673,140705870.76923078,140656128.0,141518336.0,140656128.0,141518336.0,0.05461835249876365,0.05511152558028698,0.05584534490481019,0.04535374076416095,0.05693230777978897
cho2017,cardinal_dynamics_sinc_residual,1300,9931.0,9931.0,9931.0,9931.0,9931.0,45.76076923076923,40.0,122.04999999999995,0.0,199.0,46.76076923076923,41.0,123.04999999999995,1.0,200.0,3.535082437206919,3.1956205731257796,7.080007217638193,1.118989259004593,12.42517276480794,3.058804370260869,2.389383504167199,8.37816622974351,0.03875131905078888,14.867065386846662,0.004080886442500812,0.003162093460559845,0.005791934113949538,0.003047799691557884,0.005844041705131531,6.657558268871732,5.658736018463969,15.399330835323779,1.2299885097891092,24.26314172707498,218486862.76923078,218437120.0,219299328.0,218437120.0,219299328.0,0.10122225419259988,0.07897063624113798,0.14474258990958333,0.06349582690745592,0.14610104262828827
cho2017,cardinal_fbc,1300,9218.0,9218.0,9218.0,9218.0,9218.0,59.050769230769234,55.0,136.04999999999995,0.0,199.0,60.050769230769234,56.0,137.04999999999995,1.0,200.0,2.665393562812645,2.5516152512282133,4.874966165795922,0.9420059882104397,7.524107178673148,2.087678118717785,1.93848514277488,4.78400235241279,0.02973232790827751,7.369611870497465,0.003476611364346284,0.003476138226687908,0.003535374626517296,0.0033813416957855225,0.0037480704486370087,4.822013348074487,4.552277953363955,9.729509010724723,1.0638570953160524,14.955632135272026,207772647.58153847,207700992.0,208562176.0,207700992.0,208659456.0,0.0860654512205376,0.08680492173880339,0.08810061262920499,0.0717476165543,0.09370176121592522
cho2017,cardinal_fbc_compactdyn,1300,23402.0,23402.0,23402.0,23402.0,23402.0,45.973076923076924,42.0,109.04999999999995,0.0,184.0,46.973076923076924,43.0,110.04999999999995,1.0,185.0,3.1758847414845457,2.9968124153092504,5.743279402051121,1.2760362066328526,9.639684718102217,2.2785825383548555,2.0783636644482613,5.357940058503299,0.043494220823049545,8.8503153976053,0.004804149996489287,0.004800636321306229,0.004873062204569578,0.004700047895312309,0.005179231986403465,5.529353407950929,5.149925826117396,11.174766073934734,1.4340972676873207,17.27106606028974,247684976.64,247643136.0,248388608.0,247526400.0,248388608.0,0.11894854272787388,0.11989099439233541,0.12181985192000866,0.09850917073587577,0.12948079966008663
cho2017,cardinal_fbc_compactdyn_extended,1300,32042.0,32042.0,32042.0,32042.0,32042.0,44.488461538461536,41.0,105.0,0.0,185.0,45.488461538461536,42.0,106.0,1.0,186.0,3.1149231943115594,2.94642788823694,5.652608383074401,1.2258308231830597,8.375049110502005,2.2042486755578565,2.0191702973097563,5.120583846233784,0.04343264736235142,9.045152904465795,0.004790515713393688,0.004786083474755287,0.004854009859263897,0.004715127870440483,0.004957718774676323,5.394341570647577,5.061247376725078,10.906749141495673,1.355042576789856,16.87546730786562,247796752.54153845,247752192.0,248536064.0,247673856.0,248536064.0,0.1186124211511551,0.11959567200392485,0.12132824631407857,0.09845752113809188,0.12394296936690807
cho2017,cardinal_fbc_compactdyn_scale010,1300,23402.0,23402.0,23402.0,23402.0,23402.0,58.56230769230769,54.0,134.04999999999995,0.0,199.0,59.56230769230769,55.0,135.04999999999995,1.0,200.0,3.6344298215740576,3.485723135061562,6.588536900468171,1.2157449927181005,10.492445640265942,2.8668064100524555,2.672922055236995,6.47924206461757,0.043361807242035866,10.184303894639015,0.004788410205107469,0.004783265292644501,0.004854269791394472,0.00471106730401516,0.005173811689019203,6.57635680592404,6.239147895015776,13.131680154427885,1.3437610678374767,20.762378400191665,247685425.62461537,247643136.0,248388608.0,247526400.0,248388608.0,0.11855977466807535,0.11951541528105736,0.12132384115830064,0.09814746833095948,0.12934529222548008
cho2017,cardinal_fbc_compactdyn_scale010_extended,1300,32042.0,32042.0,32042.0,32042.0,32042.0,58.51769230769231,54.0,135.04999999999995,0.0,199.0,59.51769230769231,55.0,136.04999999999995,1.0,200.0,3.6436590692515556,3.482315414585173,6.671717936731874,1.2074383106082678,10.451496720314026,2.873305615606503,2.671951743774116,6.686069939471781,0.04371194541454315,10.102742174640298,0.004786019796648851,0.004782315343618393,0.004848074540495873,0.0047179944813251495,0.004952052608132362,6.592517851860477,6.257222719490528,13.416665374860168,1.335506385192275,20.55750822275877,247796933.31692308,247752192.0,248536064.0,247673856.0,248536064.0,0.11850158436199984,0.11951506603509188,0.12120186351239681,0.09869174876560767,0.12380131520330906
cho2017,cardinal_fbc_compactdyn_scale025,1300,23402.0,23402.0,23402.0,23402.0,23402.0,57.97615384615385,55.0,128.0,0.0,199.0,58.97615384615385,56.0,129.0,1.0,200.0,3.6402067814366177,3.5054067578166723,6.519595119450241,1.2661891523748636,10.502781940624118,2.858062794452103,2.7135907504707575,6.292237839754669,0.043509891256690025,9.770533980801702,0.0048046858966923674,0.004801708273589611,0.004870265536010265,0.004697620868682861,0.00519905798137188,6.572880977872186,6.309722356498241,12.733599480614066,1.3989838510751724,19.197929633781314,247685425.62461537,247643136.0,248388608.0,247526400.0,248388608.0,0.11896439249484012,0.11995714157819748,0.12174103409051895,0.09853218216449022,0.129976449534297
cho2017,cardinal_fbc_compactdyn_scale025_extended,1300,32042.0,32042.0,32042.0,32042.0,32042.0,57.26307692307692,54.0,125.0,0.0,187.0,58.26307692307692,55.0,126.0,1.0,188.0,3.6169335993150105,3.4691516775637865,6.349452196527269,1.2857983987778425,10.306642463430762,2.826244263068701,2.675335663370788,6.108596413116902,0.04415087588131428,9.039435021579266,0.00480830768123269,0.004802921786904335,0.004874955117702484,0.004706814885139465,0.00530489906668663,6.517672836074175,6.229077845811844,12.39644623706117,1.418650845065713,18.90512491762638,247796993.57538462,247752192.0,248536064.0,247673856.0,248536064.0,0.119054153161601,0.11999555863440037,0.12186264153569937,0.09837610802302758,0.13262247666716576
cho2017,cardinal_fbc_corr,1300,12026.0,12026.0,12026.0,12026.0,12026.0,58.08846153846154,54.0,136.0,0.0,199.0,59.08846153846154,55.0,137.0,1.0,200.0,3.5739871263117173,3.4461507676169276,6.5070427273400115,1.233088593930006,10.209589432924986,2.825887504095355,2.6533822268247604,6.504126621503382,0.04359513893723488,9.583951950073242,0.004026938580836241,0.004023845307528973,0.004104986414313316,0.003909392282366753,0.004342878237366676,6.471803046549455,6.175238113850355,13.101454755477606,1.3588935900479555,19.364295054227114,231404982.74461538,231354880.0,232216064.0,231354880.0,232216064.0,0.09969791839233577,0.10050223208963871,0.1025401963852346,0.08297602956493695,0.10857195593416691
cho2017,cardinal_fbc_corr_extended,1300,14906.0,14906.0,14906.0,14906.0,14906.0,57.00153846153846,54.0,130.0,0.0,199.0,58.00153846153846,55.0,131.0,1.0,200.0,3.518640739012223,3.3742272136732936,6.436156792007386,1.264878660440445,9.11753387376666,2.765890991144742,2.636970297433436,6.235232674609869,0.043045517057180405,9.491060530766845,0.00400644084581962,0.004003352485597134,0.0040645809844136235,0.003919215872883797,0.004924563691020012,6.355098511684113,6.074543287977576,12.582416706718504,1.429284831508994,18.694300612434745,231454739.69230768,231405056.0,232266240.0,231405056.0,232266240.0,0.09919623397768307,0.09998711757361889,0.10155337629839778,0.08228491060435772,0.1231140922755003
cho2017,cardinal_fbc_extended,1300,12098.0,12098.0,12098.0,12098.0,12098.0,59.43846153846154,55.0,138.0,0.0,199.0,60.43846153846154,56.0,139.0,1.0,200.0,2.6782521026051387,2.566501914523542,4.918363546114414,0.9173368830233812,7.562256511300802,2.1035770418666875,1.9429749753326178,4.861233249027282,0.029939912259578705,7.450659045949578,0.0034770276268514303,0.0034744562581181526,0.0035409999080002305,0.003386024385690689,0.003627479076385498,4.850032181566438,4.619236748665571,9.82448486732319,1.0116021167486906,15.092517571523786,207819664.1476923,207751168.0,208612352.0,207751168.0,208729088.0,0.08607506966934754,0.0867343507707119,0.0882593379355967,0.07210078183561563,0.09061233140528202
cho2017,cardinal_fbc_micro,1300,11122.0,11122.0,11122.0,11122.0,11122.0,60.71230769230769,58.5,139.0,0.0,199.0,61.71230769230769,59.5,140.0,1.0,200.0,4.218568543625565,4.088289167732,7.651640273537486,1.3991035521030426,11.090449668467045,3.411742733138112,3.2719976473599672,7.754440690297632,0.05043633654713631,11.233738774433732,0.005025420077145099,0.00502285361289978,0.005096100177615881,0.004861723631620407,0.005178239196538925,7.704542856157686,7.438448335044086,15.50306971631944,1.6087910383939743,21.023283591493964,207808531.69230768,207758848.0,208620032.0,207758848.0,208620032.0,0.12442694304104991,0.12545669451355934,0.12736744713038206,0.10128590899209182,0.12945597991347313
cho2017,cardinal_fbc_micro_extended,1300,14642.0,14642.0,14642.0,14642.0,14642.0,60.573846153846155,58.0,139.0,0.0,199.0,61.573846153846155,59.0,140.0,1.0,200.0,4.213233056697422,4.108260847628117,7.638941424712538,1.374874109402299,12.111255576834083,3.412034069123463,3.306028502061963,7.71660284018144,0.05035189539194107,11.596777696162462,0.005014787747596319,0.005006900057196617,0.005089219380170107,0.00490780733525753,0.006060728803277016,7.699957519470212,7.496417682617903,15.415457095205781,1.553119296208024,23.792669601738453,207875603.69230768,207825920.0,208687104.0,207825920.0,208687104.0,0.12416001797940296,0.12506719212979078,0.12717173667624593,0.103318365290761,0.1515182200819254
cho2017,cardinal_fbc_physical,1300,13807.0,13807.0,13807.0,13807.0,13807.0,59.19384615384615,57.0,130.0,0.0,199.0,60.19384615384615,58.0,131.0,1.0,200.0,4.683031242741988,4.567469613626599,8.445181838143617,1.4859249908477068,13.654998522251844,3.7872199689697186,3.6782871736213565,8.242048210278151,0.057600442320108414,13.040295055136085,0.005464044213294983,0.0054591260850429535,0.005542711820453405,0.005335163325071335,0.005675222724676132,8.54449495194623,8.300918239168823,16.61755385687574,1.6710107009857893,26.706491857767105,207863827.69230768,207814144.0,208675328.0,207814144.0,208675328.0,0.13528345331836206,0.13629442546516657,0.13850148068740964,0.1122944134597977,0.1418805681169033
cho2017,cardinal_fbc_physical_extended,1300,18607.0,18607.0,18607.0,18607.0,18607.0,58.37230769230769,55.0,132.0,0.0,199.0,59.37230769230769,56.0,133.0,1.0,200.0,4.630670263027915,4.445175572298467,8.588545362558214,1.4660780038684607,13.385610040277243,3.7193679512306477,3.5136331878602505,8.35466478113085,0.046313609927892685,12.546636776998639,0.005463552098148144,0.005457592196762562,0.005541703850030899,0.005366552621126175,0.005657261237502098,8.425125300918634,8.018883013166487,17.19742032457143,1.5852564368396997,25.344516161829233,207956499.69230768,207906816.0,208768000.0,207906816.0,208768000.0,0.13527202599037152,0.13635188806802034,0.1384689100086689,0.11281195717553298,0.14143153093755245
cho2017,cardinal_fbms,1300,11441.0,11441.0,11441.0,11441.0,11441.0,53.356153846153845,49.0,124.04999999999995,0.0,199.0,54.356153846153845,50.0,125.04999999999995,1.0,200.0,3.1444976794748354,2.966476800851524,5.8100815323181445,1.1962101180106401,8.287156051024795,2.373440753854811,2.175050100311637,5.464784396719185,0.03866788558661938,8.731576947495341,0.004087894776692757,0.004071059636771679,0.00436383206397295,0.004006044939160347,0.004482375457882881,5.59188700834719,5.215061578899622,11.324541750550269,1.3175771422684193,15.835739102214575,372992142.5723077,372931584.0,373774336.0,372912128.0,373891072.0,0.1011431770733534,0.10171378962695599,0.10252584936097264,0.09040635389586289,0.1046944409608841
cho2017,cardinal_fbms_extended,1300,14321.0,14321.0,14321.0,14321.0,14321.0,53.38307692307692,49.0,125.04999999999995,0.0,199.0,54.38307692307692,50.0,126.04999999999995,1.0,200.0,3.1410572498836196,2.9620088282972574,5.7820384582504625,1.133435171097517,7.7466986533254385,2.36980581076959,2.1511250166222453,5.429447706229983,0.038854144513607025,8.774637987837195,0.004087048162921117,0.004069696180522442,0.004362780041992665,0.004007827490568161,0.004422975704073906,5.585058951991109,5.219984667375684,11.318081442918626,1.2528809569776058,15.886723594740033,373049985.9692308,373001216.0,373824512.0,372962304.0,373921792.0,0.10112296117063706,0.1016710652038455,0.1024951203726232,0.09049727426220973,0.10488415136933327
cho2017,cardinal_mix,1300,11153.0,11153.0,11153.0,11153.0,11153.0,47.02384615384615,38.0,120.04999999999995,0.0,191.0,48.02384615384615,39.0,121.04999999999995,1.0,192.0,2.8241602467659574,2.4690935416147113,5.471717628557235,1.1242624931037426,8.929792016744614,2.0180268647091895,1.6156572215259075,5.074060203135012,0.040253445506095886,8.003779470920563,0.0040030745617472205,0.003986070863902569,0.00426586139947176,0.003906143829226494,0.004351155832409859,4.914817073209068,4.164140089415014,10.544628765247761,1.2283670864999294,16.53714115731418,374007886.7692308,373958144.0,374820352.0,373958144.0,374820352.0,0.09904686893479756,0.0995671609416604,0.10056129656732082,0.08811514514187972,0.10853721760213375
cho2017,cardinal_mix_drop,1300,11153.0,11153.0,11153.0,11153.0,11153.0,54.56076923076923,46.0,138.04999999999995,0.0,197.0,55.56076923076923,47.0,139.04999999999995,1.0,198.0,3.092335101628246,2.7942101238295436,6.0802250906825055,1.1456283852458,9.025746703147888,2.3474212941556023,1.9971783310174942,5.874849826376884,0.04850517399609089,8.37549977377057,0.004010894215450837,0.0039945365861058235,0.004274469427764415,0.003933120518922806,0.004370717331767082,5.511902103825258,4.8701249891892076,12.13175638858229,1.2533609960228205,16.946722507476807,374376526.7692308,374326784.0,375188992.0,374326784.0,375188992.0,0.0992398286381593,0.09976958390325308,0.10071164229884744,0.08867894454548757,0.104562658816576
cho2017,ctnet,1300,150422.0,150422.0,150422.0,150422.0,150422.0,65.22076923076924,46.0,186.0,0.0,199.0,66.22076923076924,47.0,187.0,1.0,200.0,8.396033434072653,6.823043277487159,16.857346849888565,2.8222309965640306,23.761061983183026,7.066635847987177,4.950719892047346,19.94231671206653,0.10102054290473461,21.758184980601072,0.010428589741484477,0.010420354083180428,0.010562227852642537,0.010218966752290726,0.011336255818605423,15.554296911330177,11.947255832143128,36.99187177270651,3.02070295996964,45.16607145965099,183183379.69230768,183133696.0,183994880.0,183133696.0,183994880.0,0.2582020460066791,0.2603649627417326,0.2638770896010101,0.21430081687867641,0.2834063954651356
cho2017,ctnet_compact,1300,26378.0,26378.0,26378.0,26378.0,26378.0,77.52461538461539,53.0,193.0,0.0,199.0,78.52461538461539,54.0,194.0,1.0,200.0,7.733694577718583,6.264562065713108,14.306057948060333,2.328496703878045,19.636551992967725,6.9403061299971665,4.75530169159174,17.127534206490964,0.08375775441527367,17.85137714073062,0.008368419980486997,0.008364293724298477,0.008477672562003135,0.008221760392189026,0.008587848395109177,14.76189289746233,11.02208854816854,31.452593564242125,2.492083717137575,37.27050466835499,119044913.23076923,118992896.0,119894528.0,118992896.0,119894528.0,0.2071996888396545,0.2090164925903082,0.2119344286620617,0.17183219703535238,0.21469620987772942
cho2017,deep4,1300,145677.0,145677.0,145677.0,145677.0,145677.0,28.372307692307693,7.0,140.0,0.0,199.0,29.372307692307693,8.0,141.0,1.0,200.0,1.2513193425177955,0.8537151012569666,3.444467413332312,0.5704234410077333,4.077700290828943,0.7796237248755419,0.20970753580331802,3.7108518439345057,0.018681855872273445,5.330091044306755,0.0012825539665153394,0.0012812428176403046,0.0013058491051197052,0.001251010224223137,0.001408945769071579,2.0979921018002696,1.13566536270082,7.2472593836486325,0.6481839809566736,9.458829848095775,94200339.6923077,94150656.0,95011840.0,94150656.0,95011840.0,0.03175152714650791,0.03199512138962746,0.032551707699894905,0.02635759301483631,0.035223644226789474
cho2017,eegconformer,1300,510946.0,510946.0,510946.0,510946.0,510946.0,21.726923076923075,13.0,73.0,0.0,142.0,22.726923076923075,14.0,74.0,1.0,143.0,5.403632479807219,4.605058442801237,10.283542921673504,2.6127699725329876,17.37616203725338,2.384977077699911,1.5302205989137292,7.329731168225407,0.09226145409047604,18.60587608255446,0.008170851887418673,0.008165180683135986,0.008288032095879316,0.008014777675271034,0.008414076641201973,7.885512349383475,6.262124846689403,17.664638802595434,2.8102368731051683,36.07808146625757,1851944289.6738462,1852017664.0,1852017664.0,1851179008.0,1852017664.0,0.2022996955634787,0.20397070329636335,0.20708806347101927,0.16775230566660562,0.21035191603004932
cho2017,eegconformer_compact,1300,471506.0,471506.0,471506.0,471506.0,471506.0,19.543846153846154,11.0,67.0,0.0,132.0,20.543846153846154,12.0,68.0,1.0,133.0,4.22264177058895,3.5643491577357054,8.120173076633364,2.0672297682613134,12.68394860625267,2.081877813810626,1.2157285148277879,6.626348290871824,0.07229931093752384,13.569288352504373,0.005849990788847208,0.005843553692102432,0.005935346521437168,0.005731973797082901,0.006382886320352554,6.390352890226417,4.853815272450447,14.800852847285569,2.2333965711295605,26.343348525464535,1850640222.523077,1850732544.0,1851163648.0,1849089024.0,1851163648.0,0.14483716085147208,0.1459418097510934,0.14829844934865832,0.12078046953926484,0.15957215800881386
cho2017,eegnet,1300,1762.0,1762.0,1762.0,1762.0,1762.0,93.30615384615385,69.0,199.0,0.0,199.0,94.30615384615385,70.0,200.0,1.0,200.0,2.1244087539942793,1.8515141056850553,3.6957947965711355,0.5405103340744972,4.940151443704963,2.2290553439480183,1.6496467478573322,4.777742919232696,0.016541332006454468,5.14807740226388,0.0009086417593061924,0.0009094299748539925,0.0009283788502216339,0.0008713081479072571,0.001410381868481636,4.414303390047012,3.563181175850332,8.48815937768668,0.627616235986352,10.136631729081273,118589224.17230769,118536192.0,119442432.0,118533120.0,119445504.0,0.0224958288972863,0.02269991673529148,0.023171217180788517,0.01854740548878908,0.0352595467120409
cho2017,eegsym,1300,21460.0,21460.0,21460.0,21460.0,21460.0,66.13461538461539,52.5,180.04999999999995,0.0,199.0,67.13461538461539,53.5,181.04999999999995,1.0,200.0,6.897005007655288,6.094154520891607,13.709639061801136,2.1018962766975164,14.740811636671424,5.734659510799325,4.585723887197673,15.502540018875152,0.07310634478926659,17.26204327866435,0.005134511031210423,0.0051121897995471954,0.00540178194642067,0.00501607172191143,0.0056140124797821045,12.724004102084212,10.793312540277839,29.382238835003225,2.2636430710554123,31.663151824846864,472195672.61538464,472011264.0,475207680.0,472011264.0,475207680.0,0.1270574743095308,0.12769559398293495,0.12964891735464334,0.11180539149791002,0.1403503119945526
cho2017,eegsym_wide,1300,177848.0,177848.0,177848.0,177848.0,177848.0,45.887692307692305,27.0,161.04999999999995,0.0,199.0,46.887692307692305,28.0,162.04999999999995,1.0,200.0,9.139954667161577,7.184524450451136,22.377466469537467,3.895199542865157,28.68663140386343,6.465235210725894,3.951111128553748,22.576636752579333,0.13040895760059357,31.78309454396367,0.010721558560259067,0.010623096488416195,0.01224137432873249,0.01049867644906044,0.012440573424100876,15.707824716032125,11.295783890411258,44.91183427982029,4.12103596329689,60.581470999866724,1248640945.2307692,1248552448.0,1250086400.0,1248552448.0,1250086400.0,0.2650845808406862,0.26543319690972567,0.2676595048978925,0.25437337656815845,0.27429726906120777
cho2017,eegtcnet,1300,4014.0,4014.0,4014.0,4014.0,4014.0,94.72461538461539,73.0,199.0,0.0,199.0,95.72461538461539,74.0,200.0,1.0,200.0,13.100435488751302,12.427901115268469,21.77581102102995,3.796908274292946,26.78822652809322,12.679724726878966,10.167123177088797,26.250537026301025,0.12471366487443447,30.42396781593561,0.01036194196400734,0.010269103571772575,0.011835374869406223,0.009949006140232086,0.01270013116300106,25.85427603096916,23.033518586307764,48.03583513237536,3.993088820949197,57.2087678629905,133293087.11384615,133240832.0,134140416.0,133238784.0,134148608.0,0.256180421795505,0.25644097477197647,0.2599816652946174,0.2446039579808712,0.3175032790750265
cho2017,fbcnet,1300,9218.0,9218.0,9218.0,9218.0,9218.0,58.67769230769231,54.0,137.0,0.0,199.0,59.67769230769231,55.0,138.0,1.0,200.0,2.1051455044115963,2.01448611356318,3.83106913268566,0.7681565321981907,5.976739970967174,1.6332110152923718,1.5175797762349248,3.7354481219314035,0.023142078891396523,5.695129249244928,0.0031822950536241896,0.003175949677824974,0.0032945158891379833,0.0031049884855747223,0.0033784639090299606,3.805679957498438,3.6200630171224475,7.665407182648776,0.8553728964179754,11.73158385232091,207837763.74153847,207693824.0,208555008.0,207693824.0,208985088.0,0.07875911267593694,0.07930072024464607,0.08039629785344005,0.06788848744084437,0.08240779861807823
cho2017,fbmsnet,1300,11441.0,11441.0,11441.0,11441.0,11441.0,53.39692307692307,49.0,125.04999999999995,0.0,199.0,54.39692307692307,50.0,126.04999999999995,1.0,200.0,4.300354435698917,4.056850604712963,7.816752680297939,1.6612931545823812,10.673928355798125,3.26590555796543,2.981704997830093,7.549348937533796,0.054278209805488586,11.931702367961407,0.004272763088632088,0.00425464753061533,0.004554799664765597,0.004194591194391251,0.00459444522857666,7.638644836725524,7.129052015021443,15.424117791559544,1.780154176056385,21.570472843945026,333736837.9076923,333641728.0,334483456.0,333570048.0,334932992.0,0.10571978671046403,0.10630928445607424,0.1070430246181786,0.0944230705499649,0.11044712737202644
cho2017,free_cardinal,1300,15907.0,15907.0,15907.0,15907.0,15907.0,41.27923076923077,35.0,109.0,1.0,196.0,42.27923076923077,36.0,110.0,2.0,197.0,1.9759266128004171,1.7871387153863907,3.7338397828862067,0.8694257512688637,7.009711895138025,1.4607283901380232,1.234259926714003,3.8189987084828316,0.06224071606993675,6.424419900402427,0.0017100907632937798,0.0017039654776453972,0.001847673114389181,0.0016391556710004807,0.0019146576523780823,3.4953720911606574,3.076577798463404,7.596167183946818,1.0032083000987768,13.34933909215033,312370195.6923077,312320512.0,313181696.0,312320512.0,313181696.0,0.042303464602296934,0.04254600498825312,0.04314847523346543,0.03786237599949042,0.044577475637197495
cho2017,free_scope,1300,41893.0,41893.0,41893.0,41893.0,41893.0,14.763076923076923,5.0,80.0,0.0,182.0,15.763076923076923,6.0,81.0,1.0,183.0,2.467448173188246,1.9960607727989554,5.654793852567671,1.2806892916560173,9.785050818696618,1.089631632413142,0.3961032899096608,5.483596024475991,0.0452471487224102,13.42663817293942,0.003979106899350882,0.003734353929758072,0.00626005046069622,0.003680700436234474,0.00706157460808754,3.623840079316153,2.4616711353883147,11.252065937221047,1.3780879247933626,22.339727809652686,153152354.46153846,153075200.0,154412544.0,153075200.0,154412544.0,0.09857897219869,0.09331738110631704,0.1565012615174055,0.07682266489913066,0.1765393652021885
cho2017,scope,1300,39589.0,39589.0,39589.0,39589.0,39589.0,11.866923076923078,5.0,72.04999999999995,0.0,181.0,12.866923076923078,6.0,73.04999999999995,1.0,182.0,2.6436510988425175,2.2558701103553176,5.807201409060507,1.4959704522043467,11.01580878905952,0.9587743102114361,0.4446877557784319,5.2960191166028325,0.060957031324505806,13.718537988141179,0.004843536072339003,0.004831783473491669,0.004898379370570183,0.004732532426714897,0.008360225707292557,3.669989141523838,2.7741329753771424,11.208995615411546,1.628808967769146,24.806892609223723,153130338.46153846,153053184.0,154390528.0,153053184.0,154390528.0,0.11992035708867776,0.12064788024872541,0.12237554416060448,0.10023149661719799,0.20900564268231392
cho2017,shallow,1300,36962.0,36962.0,36962.0,36962.0,36962.0,43.17153846153846,36.0,116.0,0.0,198.0,44.17153846153846,37.0,117.0,1.0,199.0,1.2657608004344199,1.154318530112505,2.495034898538142,0.48882434889674187,3.8354764692485332,0.9609204956144094,0.8139113178476691,2.55055280951783,0.01468760147690773,4.24174247123301,0.0008760095631273893,0.0008756127208471298,0.0008943328633904457,0.000841531902551651,0.0009250491857528687,2.2857831522994316,2.0395590690895915,5.058873314037918,0.5682014506310225,7.468136116862297,89676725.16923077,89574912.0,91337216.0,89574912.0,91337216.0,0.021688278877916627,0.021857768297195435,0.022330847568809986,0.017780112102627754,0.023126229643821716
cho2017,tcformer,1300,75668.0,75668.0,75668.0,75668.0,75668.0,58.64076923076923,52.0,148.14999999999986,0.0,199.0,59.64076923076923,53.0,149.14999999999986,1.0,200.0,50.73883574008082,46.90723988600075,100.59643151257184,18.826228074729443,128.52929533086717,37.548161579645594,32.78489446081221,94.58385142628103,0.6095408070832491,146.426801584661,0.06973949151830032,0.06929288897663355,0.08017781442031265,0.06667624600231647,0.08292652294039726,88.43495913165263,79.43112019635737,195.95123935556038,19.586659748107195,275.12083338946104,637641186.8553846,638251520.0,638251520.0,636025344.0,638908928.0,1.7238778723821713,1.730241416953504,1.749927478376776,1.6553176489348214,1.7677710391581059
local_exp4,atcnet,40,66936.0,66936.0,66936.0,66936.0,66936.0,114.35,134.5,193.1,0.0,199.0,115.35,135.5,194.1,1.0,200.0,101.42572917123326,121.53293929528445,142.98184096710756,25.692801292985678,143.83500383794308,97.0230268014595,113.80652702134103,163.23136280551552,0.8454436026513577,168.29042679443955,0.14831469380296766,0.14841924142092466,0.15019427509978414,0.145827267318964,0.1507371962070465,198.67074272758327,235.5560975819826,305.66442466285076,26.767904290929437,311.4505494814366,125097676.8,125100544.0,125141504.0,125059584.0,125149696.0,2.471911563382794,2.4736540236820774,2.5032379183297353,2.4304544553160667,2.512286603450775
local_exp4,atcnet_aggressive_pool,40,104490.0,104490.0,104490.0,104490.0,104490.0,105.8,98.0,195.0,0.0,198.0,106.8,99.0,196.0,1.0,199.0,121.18317445418798,118.44709666538984,178.06226237872616,31.669335056096315,178.32349744066596,111.88511124602519,103.07046941109002,204.43009033231064,1.0484026409685612,208.05234566144645,0.18484650761820376,0.18459122721105814,0.18719954676926137,0.182171992957592,0.1874446477741003,233.33789305486715,221.78180211223662,380.31595336245374,32.98920642398298,386.3842306714505,125493094.4,125490688.0,125525811.2,125459968.0,125535744.0,3.080775126970063,3.0765204535176354,3.119992446154356,3.0361998826265335,3.124077462901672
local_exp4,cardinal,40,15907.0,15907.0,15907.0,15907.0,15907.0,91.75,91.5,144.94999999999987,1.0,190.0,92.75,92.5,145.94999999999987,2.0,191.0,3.218759121047333,3.2111878786236048,4.6365771535784,0.9421484526246786,5.085155185312033,3.2395589457359164,3.254137674346566,5.126788628846403,0.07523817755281925,6.555743372067809,0.0022680827416479586,0.002270560711622238,0.0022925300523638724,0.0022237729281187057,0.002303091809153557,6.5029576633125545,6.51549038104713,9.74250278351828,1.0663111470639706,11.678610928356647,257178624.0,257178624.0,257178624.0,257178624.0,257178624.0,0.037801379027465984,0.03784267852703731,0.038208834206064544,0.03706288213531176,0.038384863485892616
local_exp4,cardinal_dynamics,40,24162.0,24162.0,24162.0,24162.0,24162.0,94.15,87.0,155.1,29.0,170.0,95.15,88.0,156.1,30.0,171.0,2.8363680113106966,2.6361590567976236,4.1610518439672886,1.4035963863134384,4.248896507546306,2.8765841958578675,2.6856413735076785,4.833176113013178,0.9337672032415867,5.197909809648991,0.0016831140965223312,0.0016861408948898315,0.0017063817009329795,0.001639876514673233,0.0017145220190286636,5.759019825095311,5.399473668076098,9.050408761855214,2.371013956144452,9.488903371617198,140855808.0,140855808.0,140855808.0,140855808.0,140855808.0,0.02805190160870552,0.028102348248163857,0.02843969501554966,0.027331275244553883,0.028575366983811062
local_exp4,cardinal_dynamics_compact,40,13994.0,13994.0,13994.0,13994.0,13994.0,100.775,98.5,159.25,22.0,166.0,101.775,99.5,160.25,23.0,167.0,2.996211637603119,2.9492956614121795,4.346606771741063,1.304313538596034,4.424521487206221,3.093735745968297,3.047263224609196,4.857541339285671,0.6789986751973629,5.05304410494864,0.0016911925747990608,0.001692560501396656,0.0017204925417900086,0.0016529466956853867,0.0017338283360004425,6.13410806725733,6.03872684109956,9.226922175381333,2.0335823874920607,9.5279001891613,122524160.0,122524160.0,122524160.0,122524160.0,122524160.0,0.02818654291331768,0.028209341689944267,0.02867487569650014,0.027549111594756443,0.02889713893334071
local_exp4,cardinal_dynamics_extended,40,34402.0,34402.0,34402.0,34402.0,34402.0,50.5,47.0,100.64999999999996,12.0,120.0,51.5,48.0,101.64999999999996,13.0,121.0,1.871161451563239,1.768112137913704,2.951309712603688,1.008184814825654,3.5246861837804317,1.5405249155126512,1.4334739996120334,3.048454604949802,0.3873531259596348,3.6759836077690125,0.0016915477346628905,0.001696455292403698,0.0017113159410655499,0.0016458332538604736,0.0017157457768917084,3.456997881177813,3.2541405614465475,6.033453140687197,1.4864607267081738,7.253403693437576,141024256.0,141024256.0,141024256.0,141024256.0,141024256.0,0.02819246224438151,0.028274254873394966,0.0285219323510925,0.027430554231007893,0.02859576294819514
local_exp4,cardinal_dynamics_sinc,40,9491.0,9491.0,9491.0,9491.0,9491.0,106.85,110.0,164.34999999999997,0.0,184.0,107.85,111.0,165.34999999999997,1.0,185.0,3.96423075995408,4.102939482778311,5.622883502952755,0.9873221162706614,5.655349668115377,4.162100698240101,4.3341575572267175,6.498769915476441,0.03776491619646549,6.95986520126462,0.002189817512407899,0.002194228582084179,0.0022163521498441696,0.0021259449422359467,0.0022292770445346832,8.174059035163372,8.505259339697659,12.164475818071514,1.075791072100401,12.66665193066001,112785408.0,112785408.0,112785408.0,112785408.0,112785408.0,0.03649695854013165,0.03657047636806965,0.036939202497402825,0.03543241570393244,0.037154617408911385
local_exp4,cardinal_dynamics_sinc_extended,40,13331.0,13331.0,13331.0,13331.0,13331.0,73.2,70.0,146.05,23.0,148.0,74.2,71.0,147.05,24.0,149.0,3.0443382922094315,2.970308033749461,5.1066575789824125,1.6850920543074608,5.234030118212104,2.8539313784334808,2.7543326942250133,5.5463379344902926,0.9395711291581392,5.748046992346644,0.002183112222701311,0.002184036187827587,0.0022061990574002268,0.002139512449502945,0.0022181514650583267,5.945712941465899,5.7759463880211115,10.703397479187696,2.674759779125452,11.03193648904562,112851456.0,112851456.0,112851456.0,112851456.0,112851456.0,0.03638520371168852,0.036400603130459785,0.03676998429000378,0.03565854082504908,0.03696919108430544
local_exp4,cardinal_dynamics_sinc_residual,40,9739.0,9739.0,9739.0,9739.0,9739.0,110.45,108.0,170.49999999999997,51.0,180.0,111.45,109.0,171.49999999999997,52.0,181.0,5.943208217713982,5.872639791108668,8.125954193156213,3.5815442334860563,8.142595494166017,6.461957967886701,6.21408205665648,9.646849255450068,2.960052529349923,13.156808445230126,0.0033108014147728683,0.003104730509221554,0.005096492730081082,0.0030345935374498367,0.005709176883101463,12.453515637246891,12.10454035922885,17.835290704574433,6.59829774685204,21.33296695165336,156818944.0,156818944.0,156818944.0,156818944.0,156818944.0,0.05518002357954781,0.051745508487025894,0.08494154550135136,0.05057655895749728,0.09515294805169106
local_exp4,cardinal_fbc,40,9218.0,9218.0,9218.0,9218.0,9218.0,116.6,120.5,187.14999999999998,28.0,191.0,117.6,121.5,188.14999999999998,29.0,192.0,4.010274981101975,4.189705274999142,5.3782372927293185,1.727994579821825,5.409147407859564,4.101667116116732,4.245217680931091,6.537721766903997,0.9841370712965727,6.744264271110296,0.0034259708132594823,0.003422780893743038,0.0034646485932171346,0.0033827852457761765,0.003475841134786606,8.166913144290447,8.483910146169364,11.954830976109951,2.773776823654771,12.20626438781619,175486848.0,175484416.0,175542784.0,175445504.0,175542784.0,0.0570995135543247,0.057046348229050636,0.05774414322028558,0.05637975409626961,0.057930685579776764
local_exp4,cardinal_fbc_compactdyn,40,23210.0,23210.0,23210.0,23210.0,23210.0,95.525,97.5,173.29999999999998,13.0,180.0,96.525,98.5,174.29999999999998,14.0,181.0,4.69283533571288,4.8702861070632935,7.3193355039693415,1.7852900866419077,7.408543635159731,4.552697648806498,4.702158569358289,8.412756791710853,0.6743999067693949,8.63640652783215,0.004625140968710184,0.004606778733432293,0.004689670819789171,0.004557721316814423,0.005052968859672546,9.306928174383938,9.614576449617743,15.787896062247455,2.526039820164442,16.003893161192536,190017536.0,190017536.0,190017536.0,190017536.0,190017536.0,0.07708568281183639,0.07677964555720487,0.07816118032981952,0.07596202194690704,0.0842161476612091
local_exp4,cardinal_fbc_compactdyn_extended,40,31850.0,31850.0,31850.0,31850.0,31850.0,58.1,55.0,100.84999999999995,14.0,129.0,59.1,56.0,101.84999999999995,15.0,130.0,3.423367194784805,3.3330180505290627,4.862701679579911,1.8312963787466288,6.032497243955731,2.8097203126177193,2.691901743412018,4.659857431240377,0.7291051801294088,6.172066066414118,0.004613627167418599,0.00461359228938818,0.004655079357326031,0.004556918516755104,0.004683930426836014,6.294511468149722,6.0904489969834685,9.587529189418996,2.6259378772228956,12.270826924592257,190163968.0,190163968.0,190163968.0,190163968.0,190163968.0,0.07689378612364331,0.07689320482313633,0.07758465595543385,0.0759486419459184,0.07806550711393356
local_exp4,cardinal_fbc_compactdyn_scale010,40,23210.0,23210.0,23210.0,23210.0,23210.0,107.925,117.5,180.1,28.0,191.0,108.925,118.5,181.1,29.0,192.0,5.206862949533388,5.618332697078586,7.318178384471684,2.351507907733321,7.348270194604993,5.229985023709014,5.662310891784728,8.63896316299215,1.3704531509429216,9.17979148030281,0.004619459342211485,0.004613236524164677,0.004690085910260678,0.004551669582724571,0.004707733169198036,10.497863024706021,11.365160662680864,15.997477301955223,3.7879885509610176,16.569124372676015,190017536.0,190017536.0,190017536.0,190017536.0,190017536.0,0.07699098903685808,0.07688727540274462,0.07816809850434461,0.07586115971207619,0.07846221948663394
local_exp4,cardinal_fbc_compactdyn_scale010_extended,40,31850.0,31850.0,31850.0,31850.0,31850.0,93.6,93.0,170.14999999999998,22.0,184.0,94.6,94.0,171.14999999999998,23.0,185.0,4.705991591140628,4.72055915184319,7.387435350939631,2.121015675365925,7.4313384890556335,4.498300272645428,4.448077581822872,8.232181264739484,1.1038279924541712,8.851471474394202,0.0046292189974337815,0.004621115513145924,0.004684558510780335,0.004568168893456459,0.004762347787618637,9.266112495958804,9.318142246454954,15.693321183416993,3.2725209146738052,16.30298504792154,190163968.0,190163968.0,190163968.0,190163968.0,190163968.0,0.07715364995722969,0.07701859188576539,0.07807597517967224,0.07613614822427432,0.07937246312697728
local_exp4,cardinal_fbc_compactdyn_scale025,40,23210.0,23210.0,23210.0,23210.0,23210.0,106.475,116.5,171.45,32.0,193.0,107.475,117.5,172.45,33.0,194.0,5.122861844021827,5.621344390325248,7.258297732193022,2.4901341646909714,7.331991722807288,5.093559855548665,5.601803367957473,8.277716361545027,1.5585829000920057,8.668681479990482,0.004627626854926348,0.004605972208082676,0.00467877434566617,0.004564899951219559,0.005333712324500084,10.276699538575485,11.286874260753393,15.36328411558643,4.113757058978081,16.032058903947473,190017536.0,190017536.0,190017536.0,190017536.0,190017536.0,0.07712711424877246,0.0767662034680446,0.0779795724277695,0.07608166585365932,0.08889520540833473
local_exp4,cardinal_fbc_compactdyn_scale025_extended,40,31850.0,31850.0,31850.0,31850.0,31850.0,79.6,67.5,150.59999999999997,17.0,169.0,80.6,68.5,151.59999999999997,18.0,170.0,4.218407660163939,3.8111425964161754,6.879008609335868,1.7064218241721392,7.351398961618543,3.8510296958498658,3.3186799734830856,7.337072589620946,0.7505368031561375,8.030808039009571,0.004619803233072162,0.00461153406649828,0.00468354495242238,0.00455206073820591,0.004704777151346207,8.129697874328121,7.19508552365005,14.28000148432329,2.523306258022785,15.445622263476253,190163968.0,190163968.0,190163968.0,190163968.0,190163968.0,0.07699672055120269,0.07685890110830466,0.07805908254037301,0.0758676789700985,0.07841295252243678
local_exp4,cardinal_fbc_corr,40,12026.0,12026.0,12026.0,12026.0,12026.0,99.4,103.0,166.14999999999998,27.0,187.0,100.4,104.0,167.14999999999998,28.0,188.0,4.790902776969597,4.953527329489589,7.100274816621095,2.252268413081765,7.146330228075385,4.773477374017238,4.880242594517767,7.917763473186642,1.3076109793037176,8.930027974769473,0.003969604661688208,0.0039674583822488785,0.004026562348008156,0.003907250240445137,0.004054278135299683,9.620164149766788,9.883784366771579,15.07485743155703,3.622201995924115,16.111927716061473,194380800.0,194380800.0,194380800.0,194380800.0,194380800.0,0.06616007769480348,0.06612430637081464,0.0671093724668026,0.06512083734075229,0.0675713022549947
local_exp4,cardinal_fbc_corr_extended,40,14906.0,14906.0,14906.0,14906.0,14906.0,85.25,81.0,166.1,27.0,171.0,86.25,82.0,167.1,28.0,172.0,4.304996274784207,4.220889334566891,6.608351598493753,2.272728467360139,7.2286071460694075,4.081051631877199,3.89067140314728,7.182678238209334,1.3524364046752453,8.245247144252062,0.003963913349434733,0.003959360532462597,0.004040616285055876,0.00388355553150177,0.004047565162181854,8.447132016485558,8.16760766133666,13.854187492001797,3.6888255923986435,15.52991964109242,194430464.0,194430464.0,194430464.0,194430464.0,194430464.0,0.06606522249057889,0.06598934220770994,0.06734360475093126,0.0647259255250295,0.06745941936969757
local_exp4,cardinal_fbc_extended,40,12098.0,12098.0,12098.0,12098.0,12098.0,99.0,98.5,173.64999999999998,29.0,191.0,100.0,99.5,174.64999999999998,30.0,192.0,3.5668232780881226,3.5616280119866133,5.373493486363441,1.7804260477423668,5.459852520376444,3.4791711365804074,3.5409602895379066,6.046534318011253,1.046982690691948,6.7270733788609505,0.003428993932902813,0.003428875468671322,0.0034727439284324645,0.0033784285187721252,0.0034886226058006287,7.103208207478747,7.148088066838682,11.562696058209985,2.8887257035821676,12.106012489646673,175544780.8,175543808.0,175593420.8,175495168.0,175611904.0,0.057149898881713554,0.05714792447785537,0.05787906547387441,0.05630714197953542,0.05814371009667715
local_exp4,cardinal_fbc_micro,40,11122.0,11122.0,11122.0,11122.0,11122.0,110.15,120.5,171.0,39.0,173.0,111.15,121.5,172.0,40.0,174.0,6.034022545116022,6.5212249690666795,8.268193202000111,2.9601872488856316,8.346746584400535,6.11502169338055,6.700897421687841,9.426830811332911,2.1950491555035114,9.58236294798553,0.0048383759334683415,0.004836929030716419,0.004908077884465456,0.004757888615131378,0.0049289315938949585,12.208888649428264,13.27505263313651,17.632867761701345,5.220403345301747,17.99456532113254,175503360.0,175503360.0,175503360.0,175503360.0,175503360.0,0.08063959889113903,0.08061548384527364,0.08180129807442427,0.07929814358552296,0.08214885989824931
local_exp4,cardinal_fbc_micro_extended,40,14642.0,14642.0,14642.0,14642.0,14642.0,92.3,89.0,187.39999999999998,21.0,195.0,93.3,90.0,188.39999999999998,22.0,196.0,5.251452435133979,5.2365737343207,8.351025210693479,2.2350351475179195,8.381740419194102,5.129507438605652,4.91894818842411,10.231065998040139,1.01806222461164,10.844168465584517,0.004839705070480704,0.004836222156882286,0.004918656498193741,0.004765484482049942,0.004928072914481163,10.44224797305651,10.217947334051132,17.832753374986346,3.3184151109308004,19.242831280454993,175569920.0,175569920.0,175569920.0,175569920.0,175569920.0,0.0806617511746784,0.08060370261470476,0.08197760830322902,0.07942474136749904,0.08213454857468605
local_exp4,cardinal_fbc_physical,40,13807.0,13807.0,13807.0,13807.0,13807.0,108.45,112.5,170.2,28.0,192.0,109.45,113.5,171.2,29.0,193.0,6.661747745005414,6.720454428344965,9.41982842888683,3.000294452533126,9.477379228919744,6.778193552838639,7.1582156447693706,10.654250037577002,1.7909586932510138,12.147177007049322,0.00526260226033628,0.005267472937703133,0.0053286655806005,0.005188673734664917,0.005331452935934067,13.500623506773263,14.015652902424335,20.185470993071792,4.856804387643933,21.139806360006332,176193024.0,176193024.0,176193024.0,176193024.0,176193024.0,0.08771003767227133,0.08779121562838554,0.08881109301000834,0.08647789557774861,0.08885754893223445
local_exp4,cardinal_fbc_physical_extended,40,18607.0,18607.0,18607.0,18607.0,18607.0,86.525,81.0,180.0,17.0,188.0,87.525,82.0,181.0,18.0,189.0,5.62703575193882,5.1840810077264905,9.314838964026421,2.2605355475097895,9.472596075385809,5.4140666026622055,4.747427728027105,11.192676202207803,1.147953536361456,11.629209471866488,0.005275949975475669,0.005268084816634655,0.005353883001953363,0.005209637805819511,0.005366608500480652,11.102704875823111,9.99352182727307,20.72864009030163,3.4744365885853767,21.004100607708097,176262144.0,176262144.0,176262144.0,176262144.0,176262144.0,0.08793249959126115,0.08780141361057758,0.08923138336588939,0.08682729676365852,0.08944347500801086
local_exp4,cardinal_fbms,40,11441.0,11441.0,11441.0,11441.0,11441.0,98.875,107.5,163.29999999999998,27.0,176.0,99.875,108.5,164.29999999999998,28.0,177.0,4.089028788264841,4.38764385227114,6.052512180339545,1.9273321200162172,6.112330920994282,3.9781676608603447,4.321092830039561,6.540646560769527,1.073335336521268,7.049950461834669,0.0038580331951379777,0.0038531851023435593,0.0038920252583920954,0.003804907202720642,0.003967314958572388,8.126148657500744,8.750378613360226,12.70327817928046,3.0637723226100206,13.191140972077847,263615129.6,263618048.0,263656960.0,263579136.0,263656960.0,0.06430055325229962,0.064219751705726,0.06486708763986826,0.06341512004534404,0.06612191597620647
local_exp4,cardinal_fbms_extended,40,14321.0,14321.0,14321.0,14321.0,14321.0,87.575,90.0,162.14999999999998,23.0,182.0,88.575,91.0,163.14999999999998,24.0,183.0,3.7784057662356645,3.8371962821111083,6.160795349255205,1.7891378570348024,6.1926445458084345,3.5435464314650744,3.6551637975499034,6.510153352096676,0.9368567597121,7.310445468872786,0.003869240405037999,0.003868427127599716,0.0039033957757055758,0.0038379933685064316,0.003929616883397102,7.379601408168673,7.544447621330619,12.688291417434812,2.8161810487508774,13.566671753302217,263704678.4,263706624.0,263764992.0,263628800.0,263764992.0,0.06448734008396664,0.06447378545999527,0.06505659626175961,0.06396655614177386,0.06549361472328503
local_exp4,cardinal_mix,40,11153.0,11153.0,11153.0,11153.0,11153.0,88.825,83.5,173.25,1.0,198.0,89.825,84.5,174.25,2.0,199.0,3.4950659255031495,3.305232592858374,5.627098711300641,0.9811346735805273,5.859341287985444,3.3121256672311574,3.091078210622072,6.282849137019365,0.07012031599879265,7.202398097142577,0.0037628171965479853,0.0037589753046631813,0.0038011369295418264,0.0037280265241861343,0.003811705857515335,6.866542888898403,6.459487585350871,11.979793924558907,1.1142631564289331,12.843331960961223,264625152.0,264625152.0,264625152.0,264625152.0,264625152.0,0.06271361994246641,0.06264958841105302,0.06335228215903044,0.06213377540310224,0.06352843095858891
local_exp4,cardinal_mix_drop,40,11153.0,11153.0,11153.0,11153.0,11153.0,100.425,90.5,180.29999999999998,3.0,191.0,101.425,91.5,181.29999999999998,4.0,192.0,3.909994362806901,3.6318759713321924,5.949228223226965,1.1435466557741165,5.963731246069074,3.8642282793298364,3.5421967478469014,6.898186090402304,0.15378575958311558,7.362470919266343,0.003758139302954078,0.003758976235985756,0.003790701739490032,0.0037273485213518143,0.0038070064038038254,7.832521259458735,7.2367584789171815,12.842130010388791,1.3626749236136675,13.364287314936519,264993792.0,264993792.0,264993792.0,264993792.0,264993792.0,0.06263565504923463,0.06264960393309593,0.06317836232483387,0.06212247535586357,0.06345010673006375
local_exp4,ctnet,40,150022.0,150022.0,150022.0,150022.0,150022.0,128.525,144.0,193.1,1.0,196.0,129.525,145.0,194.1,2.0,197.0,13.163401864748447,14.95384522061795,16.81487383870408,2.9744121469557285,16.895989587530494,13.76712630703114,15.448567287996411,20.63451305758208,0.2191996816545725,20.82873354665935,0.01021805014461279,0.010210255160927773,0.010334241017699242,0.010103575885295868,0.010381916537880898,27.006702549010516,30.384750152006745,37.31016249191016,3.256643680855632,37.726352382451296,135630336.0,135630336.0,135630336.0,135630336.0,135630336.0,0.17030083574354649,0.1701709193487962,0.17223735029498735,0.1683929314215978,0.17303194229801497
local_exp4,ctnet_compact,40,26218.0,26218.0,26218.0,26218.0,26218.0,136.975,151.5,198.0,0.0,199.0,137.975,152.5,199.0,1.0,200.0,11.163657292723656,12.88368814624846,14.216578798182308,2.363951552659273,14.49933317117393,12.1167901345063,13.286272124387324,17.518898284994066,0.08805537968873978,17.614330830052495,0.00816525905393064,0.008149506524205208,0.008281525038182736,0.008047128096222878,0.00831649824976921,23.357921654218806,26.24682348035276,31.71543213687837,2.5272384732961655,31.84907103702426,97212928.0,97212928.0,97212928.0,97212928.0,97212928.0,0.136087650898844,0.13582510873675346,0.1380254173030456,0.13411880160371462,0.1386083041628202
local_exp4,deep4,40,141927.0,141927.0,141927.0,141927.0,141927.0,43.025,27.5,135.89999999999995,0.0,195.0,44.025,28.5,136.89999999999995,1.0,196.0,1.5225805426947772,1.1933785937726498,3.396590584237128,0.6011738739907742,3.9851408768445253,1.2040568092372268,0.7858893480151892,3.689827063027768,0.022916285321116447,5.3499683905392885,0.001249335939064622,0.0012475661933422089,0.0012669272720813752,0.0012271720916032791,0.0013150982558727264,2.7791927120648325,2.0330855203792453,7.136572516430167,0.683632904663682,9.391983173787594,87663616.0,87663616.0,87663616.0,87663616.0,87663616.0,0.020822265651077032,0.020792769889036812,0.021115454534689587,0.020452868193387985,0.02191830426454544
local_exp4,eegconformer,40,419426.0,419426.0,419426.0,419426.0,419426.0,35.8,33.5,70.54999999999997,8.0,105.0,36.8,34.5,71.54999999999997,9.0,106.0,5.439303261833265,5.437204400077462,7.802003877423702,3.324635114520788,10.298563409596682,3.611017998913303,3.44735305942595,7.001152101624754,0.8713732603937387,10.350192982703447,0.008238379610702395,0.008260275237262249,0.008317943010479213,0.008058449253439903,0.008326087146997452,9.127822322072461,9.108066965825856,14.882042490784073,4.28255632519722,20.735911659896374,1449153536.0,1449153536.0,1449153536.0,1449153536.0,1449153536.0,0.1373063268450399,0.1376712539543708,0.13863238350798684,0.1343074875573317,0.1387681191166242
local_exp4,eegconformer_compact,40,379986.0,379986.0,379986.0,379986.0,379986.0,32.725,28.0,72.54999999999997,6.0,83.0,33.725,29.0,73.54999999999997,7.0,84.0,5.094857204100117,4.714064630679786,8.035888336878267,3.142726892605424,8.797381995245814,3.4668296932242813,3.0093584917485714,7.535002616886047,0.722687428817153,8.613196056336164,0.005876324465498328,0.005871675908565521,0.005965165514498949,0.005719663575291634,0.0061443280428647995,8.629908622708172,7.734045380726457,15.6450930817984,3.9259259197860956,17.48600853793323,1449302016.0,1449302016.0,1449302016.0,1449302016.0,1449302016.0,0.0979387410916388,0.09786126514275868,0.09941942524164915,0.09532772625486056,0.10240546738107999
local_exp4,eegnet,40,1602.0,1602.0,1602.0,1602.0,1602.0,155.325,199.0,199.0,0.0,199.0,156.325,200.0,200.0,1.0,200.0,2.8228285144083203,3.44122916739434,3.496592701971531,0.5816634073853493,3.5225243009626865,3.626608863705769,4.624375666491687,4.69544954476878,0.021526558324694633,4.73756018280983,0.0008910264354199171,0.0008946079760789871,0.0009069432504475116,0.0008569899946451187,0.0009245369583368301,6.518058083066717,8.09687789902091,8.242873161379247,0.64992306381464,8.245594242587686,95957504.0,95955456.0,95961600.0,95955456.0,95963648.0,0.014850440590331953,0.014910132934649784,0.01511572084079186,0.014283166577418646,0.015408949305613836
local_exp4,eegsym,40,19252.0,19252.0,19252.0,19252.0,19252.0,73.975,33.5,191.34999999999997,0.0,199.0,74.975,34.5,192.34999999999997,1.0,200.0,5.91942118005827,3.7872787537053227,11.9201749577187,1.8550854474306107,12.053192822262645,5.4090366253629325,2.4831259166821837,13.866218023095279,0.07161474972963333,14.32306020334363,0.004914951231330633,0.004912638105452061,0.004985415562987328,0.004846686497330666,0.005023207515478134,11.403785992227494,6.3160274513065815,25.102207520417867,2.004836767911911,26.457273172214627,310758400.0,310758400.0,310758400.0,310758400.0,310758400.0,0.08191585385551055,0.08187730175753435,0.08309025938312213,0.08077810828884442,0.0837201252579689
local_exp4,eegsym_wide,40,159776.0,159776.0,159776.0,159776.0,159776.0,108.175,95.0,199.0,1.0,199.0,109.175,96.0,200.0,2.0,200.0,10.449754735967144,9.884726271033287,15.638148352038115,2.6763486471027136,15.660446710884571,10.289377487590537,9.067729853093624,18.875837935786695,0.19804865680634975,18.903541553765535,0.009591395780444146,0.009587327018380165,0.009646045695990323,0.009501056745648384,0.009864438325166702,20.82939500599168,19.043704885989428,34.5645929585211,2.9669915065169334,34.648410230875015,740673024.0,740673024.0,740673024.0,740673024.0,740673024.0,0.15985659634073576,0.15978878363966942,0.1607674282665054,0.1583509457608064,0.16440730541944504
local_exp4,eegtcnet,40,3918.0,3918.0,3918.0,3918.0,3918.0,118.1,183.0,199.0,0.0,199.0,119.1,184.0,200.0,1.0,200.0,15.38052377528511,22.233144838362932,22.47768937749788,3.9408565182238817,22.563891053199768,17.150275922799484,26.446187946014106,28.826394948456436,0.1417732909321785,28.90396256558597,0.014382993103936315,0.01435884740203619,0.014639581460505724,0.014093995094299316,0.014886636286973953,32.59487918629311,48.788577154278755,51.355761860497296,4.146283546462655,51.514909425750375,103520563.2,103519232.0,103527526.4,103515136.0,103529472.0,0.2397165517322719,0.23931412336726982,0.24399302434176207,0.23489991823832193,0.24811060478289923
local_exp4,fbcnet,40,7490.0,7490.0,7490.0,7490.0,7490.0,100.55,108.5,173.64999999999998,29.0,195.0,101.55,109.5,174.64999999999998,30.0,196.0,2.9761380150914194,3.1795544140040874,4.441997186467051,1.4527093898504972,4.486504310742021,2.858340842090547,3.0587162896990776,4.839764372631906,0.8442939631640911,5.5838005896657705,0.0032019058242440225,0.003209744580090046,0.003239130321890116,0.0031242966651916504,0.003251774236559868,5.889874370070174,6.315788731910288,9.37630825890228,2.339181939139962,10.067050281912088,175566284.8,175582208.0,175754240.0,175410176.0,175754240.0,0.053365097070733704,0.05349574300150077,0.05398550536483526,0.052071611086527504,0.054196237275997795
local_exp4,fbmsnet,40,9713.0,9713.0,9713.0,9713.0,9713.0,87.6,91.5,162.14999999999998,23.0,175.0,88.6,92.5,163.14999999999998,24.0,176.0,4.037518802238628,4.165637971833348,6.524299499858171,1.9181825760751963,6.622616479173303,3.810768789798021,3.996904231607914,6.980535348597914,1.0092730894684792,7.597843825817108,0.004007314238697291,0.004007834009826183,0.004043512511998415,0.003958238288760185,0.0040734801441431046,7.904274575924501,8.21315253060311,13.600225526560099,2.979996195062995,14.283357804641128,246761523.2,246760448.0,246774784.0,246760448.0,246774784.0,0.06678857064495484,0.06679723349710306,0.06739187519997358,0.06597063814600308,0.06789133573571841
local_exp4,free_cardinal,40,12835.0,12835.0,12835.0,12835.0,12835.0,63.1,59.5,120.1,18.0,136.0,64.1,60.5,121.1,19.0,137.0,2.281452756328508,2.181799332611263,3.5604155126959083,1.239966006949544,3.9918571412563324,2.071610600035638,1.9985179780051112,3.884539321810007,0.6507996413856745,4.392404276877642,0.0017580666579306125,0.0017596390098333359,0.0017787189222872256,0.0017202086746692657,0.0017871558666229248,4.3971364700235425,4.2090838104486465,7.493628007918596,1.9377523716539145,8.415993306785822,257131520.0,257131520.0,257131520.0,257131520.0,257131520.0,0.02930111096551021,0.0293273168305556,0.029645315371453762,0.028670144577821095,0.02978593111038208
local_exp4,free_scope,40,41125.0,41125.0,41125.0,41125.0,41125.0,47.45,36.5,137.54999999999995,0.0,175.0,48.45,37.5,138.54999999999995,1.0,176.0,3.8952222970779986,3.4555673375725746,8.284159187320618,1.6850065290927887,9.428679393604398,3.126516464678571,2.4784222282469273,9.10743052307516,0.06455938704311848,11.446092629805207,0.003871410945430398,0.003875480964779854,0.003908544313162565,0.0037983935326337814,0.0039215087890625,7.076918526878581,5.992139011621475,17.449856197088952,1.8071196116507053,20.932469187304378,143178752.0,143178752.0,143178752.0,143178752.0,143178752.0,0.0645235157571733,0.06459134941299756,0.06514240521937609,0.06330655887722969,0.06535847981770833
local_exp4,scope,40,39589.0,39589.0,39589.0,39589.0,39589.0,38.25,8.0,131.6999999999999,0.0,181.0,39.25,9.0,132.6999999999999,1.0,182.0,3.960101563669741,2.501165914349258,9.182294742669905,1.5689132548868656,10.72091431170702,2.8746606242377313,0.6368337571620941,9.894649764429772,0.07330376468598843,13.202328335493803,0.0050308767706155775,0.005035771057009697,0.00509759783744812,0.004890840500593185,0.005174476653337479,6.910743419267237,3.3787560872733593,19.129394296370435,1.7952069360762835,23.983789006248116,143171584.0,143171584.0,143171584.0,143171584.0,143171584.0,0.0838479461769263,0.08392951761682828,0.08495996395746867,0.08151400834321976,0.08624127755562465
local_exp4,shallow,40,26722.0,26722.0,26722.0,26722.0,26722.0,55.375,43.0,113.69999999999979,13.0,192.0,56.375,44.0,114.69999999999979,14.0,193.0,1.4247303638607263,1.243649304844439,2.314209338184444,0.800575552508235,3.1551080122590065,1.2630475398153067,0.9568286146968603,2.587216630671169,0.2951045297086239,4.264708559960127,0.0008938880171626806,0.0008936244994401932,0.0009069526568055153,0.0008722599595785141,0.0009119175374507904,2.7304111313540487,2.2414000928401947,4.953314855042838,1.147456668317318,7.388556921854615,83845632.0,83845632.0,83845632.0,83845632.0,83845632.0,0.014898133619378012,0.014893741657336554,0.015115877613425255,0.014537665992975235,0.01519862562417984
local_exp4,tcformer,40,74516.0,74516.0,74516.0,74516.0,74516.0,84.9,83.0,149.0,0.0,198.0,85.9,84.0,150.0,1.0,199.0,66.89334401278757,66.09895466733724,103.08814654005691,19.96937172859907,111.26762202568352,58.77412711214274,57.36973588448018,102.26877625957131,0.6769978981465101,136.34781103767455,0.10018216609023511,0.10016242507845163,0.10106903426349163,0.0989281740039587,0.10159459710121155,125.83009061268531,123.62646138016135,205.50748346364125,20.81407236121595,247.7823250386864,405906944.0,405906944.0,405906944.0,405906944.0,405906944.0,1.6697027681705854,1.6693737513075273,1.6844839043915272,1.6488029000659783,1.6932432850201924
physionet_mi,atcnet,810,104682.0,104682.0,104682.0,104682.0,104682.0,33.01481481481481,10.0,138.0999999999999,0.0,199.0,34.01481481481481,11.0,139.0999999999999,1.0,200.0,11.76470550622699,7.832039698027074,30.313795738201563,6.017183732241392,35.275411969050765,6.5821511957771435,2.122455634176731,26.84004811877383,0.1931924968957901,38.76128128170967,0.05500892480766332,0.054988390766084194,0.055750164296478034,0.05404747277498245,0.05638037994503975,18.469186289217554,10.073425924405456,57.27918887231494,6.333492171019316,73.69807716272771,110789532.12839507,111120384.0,111202304.0,109618176.0,111237120.0,3.6672616538442213,3.665892717738946,3.716677619765202,3.603164851665497,3.7586919963359833
physionet_mi,atcnet_aggressive_pool,810,104682.0,104682.0,104682.0,104682.0,104682.0,38.42098765432099,14.0,162.0,0.0,199.0,39.42098765432099,15.0,163.0,1.0,200.0,12.668555096240231,8.475180800072849,34.32390367928892,6.007454425096512,35.30629761517048,7.609789850351251,2.8739950945600867,31.4470588586293,0.19258865155279636,38.679426139220595,0.055008559545249115,0.05498187988996506,0.05577431758865714,0.05415935441851616,0.056338490918278694,20.401964573895583,11.465490128844976,66.15712991515173,6.332532957196236,73.98488509654999,110869294.14320987,111120384.0,111199539.2,109618176.0,111233024.0,3.6672373030166074,3.6654586593310037,3.7182878392438092,3.6106236279010773,3.755899394551913
physionet_mi,cardinal,810,15907.0,15907.0,15907.0,15907.0,15907.0,27.601234567901233,19.0,92.54999999999995,0.0,193.0,28.601234567901233,20.0,93.54999999999995,1.0,194.0,0.7520929897801928,0.6488945372402668,1.4783671473152926,0.37957712821662426,2.4052098281681538,0.2933313184383291,0.20297490619122982,0.9667420796118674,0.009716974571347237,2.0238810516893864,0.0018231800101973393,0.0018249675631523132,0.0018508578650653362,0.0017660651355981827,0.001956373453140259,1.0706620368370672,0.8758307229727507,2.492553854919968,0.4266438540071249,4.403979668393731,181018463.44691357,181018624.0,181018624.0,180888576.0,181018624.0,0.12154533401315595,0.12166450421015422,0.12339052433768909,0.11773767570654552,0.13042489687601724
physionet_mi,cardinal_dynamics,810,24418.0,24418.0,24418.0,24418.0,24418.0,25.190123456790122,10.0,107.19999999999982,0.0,198.0,26.190123456790122,11.0,108.19999999999982,1.0,199.0,0.6314087287741311,0.47787188086658716,1.4854848436079917,0.31011858955025673,2.1479944232851267,0.2332680487729333,0.09569754358381033,0.9609064350835966,0.006659431383013725,1.8054320216178894,0.0016153111272020103,0.0016135601326823235,0.0016418047249317168,0.0015680473297834396,0.003146810457110405,0.8902042924943897,0.6012501576915383,2.4814468539319927,0.33408840373158455,3.9740901701152325,123660529.4617284,123698688.0,123698688.0,123497984.0,123698688.0,0.10768740848013401,0.1075706755121549,0.10945364832878113,0.10453648865222931,0.20978736380736032
physionet_mi,cardinal_dynamics_compact,810,14186.0,14186.0,14186.0,14186.0,14186.0,25.562962962962963,10.0,103.19999999999982,0.0,196.0,26.562962962962963,11.0,104.19999999999982,1.0,197.0,0.6360561788473048,0.4816314047202468,1.445284012332558,0.30679937079548836,2.125825123861432,0.23733136051644882,0.09567670989781618,0.9340118520893127,0.006317444145679474,1.76592430844903,0.001614393330650565,0.0016130367293953896,0.0016452868469059468,0.0015628598630428314,0.001871652901172638,0.898671620776072,0.6011816943064332,2.4027765691280343,0.3301281575113535,3.9192227721214294,109613408.71111111,109641216.0,109641216.0,109521408.0,109641216.0,0.10762622204337102,0.10753578195969264,0.10968578979372978,0.10419065753618877,0.12477686007817586
physionet_mi,cardinal_dynamics_extended,810,34658.0,34658.0,34658.0,34658.0,34658.0,22.51851851851852,8.0,93.19999999999982,0.0,197.0,23.51851851851852,9.0,94.19999999999982,1.0,198.0,0.5999802185590436,0.46259320992976427,1.3020420358516274,0.3073950279504061,2.143295055255294,0.20862749310693254,0.08022559527307749,0.8221393097192048,0.006581459194421768,1.781952464953065,0.0016124341016014417,0.0016106348484754562,0.0016407343558967114,0.001570001244544983,0.0016967840492725372,0.834688021093147,0.5696292016655207,2.167889395263046,0.3356948886066675,3.9174153935164213,123750669.27407408,123824640.0,123824640.0,123542016.0,123824640.0,0.10749560677342945,0.10737565656503043,0.10938229039311409,0.1046667496363322,0.11311893661816914
physionet_mi,cardinal_dynamics_sinc,810,9683.0,9683.0,9683.0,9683.0,9683.0,26.47283950617284,6.0,124.54999999999995,0.0,199.0,27.47283950617284,7.0,125.54999999999995,1.0,200.0,0.8320634266821506,0.5693289367482066,2.0063403115607796,0.3878605868667364,2.75707283988595,0.314612585860362,0.07543332036584616,1.335121114552021,0.008017919957637787,2.388783387839794,0.002076276419339357,0.0020737415179610252,0.0021145875565707684,0.0020203758031129837,0.002198588103055954,1.172551751943926,0.6722290851175785,3.3616018692031497,0.4136474337428808,5.143674386665225,99959150.61728396,99986432.0,99986432.0,99901440.0,99986432.0,0.1384184279559571,0.13824943453073502,0.14097250377138457,0.13469172020753226,0.14657254020373026
physionet_mi,cardinal_dynamics_sinc_extended,810,13523.0,13523.0,13523.0,13523.0,13523.0,24.59753086419753,6.0,108.0,0.0,199.0,25.59753086419753,7.0,109.0,1.0,200.0,0.8082068622066283,0.5718728778883815,1.9006732732988882,0.37713608145713806,2.7750947438180447,0.29269202944857103,0.0753847798332572,1.2478682714514426,0.008014943450689316,2.346789389848709,0.0020827587601947198,0.002081199549138546,0.0021210771985352038,0.0020310431718826294,0.0021636728197336197,1.1266912920285521,0.679462157189846,3.1707640325650566,0.4067673310637474,5.103331912308931,100003298.92345679,100035584.0,100035584.0,99919872.0,100035584.0,0.13885058401298128,0.1387466366092364,0.1414051465690136,0.13540287812550864,0.144244854648908
physionet_mi,cardinal_dynamics_sinc_residual,810,9931.0,9931.0,9931.0,9931.0,9931.0,25.739506172839505,6.0,120.54999999999995,0.0,199.0,26.739506172839505,7.0,121.54999999999995,1.0,200.0,1.2399087078317448,0.8661070931702852,3.134273359924554,0.5498653296381235,4.244933603331447,0.5257131600154586,0.10914185736328363,2.5814708190038758,0.012437805533409119,4.512557243928313,0.003435602710570818,0.0029906034469604492,0.005472291633486748,0.0029254723340272903,0.005646524950861931,1.794557819099246,0.9967636754736304,5.834737445972857,0.5823378581553698,8.708386193960905,136624526.2222222,136650240.0,136650240.0,136558080.0,136650240.0,0.22904018070472118,0.19937356313069662,0.36481944223244983,0.19503148893515268,0.3764349967241287
physionet_mi,cardinal_fbc,810,9218.0,9218.0,9218.0,9218.0,9218.0,23.171604938271606,14.0,79.09999999999991,0.0,198.0,24.171604938271606,15.0,80.09999999999991,1.0,199.0,0.7498600567150631,0.6360794166103005,1.4668014954775566,0.4193758089095354,2.642272524535656,0.24199126592986744,0.15074524097144604,0.8040851481258863,0.008288456127047539,2.0021362118422985,0.003347500701101474,0.0033428100869059563,0.0034003025852143765,0.0032677780836820602,0.0035071931779384613,1.0328008998254383,0.8263905989006162,2.285855031665413,0.4723905213177204,4.6587998773902655,131898007.7037037,131869184.0,131966464.0,131791360.0,131985920.0,0.22316671340676494,0.22285400579373044,0.22668683901429176,0.21785187224547067,0.23381287852923074
physionet_mi,cardinal_fbc_compactdyn,810,23402.0,23402.0,23402.0,23402.0,23402.0,19.492592592592594,10.0,76.0,0.0,193.0,20.492592592592594,11.0,77.0,1.0,194.0,1.0010179003056736,0.8212243737652898,2.049280440900475,0.5690488088876009,3.8064507339149714,0.2884378784002713,0.14848855510354042,1.0980740938335656,0.01130158081650734,2.8402442689985037,0.004590723755550973,0.004585806280374527,0.004654775746166706,0.0045019760727882385,0.0047195181250572205,1.3359446443617344,1.0214099874719977,3.1967738931067284,0.6132114008069038,6.669174704700708,151621412.02962962,151626752.0,151626752.0,151430144.0,151626752.0,0.30604825037006483,0.30572041869163513,0.3103183830777804,0.30013173818588257,0.3146345416704814
physionet_mi,cardinal_fbc_compactdyn_extended,810,32042.0,32042.0,32042.0,32042.0,32042.0,19.392592592592592,9.0,76.54999999999995,0.0,193.0,20.392592592592592,10.0,77.54999999999995,1.0,194.0,1.0019842894977808,0.8229292929172516,2.061623962037265,0.5586431752890348,3.744155168533325,0.2895677339515568,0.14716039784252644,1.108169579785317,0.011518163606524467,2.789253221824765,0.004593348167376754,0.0045889150351285934,0.0046545485034585,0.004506928846240044,0.004799026995897293,1.3377632379968778,1.0159970503300428,3.214761900901794,0.6161170974373817,6.5176241640001535,151729914.31111112,151735808.0,151735808.0,151470592.0,151735808.0,0.30622321115845025,0.3059276690085729,0.3103032335639,0.30046192308266956,0.3199351330598195
physionet_mi,cardinal_fbc_compactdyn_scale010,810,23402.0,23402.0,23402.0,23402.0,23402.0,23.358024691358025,14.0,80.54999999999995,0.0,196.0,24.358024691358025,15.0,81.54999999999995,1.0,197.0,1.0740621458325121,0.8977659344673157,2.12180238654837,0.5785943791270256,3.7996878772974014,0.34700774921357264,0.20566890202462673,1.1667527833022169,0.011541545391082764,2.838692918419838,0.004594929520914584,0.004584695212543011,0.004664143547415733,0.004503438249230385,0.006266994401812553,1.4670766388169594,1.1438743276521564,3.3305319516919543,0.6406962145119905,6.621486505493522,151623353.83703703,151626752.0,151626752.0,151430144.0,151626752.0,0.30632863472763894,0.30564634750286734,0.3109429031610489,0.300229216615359,0.41779962678750354
physionet_mi,cardinal_fbc_compactdyn_scale010_extended,810,32042.0,32042.0,32042.0,32042.0,32042.0,23.646913580246913,14.0,85.64999999999986,0.0,199.0,24.646913580246913,15.0,86.64999999999986,1.0,200.0,1.072570021689674,0.8945600250735879,2.1768251444213087,0.5638293046504259,3.774628344923258,0.34659631031530874,0.20553850196301937,1.1982365054078394,0.011495668441057205,2.8984532225877047,0.004593656046522988,0.004587610252201557,0.004657758679240942,0.004518374800682068,0.005531225353479385,1.4657048782586684,1.1506824437528849,3.4255125613883135,0.6252426318824291,6.711703360080719,151730569.1654321,151735808.0,151735808.0,151470592.0,151735808.0,0.30624373643486585,0.30584068348010385,0.31051724528272945,0.3012249867121379,0.3687483568986257
physionet_mi,cardinal_fbc_compactdyn_scale025,810,23402.0,23402.0,23402.0,23402.0,23402.0,22.386419753086418,13.0,78.54999999999995,0.0,194.0,23.386419753086418,14.0,79.54999999999995,1.0,195.0,1.0549258587996901,0.8773013530299067,2.103167551103979,0.5850620064884424,3.673282954841852,0.33154590595513583,0.19541703164577484,1.1461237852461634,0.011367889121174812,2.648421509191394,0.004593545731938916,0.004587762989103794,0.0046539388597011564,0.004519272595643997,0.004744924604892731,1.4328486548575723,1.1202831901609898,3.3022184848785394,0.6511796489357948,6.3677000142633915,151623111.1111111,151626752.0,151626752.0,151430144.0,151626752.0,0.306236382129261,0.3058508659402529,0.3102625906467438,0.3012848397095998,0.3163283069928487
physionet_mi,cardinal_fbc_compactdyn_scale025_extended,810,32042.0,32042.0,32042.0,32042.0,32042.0,22.75679012345679,12.0,82.0,0.0,198.0,23.75679012345679,13.0,83.0,1.0,199.0,1.0663821869311325,0.8713562972843647,2.126899582613259,0.5751425791531801,3.7661107033491135,0.33788576729963593,0.189003205858171,1.1716019376181053,0.01160384714603424,2.853783981874585,0.004591337391347797,0.0045854924246668816,0.004661962296813727,0.00451725535094738,0.005359316244721413,1.4512749950596948,1.1112426351755857,3.3273439591750495,0.6368570569902658,6.6264013554900885,151731224.0197531,151735808.0,151735808.0,151470592.0,151735808.0,0.30608915942318643,0.3056994949777921,0.31079748645424843,0.3011503567298253,0.3572877496480942
physionet_mi,cardinal_fbc_corr,810,12026.0,12026.0,12026.0,12026.0,12026.0,25.69382716049383,15.0,92.09999999999991,0.0,194.0,26.69382716049383,16.0,93.09999999999991,1.0,195.0,1.0298501958656643,0.8467149836942554,2.1587749810889356,0.5128646027296782,3.4486694540828466,0.3594163857285439,0.21282213740050793,1.2665020999498653,0.010958662256598473,2.664498295634985,0.0039246137127464205,0.003920325078070164,0.003984687197953462,0.0038504507392644882,0.004395598545670509,1.4327068975770179,1.1080284658819437,3.4668020896613596,0.5710247531533241,6.1598700396716595,142976629.57037038,142976512.0,142976512.0,142875136.0,143034880.0,0.2616409141830947,0.2613550052046776,0.2656458131968975,0.2566967159509659,0.2930399030447006
physionet_mi,cardinal_fbc_corr_extended,810,14906.0,14906.0,14906.0,14906.0,14906.0,25.406172839506173,15.0,89.0,0.0,194.0,26.406172839506173,16.0,90.0,1.0,195.0,1.0278528579154316,0.8473375281319022,2.0957873222418115,0.510383253917098,3.519746771082282,0.35904628545229816,0.21624423563480377,1.22860190141946,0.010725053027272224,2.713315973058343,0.003921150655290227,0.003915688954293728,0.003976765461266041,0.0038445983082056046,0.0056755878031253815,1.4302934377419727,1.1094058007001877,3.372803075425326,0.5512165650725365,6.210192762315273,143011540.38518518,143013376.0,143013376.0,142889472.0,143013376.0,0.26141004368601517,0.2610459302862485,0.26511769741773605,0.25630655388037366,0.37837252020835876
physionet_mi,cardinal_fbc_extended,810,12098.0,12098.0,12098.0,12098.0,12098.0,23.113580246913582,14.0,77.54999999999995,0.0,196.0,24.113580246913582,15.0,78.54999999999995,1.0,197.0,0.7478070302532963,0.6332497578114271,1.4530080967582757,0.40938317216932774,2.63262683711946,0.2412872062927043,0.15010088309645653,0.7629031317308543,0.008256858214735985,2.0053019262850285,0.0033408514166503775,0.0033375630155205727,0.003392387554049492,0.0032752007246017456,0.0034348908811807632,1.0298907633732866,0.829448458738625,2.2527515379711978,0.4627160597592592,4.649474008008838,131932553.1654321,131906048.0,132003328.0,131805696.0,132022784.0,0.22272342777669188,0.22250420103470486,0.22615917026996613,0.2183467149734497,0.22899272541205087
physionet_mi,cardinal_fbc_micro,810,11122.0,11122.0,11122.0,11122.0,11122.0,23.04567901234568,13.0,83.54999999999995,0.0,194.0,24.04567901234568,14.0,84.54999999999995,1.0,195.0,1.2196824735398462,1.0090502351522446,2.51772387791425,0.6208744719624519,4.311092766001821,0.4000298353302994,0.2286592097952962,1.4122341838665298,0.012644853442907333,3.298294583335519,0.004783382630090654,0.004777397960424423,0.0048571999184787275,0.0046822428703308105,0.004972623661160469,1.6657574284384833,1.2823294214904308,3.9661566862836475,0.6811684723943472,7.620098212733865,131910662.32098766,131912704.0,131912704.0,131815424.0,131912704.0,0.318892175339377,0.3184931973616282,0.3238133278985818,0.3121495246887207,0.3315082440773646
physionet_mi,cardinal_fbc_micro_extended,810,14642.0,14642.0,14642.0,14642.0,14642.0,21.569135802469138,12.0,71.54999999999995,0.0,199.0,22.569135802469138,13.0,72.54999999999995,1.0,200.0,1.185065294082426,1.0023510186001658,2.2235823038034135,0.6363659240305424,4.301264358684421,0.37326241871687,0.21984966937452555,1.1847466497682033,0.016094684600830078,3.1124264765530825,0.0047877611707390095,0.0047791823744773865,0.004853764735162258,0.004694253206253052,0.006930457428097725,1.6044056156282256,1.2711694883182645,3.4570820289663966,0.6967597436159849,7.446119714528322,131959234.05432099,131961856.0,131961856.0,131836928.0,131961856.0,0.3191840780492673,0.31861215829849243,0.32358431567748386,0.31295021375020343,0.462030495206515
physionet_mi,cardinal_fbc_physical,810,13807.0,13807.0,13807.0,13807.0,13807.0,23.165432098765432,12.0,84.54999999999995,0.0,191.0,24.165432098765432,13.0,85.54999999999995,1.0,192.0,1.3748960501824816,1.1256522154435515,2.8294466962106517,0.7194983642548323,4.925721287727356,0.4545821822765801,0.2505283411592245,1.629073336161672,0.01483580656349659,3.704923188313842,0.005223189728955428,0.005213736556470394,0.005293334554880858,0.00511574000120163,0.006461892277002335,1.875784957266332,1.4172644270583987,4.479760659951716,0.7828497756272554,8.663129257038236,131954733.51111111,131957248.0,131957248.0,131837440.0,131957248.0,0.3482126485970285,0.3475824370980263,0.3528889703253905,0.34104933341344196,0.4307928184668223
physionet_mi,cardinal_fbc_physical_extended,810,18607.0,18607.0,18607.0,18607.0,18607.0,22.234567901234566,12.0,79.54999999999995,0.0,194.0,23.234567901234566,13.0,80.54999999999995,1.0,195.0,1.3633962460828049,1.1316082887351513,2.7257587939500794,0.6977710910141468,4.8636095356196165,0.4415097851720121,0.2507617333903909,1.5173807492479672,0.014248082414269447,3.759092377498746,0.005220545060288759,0.005210055038332939,0.005298377759754658,0.005128471180796623,0.007124939933419228,1.8506849009750619,1.4227194115519524,4.287461645156145,0.744597177952528,8.655455205589533,132023570.33086419,132026880.0,132026880.0,131869184.0,132026880.0,0.34803633735258394,0.3473370025555293,0.35322518398364383,0.3418980787197749,0.47499599556128186
physionet_mi,cardinal_fbms,810,11441.0,11441.0,11441.0,11441.0,11441.0,25.91604938271605,13.0,101.54999999999995,0.0,191.0,26.91604938271605,14.0,102.54999999999995,1.0,192.0,0.8970618333368574,0.7151088789105415,2.0000770473852745,0.4486968405544758,3.021001072600484,0.317925849262579,0.16689897794276476,1.209898717328906,0.00992511585354805,2.3231375962495804,0.003673571545952632,0.003667936660349369,0.0037310628220438955,0.0036025438457727432,0.004894403740763664,1.2590165612253326,0.9295210735872388,3.2492843228392303,0.49277958273887634,5.391928035765886,208964451.23950619,208957952.0,209035776.0,208839168.0,209074688.0,0.2449047697301755,0.24452911068995795,0.24873752146959305,0.2401695897181829,0.32629358271757763
physionet_mi,cardinal_fbms_extended,810,14321.0,14321.0,14321.0,14321.0,14321.0,25.891358024691357,13.0,101.54999999999995,0.0,191.0,26.891358024691357,14.0,102.54999999999995,1.0,192.0,0.8977403361189329,0.7134844632819295,2.0197227763012044,0.45285861007869244,3.0203410368412733,0.3182747501006097,0.16742072999477386,1.2223806643858541,0.009802831336855888,2.273482659831643,0.0036734816054871055,0.0036711879074573517,0.0037268286570906637,0.0035932157188653946,0.003809042274951935,1.259239489543769,0.9222835963591933,3.280215463414788,0.5122978743165731,5.289122713729739,209005263.32839507,208994816.0,209072640.0,208853504.0,209111552.0,0.24489877369914032,0.2447458604971568,0.24845524380604425,0.2395477145910263,0.25393615166346234
physionet_mi,cardinal_mix,810,11153.0,11153.0,11153.0,11153.0,11153.0,26.341975308641974,15.0,93.0,0.0,199.0,27.341975308641974,16.0,94.0,1.0,200.0,0.8583209824391905,0.7115909354761243,1.7972982836887232,0.4618964847177267,2.944532711058855,0.30692876395252017,0.18033317010849714,1.0626933724619445,0.009609196335077286,2.2709780540317297,0.003559774558209343,0.003555883653461933,0.0036156763322651385,0.003485778346657753,0.003728950396180153,1.2086451557729347,0.9359768610447645,2.8904519731178877,0.5012908596545458,5.23369150608778,209984859.65432099,209986048.0,209986048.0,209889792.0,209986048.0,0.23731830388062283,0.23705891023079556,0.24104508881767592,0.23238522311051688,0.24859669307867685
physionet_mi,cardinal_mix_drop,810,11153.0,11153.0,11153.0,11153.0,11153.0,28.881481481481483,15.0,100.0,0.0,197.0,29.881481481481483,16.0,101.0,1.0,198.0,0.9008112634244708,0.7217042604461312,1.9100221280008551,0.466702688485384,2.9490866027772427,0.3378551056401597,0.1854327917098999,1.145743861980736,0.010968850925564766,2.310073995962739,0.00355929950091206,0.00355538260191679,0.0036114738322794437,0.0034936033189296722,0.003778994083404541,1.2817831935131072,0.9489005925133824,3.108859932608902,0.5267274919897318,5.265301909297705,210158272.1580247,210159104.0,210159104.0,210062848.0,210159104.0,0.23728663339413736,0.23702550679445267,0.2407649221519629,0.2329068879286448,0.25193293889363605
physionet_mi,ctnet,810,150422.0,150422.0,150422.0,150422.0,150422.0,16.871604938271606,5.0,81.09999999999991,0.0,196.0,17.871604938271606,6.0,82.09999999999991,1.0,197.0,2.3355221046571746,1.8167593581601977,5.227838151622563,1.5280698146671057,9.196180844679475,0.6187852018363313,0.20989542175084352,2.8069487627595655,0.03486704081296921,6.8807692267000675,0.010141930370419114,0.010129188187420368,0.010282998438924551,0.00998242199420929,0.010603448376059532,3.0159878885304487,2.0851146271452308,8.121120734233406,1.6198651622980833,16.057808108627796,121596340.14814815,121830912.0,121830912.0,120564224.0,121830912.0,0.6761286913612743,0.6752792124946911,0.6855332292616367,0.6654947996139526,0.7068965584039688
physionet_mi,ctnet_compact,810,26378.0,26378.0,26378.0,26378.0,26378.0,33.044444444444444,17.0,124.0,0.0,199.0,34.044444444444444,18.0,125.0,1.0,200.0,3.0201364744500614,2.3861049143597484,7.590864175651222,1.2423616517335176,10.231942867860198,0.9979630720238258,0.5499421507120132,3.606884908489883,0.02931690774857998,5.787015585228801,0.008058076080532722,0.00804939866065979,0.008171357214450836,0.007914027199149132,0.008480023592710495,4.076450677121771,3.0122186187654734,11.313933547679332,1.318854134529829,16.059464445337653,89206739.75308642,89240576.0,89240576.0,88969216.0,89240576.0,0.5372050720355148,0.5366265773773193,0.5447571476300558,0.5276018132766088,0.5653349061806997
physionet_mi,deep4,810,145677.0,145677.0,145677.0,145677.0,145677.0,8.046913580246914,2.0,36.549999999999955,0.0,176.0,9.046913580246914,3.0,37.549999999999955,1.0,177.0,0.38313421968738604,0.33579576667398214,0.6396171280182898,0.261326115578413,1.8327424358576536,0.0715566869687151,0.023746217601001263,0.29845637409016457,0.005868908017873764,1.4269950445741415,0.0011934849859019856,0.0011931546032428741,0.0012107271701097488,0.001158231869339943,0.001269608736038208,0.49097570007505975,0.39487622678279877,0.9772608571685847,0.2933231871575117,3.277156215161085,79220943.32839507,79500800.0,79500800.0,78326272.0,79500800.0,0.07956566572679903,0.07954364021619162,0.08071514467398326,0.0772154579559962,0.0846405824025472
physionet_mi,eegconformer,810,510946.0,510946.0,510946.0,510946.0,510946.0,14.65925925925926,10.0,49.0,0.0,152.0,15.65925925925926,11.0,50.0,1.0,153.0,2.0604804207076444,1.8510940987616777,3.5567425431683652,1.2543671187013388,7.408596551045775,0.4812520298233003,0.32940177246928215,1.479475953802466,0.030513247475028038,4.583356665447354,0.008069288052250575,0.008057842031121254,0.008177483268082143,0.007930444553494453,0.0097182746976614,2.6093581626720637,2.251522800885141,5.0288837620988485,1.349774518981576,11.688142178580165,905502409.0074074,905922560.0,905922560.0,901772288.0,905922560.0,0.537952536816705,0.5371894687414169,0.5451655512054762,0.5286963035662969,0.6478849798440933
physionet_mi,eegconformer_compact,810,471506.0,471506.0,471506.0,471506.0,471506.0,14.755555555555556,9.0,52.549999999999955,0.0,149.0,15.755555555555556,10.0,53.549999999999955,1.0,150.0,1.7365748797255902,1.545361116528511,3.1477928966283795,0.9199989270418882,6.498205026611686,0.4774115544387404,0.3105457052588463,1.6421919463202352,0.02264011651277542,4.51369602791965,0.005759060017212674,0.005755533464252949,0.005838337913155555,0.005622284486889839,0.0065211281180381775,2.2713018143572556,1.9013240775093436,4.849002745468169,0.9992228802293539,11.069375770166516,904741340.6024691,905254912.0,905254912.0,901438464.0,905254912.0,0.3839373344808449,0.38370223095019657,0.38922252754370373,0.37481896579265594,0.4347418745358785
physionet_mi,eegnet,810,1762.0,1762.0,1762.0,1762.0,1762.0,58.239506172839505,15.0,199.0,0.0,199.0,59.239506172839505,16.0,200.0,1.0,200.0,0.6438060509224917,0.3660257561132312,1.578859023936093,0.21493269503116608,1.6274630278348923,0.3911136573019587,0.10305357351899147,1.344365964177996,0.004548080265522003,1.386535920202732,0.000831925659727903,0.0008304407820105553,0.0008600547909736634,0.0007952749729156494,0.0009034406393766403,1.0630389215999547,0.49137716833502054,2.9500152990221977,0.2413253728300333,2.9958982430398464,88801188.97777778,88805376.0,88820736.0,88783872.0,88823808.0,0.05546171064852687,0.05536271880070369,0.05733698606491089,0.05301833152770996,0.06022937595844269
physionet_mi,eegsym,810,21460.0,21460.0,21460.0,21460.0,21460.0,77.40617283950617,60.0,198.0,0.0,199.0,78.40617283950617,61.0,199.0,1.0,200.0,3.173837808836941,2.751588659361005,6.234561268612741,0.7645690739154816,6.841880463063717,1.824292503260536,1.3797292271628976,4.71248034266755,0.019937589764595032,4.7793417274951935,0.004873996147494993,0.004870112985372543,0.00494694160297513,0.004767915233969688,0.005013102665543556,5.06187779241138,4.190876298584044,10.934437811095266,0.850588995963335,11.666848182678223,270350336.0,270350336.0,270350336.0,270350336.0,270350336.0,0.3249330764996662,0.3246741990248362,0.32979610686500865,0.31786101559797925,0.33420684436957043
physionet_mi,eegsym_wide,810,177848.0,177848.0,177848.0,177848.0,177848.0,24.766666666666666,12.0,101.54999999999995,0.0,199.0,25.766666666666666,13.0,102.54999999999995,1.0,200.0,1.8469807722663254,1.4447667440399528,4.455902608390894,0.9002820383757353,7.013776576146483,0.7931276297104763,0.3969064727425575,3.151339886337517,0.028891054913401604,6.1911836341023445,0.0055147773390750825,0.005510964430868626,0.005578108411282301,0.005374308675527573,0.006111595779657364,2.7080926072220377,1.906904417090118,7.717074870504436,1.0022592190653086,12.983565522357821,630689420.325926,630922752.0,630922752.0,629695488.0,630922752.0,0.3676518226050055,0.36739762872457504,0.3718738940854867,0.3582872450351715,0.4074397186438243
physionet_mi,eegtcnet,810,4014.0,4014.0,4014.0,4014.0,4014.0,76.01975308641975,40.0,199.0,0.0,199.0,77.01975308641975,41.0,200.0,1.0,200.0,3.1834954335020833,2.2768672984093428,6.4808719993568955,0.8137847036123276,6.689795773476362,2.176814783812949,1.1716160736978054,5.6301450952887535,0.027064088732004166,5.700248694047332,0.004950969737529019,0.004946860484778881,0.005035417340695858,0.0048084016889333725,0.0061495341360569,5.395660471525273,3.524082090705633,12.118660091236233,0.8662951029837132,12.41619486734271,95244219.73333333,95257600.0,95262822.4,95206400.0,95273984.0,0.33006464916860123,0.3297906989852587,0.33569448937972385,0.32056011259555817,0.40996894240379333
physionet_mi,fbcnet,810,9218.0,9218.0,9218.0,9218.0,9218.0,23.112345679012346,14.0,79.09999999999991,0.0,196.0,24.112345679012346,15.0,80.09999999999991,1.0,197.0,0.6124578178250863,0.5163606982678175,1.1884208925068367,0.34972284361720085,2.1768325865268707,0.1993232792151379,0.12222418375313282,0.6542348491959259,0.00691705197095871,1.6490444466471672,0.0026577602543028786,0.00265570729970932,0.0027012704871594907,0.0026064179837703705,0.0028015468269586563,0.850472850472103,0.6749189328402281,1.8860855407081538,0.3889107462018728,3.8228199928998947,132382114.44938272,132274688.0,132685312.0,131786752.0,132704768.0,0.1771840169535252,0.17704715331395465,0.18008469914396605,0.1737611989180247,0.18676978846391043
physionet_mi,fbmsnet,810,11441.0,11441.0,11441.0,11441.0,11441.0,25.993827160493826,13.0,101.54999999999995,0.0,191.0,26.993827160493826,14.0,102.54999999999995,1.0,192.0,0.8124413282047084,0.6402234705165029,1.7975317057222129,0.4367737602442503,2.6972850672900677,0.36244808524203154,0.18766768369823694,1.370382567681372,0.012044312432408333,2.6112279556691647,0.003093676420825499,0.0030921362340450287,0.003137149475514889,0.0030269213020801544,0.003194071352481842,1.216507927413432,0.8659730441868305,3.2136386471800504,0.48885546810925007,5.343148509040475,191136816.67160493,191101440.0,191388160.0,190520320.0,191531520.0,0.20624509472169994,0.20614241560300192,0.20914329836765924,0.20179475347201029,0.21293809016545615
physionet_mi,free_cardinal,810,15907.0,15907.0,15907.0,15907.0,15907.0,27.71851851851852,19.0,92.54999999999995,0.0,193.0,28.71851851851852,20.0,93.54999999999995,1.0,194.0,0.6694329653142227,0.5652840286493301,1.3671035521663721,0.3280785735696554,2.1218216251581907,0.2656075837849467,0.17925703525543213,0.8935771653428667,0.008846892043948174,1.8738966267555952,0.0013176680852969487,0.0013180561363697052,0.0013426274992525578,0.0012696366757154465,0.0014134962111711502,0.9593816312972778,0.7698162607848644,2.277215312235057,0.3660304415971041,3.9651195630431175,180970847.44691357,180971008.0,180971008.0,180840960.0,180971008.0,0.08784453901979658,0.08787040909131368,0.08950849995017052,0.08464244504769643,0.09423308074474335
physionet_mi,free_scope,810,41893.0,41893.0,41893.0,41893.0,41893.0,13.37283950617284,4.0,61.0,0.0,163.0,14.37283950617284,5.0,62.0,1.0,164.0,1.0888690081666466,0.9001941569149494,2.224610712658611,0.6209975220263004,4.596879007294774,0.2833759129047394,0.09088878706097603,1.2450365214608605,0.014522522687911987,3.932607978582382,0.0036679812281587977,0.0035863080993294716,0.0036328217014670373,0.0035194382071495056,0.00686376728117466,1.4066657415418713,1.0052765300497413,3.510939426068213,0.6743720453232527,8.569378698244691,107681216.79012346,107705344.0,107705344.0,107350016.0,107705344.0,0.2445320818772532,0.23908720662196475,0.2421881134311358,0.23462921380996704,0.457584485411644
physionet_mi,scope,810,39589.0,39589.0,39589.0,39589.0,39589.0,9.624691358024691,3.0,49.0,0.0,155.0,10.624691358024691,4.0,50.0,1.0,156.0,1.19532052544578,1.0425498317927122,2.2755245693027972,0.7526285257190466,5.130002999678254,0.23749058830701275,0.08520312048494816,1.143963707704097,0.016953838989138603,3.5472845192998648,0.0046869766036117515,0.004676343873143196,0.0047204654663801195,0.004608284682035446,0.008576424792408943,1.4683050719998132,1.1527951527386904,3.4685608518309885,0.8175615575164557,8.714724501594901,107681730.05432099,107692544.0,107692544.0,107355648.0,107692544.0,0.3124651069074501,0.31175625820954644,0.3146976977586746,0.3072189788023631,0.5717616528272629
physionet_mi,shallow,810,36962.0,36962.0,36962.0,36962.0,36962.0,48.65802469135802,40.0,143.0999999999999,0.0,198.0,49.65802469135802,41.0,144.0999999999999,1.0,199.0,0.5701821583081726,0.5154437618330121,1.2034610197879372,0.2030358798801899,1.4195688087493181,0.3071262976752571,0.25590382888913155,0.8949797645211217,0.00402451865375042,1.265344962477684,0.0007762131752607263,0.000774431973695755,0.0007967459037899971,0.0007432587444782257,0.0008844267576932907,0.903273865920894,0.8022914426401258,2.1243418134748935,0.22825593873858452,2.697464471682906,76609627.02222222,76636160.0,76636160.0,76335104.0,76645376.0,0.05174754501738175,0.05162879824638367,0.05311639358599981,0.04955058296521505,0.05896178384621938
physionet_mi,tcformer,810,75668.0,75668.0,75668.0,75668.0,75668.0,32.544444444444444,9.0,155.0999999999999,0.0,199.0,33.544444444444444,10.0,156.0999999999999,1.0,200.0,6.936211135314295,4.5984472669661045,19.68934899624436,3.6043959204107523,20.887725384905934,4.207634684471069,1.2591647747904062,19.534500352013836,0.12393840402364731,25.092850279062986,0.029719278561296286,0.029704765416681767,0.03010604055598378,0.029174193739891052,0.03132758475840092,11.222094942328095,5.9357831459492445,39.22964030485596,3.798570651561022,45.9047153647989,332139690.6666667,332350976.0,332350976.0,331717120.0,332350976.0,1.9812852374197525,1.980317694445451,2.0070693703989186,1.94494624932607,2.088505650560061
ALL_DATASETS,atcnet,2240,104003.02232142857,104682.0,104682.0,66936.0,105012.0,52.73258928571428,29.0,180.0,0.0,199.0,53.73258928571428,30.0,181.0,1.0,200.0,60.179443489497395,34.711384429596364,165.4746685024351,6.017183732241392,391.4811615552753,44.84194473199314,14.78164086677134,171.21706235948932,0.1931924968957901,444.5797974076122,0.1329665774363093,0.12642635870724916,0.15102721508592365,0.05404747277498245,0.960977666079998,105.24160499331275,48.65150724723935,338.6798561016097,6.333492171019316,820.2830451950431,143611201.37142858,160724992.0,161580032.0,100502528.0,297328640.0,3.332479278350034,3.206616546958685,3.6972527702649436,2.4304544553160667,3.7586919963359833
ALL_DATASETS,atcnet_aggressive_pool,2240,104673.62946428571,104682.0,104682.0,104106.0,105012.0,51.071875,24.0,180.0,0.0,199.0,52.071875,25.0,181.0,1.0,200.0,58.084658193117605,32.61573444958776,165.47620227970182,6.007454425096512,376.2895593922585,42.38126505377836,12.316726251505315,171.48857154473657,0.19258865155279636,449.77245176397264,0.13339128875273412,0.12509932555258274,0.18446207670494913,0.05415935441851616,0.96532185934484,100.68813894794854,42.46545750275254,338.1082545774989,6.332532957196236,826.3421226646751,143717604.34285715,160729088.0,161580032.0,103919104.0,297349120.0,3.3342084449212224,3.1902503222227097,3.6937915782133737,2.920802637365543,3.755899394551913
ALL_DATASETS,cardinal,2240,15989.325892857143,15907.0,15907.0,15907.0,20005.0,37.30357142857143,26.0,109.0,0.0,198.0,38.30357142857143,27.0,110.0,1.0,199.0,1.7301770630217757,1.3891530390828848,4.046144551131871,0.37957712821662426,9.343851448968053,1.1838473984838596,0.6198068168014288,3.9533499713055735,0.009716974571347237,8.87438490986824,0.0022838362384521005,0.002172950655221939,0.0023130759596824645,0.0017660651355981827,0.009164266288280487,2.9618766279799664,2.076647099107504,8.099304130487143,0.4266438540071249,18.27503109164536,276997377.37142855,312370688.0,313231872.0,180888576.0,688626176.0,0.07717242900724905,0.05500067491084337,0.12263262023528416,0.022157153580337763,0.13042489687601724
ALL_DATASETS,cardinal_dynamics,2240,24434.040178571428,24418.0,24418.0,24162.0,25444.0,35.214732142857144,22.0,106.0,0.0,198.0,36.214732142857144,23.0,107.0,1.0,199.0,1.4444953049308553,1.093124688602984,3.386003741435698,0.31011858955025673,10.23547450080514,0.9716606800976608,0.46493834536522627,3.254323748592287,0.006659431383013725,11.089931374415755,0.001790549053112045,0.0017086733132600784,0.0017561138607561587,0.0015680473297834396,0.00658787414431572,2.4648140698862595,1.6115994434803724,6.6967743523418815,0.33408840373158455,21.466631827875972,170552630.17142856,190696448.0,191558656.0,123497984.0,491448832.0,0.0647703814209312,0.0432558823376894,0.10885829105973244,0.010822375770658255,0.20978736380736032
ALL_DATASETS,cardinal_dynamics_compact,2240,14198.04017857143,14186.0,14186.0,13994.0,14956.0,37.240625,25.0,110.0,0.0,196.0,38.240625,26.0,111.0,1.0,197.0,1.4933260789989227,1.1227505262941122,3.482933052442967,0.30679937079548836,9.255334617570043,1.0384902834892273,0.5191881321370602,3.409687495231625,0.006317444145679474,9.025117062032223,0.001783751872634249,0.001711408607661724,0.001759649720042944,0.0015628598630428314,0.006473494693636894,2.580242867844312,1.6850976487621665,6.971290151029815,0.3301281575113535,18.421774243935943,144985522.97142857,160159744.0,161021952.0,109521408.0,387678720.0,0.06475242830602507,0.04327849019318819,0.10901382192969322,0.010826328070834279,0.12477686007817586
ALL_DATASETS,cardinal_dynamics_extended,2240,34674.04017857143,34658.0,34658.0,34402.0,35684.0,31.883035714285715,19.0,98.0,0.0,197.0,32.88303571428571,20.0,99.0,1.0,198.0,1.3970025545618097,1.0729227773845196,3.3568909759633234,0.3073950279504061,9.841458939015865,0.9026336354760652,0.43592501897364855,3.1044320533052074,0.006581459194421768,9.808604784309864,0.0017878868700271207,0.0017094705253839493,0.001754164882004261,0.001570001244544983,0.00539766252040863,2.3485910365249896,1.5354499844834208,6.497251051850604,0.3356948886066675,19.78753904812038,170689684.8,190865408.0,191727616.0,123542016.0,491533824.0,0.0646950961168746,0.04323418252170086,0.10871384913722673,0.01079521025530994,0.11311893661816914
ALL_DATASETS,cardinal_dynamics_sinc,2240,9696.96875,9683.0,9683.0,9491.0,10549.0,40.84508928571429,25.0,128.0,0.0,199.0,41.84508928571429,26.0,129.0,1.0,200.0,2.007778464481401,1.4944450240582228,4.947419574297964,0.3878605868667364,12.315762739628553,1.4637325647561479,0.7458072220906615,4.936540945433077,0.008017919957637787,14.63676174543798,0.0022711456229444595,0.0021896464750170708,0.00224831597879529,0.0020203758031129837,0.006451817229390144,3.5204524794734815,2.25501692481339,9.918668682873248,0.4136474337428808,27.086687127128243,128054341.71428572,140589568.0,141451776.0,99901440.0,304315904.0,0.08306704786748814,0.05544021259993315,0.13989524294932681,0.01313092652708292,0.14657254020373026
ALL_DATASETS,cardinal_dynamics_sinc_extended,2240,13536.96875,13523.0,13523.0,13331.0,14389.0,38.425446428571426,25.0,115.0,0.0,199.0,39.425446428571426,26.0,116.0,1.0,200.0,1.941852612821718,1.4453124236315489,4.625521294679488,0.37713608145713806,12.631029656156898,1.3795709331711155,0.6961556430906057,4.488856982532888,0.008014943450689316,14.243817990645766,0.002272558120811092,0.002191886305809021,0.002250771690160036,0.0020310431718826294,0.005857223644852638,3.36995581698554,2.1861993363127112,9.188602890819308,0.4067673310637474,27.01395004428923,128111451.2,140656128.0,141518336.0,99919872.0,304349696.0,0.08322639056713757,0.05539811681956053,0.1404654545088609,0.013187812874093652,0.144244854648908
ALL_DATASETS,cardinal_dynamics_sinc_residual,2240,9944.96875,9931.0,9931.0,9739.0,10797.0,40.205357142857146,24.0,125.0,0.0,199.0,41.205357142857146,25.0,126.0,1.0,200.0,2.9394678869351214,2.108166172169149,7.220635826699434,0.5498653296381235,17.858157822862267,2.3625506063391057,1.047826454974711,8.249615982361131,0.012437805533409119,19.361453959718347,0.003994916612282395,0.003147137351334095,0.005804620683193207,0.0029254723340272903,0.016038980334997177,5.354013948373696,3.200564431026578,15.41882369909435,0.5823378581553698,37.36219875141978,191433753.14285713,218437120.0,219299328.0,128221696.0,490446336.0,0.14363661709229955,0.14053648337721825,0.3614403183261553,0.018551625544205308,0.3764349967241287
ALL_DATASETS,cardinal_fbc,2240,9264.325892857143,9218.0,9218.0,9218.0,11524.0,47.705357142857146,34.0,135.04999999999973,0.0,199.0,48.705357142857146,35.0,136.04999999999973,1.0,200.0,2.145673457508175,1.5777452690526843,5.082365029957145,0.4193758089095354,11.890943728387356,1.5903731977051523,0.7680405769497156,4.948481536004678,0.008288456127047539,12.729298958554864,0.0036688685625059798,0.003446267917752266,0.003557922411710024,0.0032677780836820602,0.010306175798177719,3.7955974817109692,2.4147939262911677,10.185457518137977,0.4723905213177204,24.761386528611183,187187883.8857143,207700992.0,208601088.0,131791360.0,422494720.0,0.13293287205909143,0.08739696349948645,0.22542155037323633,0.026841810904443264,0.23381287852923074
ALL_DATASETS,cardinal_fbc_compactdyn,2240,23460.32589285714,23402.0,23402.0,23210.0,26476.0,37.892857142857146,28.0,109.0,0.0,193.0,38.892857142857146,29.0,110.0,1.0,194.0,2.584541249737543,1.9614199735224247,5.968316012155261,0.5690488088876009,14.622612396255136,1.744686394123294,0.8819458214566112,5.557015430741008,0.01130158081650734,13.843385681509972,0.0050027422024868425,0.0047678397968411446,0.004892475809901952,0.0045019760727882385,0.013207325711846352,4.394692884368124,2.893515922129154,11.457497657556086,0.6132114008069038,28.610192585736513,217746788.1142857,247643136.0,248388608.0,151430144.0,422623744.0,0.18265546677545222,0.12080853339284658,0.3086882643401623,0.031960499472916126,0.3146345416704814
ALL_DATASETS,cardinal_fbc_compactdyn_extended,2240,32100.32589285714,32042.0,32042.0,31850.0,35116.0,36.314732142857146,26.5,103.0,0.0,193.0,37.314732142857146,27.5,104.0,1.0,194.0,2.528374670816785,1.9358578901737928,5.707100866828109,0.5586431752890348,14.74448562785983,1.6702816804006164,0.8303292244672775,5.156643949914721,0.011518163606524467,14.119872618466616,0.004994192726111838,0.00476369634270668,0.004873931407928467,0.004506928846240044,0.01344713382422924,4.264186624526545,2.8598206136375666,10.995167384669184,0.6161170974373817,28.99255533516407,217856429.25714287,247752192.0,248536064.0,151470592.0,422696448.0,0.18251552172188146,0.12019008863717318,0.30861029401421547,0.032014824682846665,0.3199351330598195
ALL_DATASETS,cardinal_fbc_compactdyn_scale010,2240,23460.32589285714,23402.0,23402.0,23210.0,26476.0,47.25267857142857,34.0,133.0,0.0,199.0,48.25267857142857,35.0,134.0,1.0,200.0,2.9205949174331702,2.169585064984858,6.69484542170539,0.5785943791270256,15.591099616140127,2.1614874103688635,1.0832785237580538,6.736300267837941,0.011541545391082764,16.734584856778383,0.004993640449330477,0.004762354306876659,0.004884278774261474,0.004503438249230385,0.013203548267483711,5.147515135991853,3.3325609089806676,13.58090883968398,0.6406962145119905,32.47067958302796,217747750.85714287,247643136.0,248388608.0,151430144.0,422623744.0,0.18252488461997982,0.12013299856334925,0.3090481956799825,0.03189448616467416,0.41779962678750354
ALL_DATASETS,cardinal_fbc_compactdyn_scale010_extended,2240,32100.32589285714,32042.0,32042.0,31850.0,35116.0,47.00803571428571,34.0,130.0,0.0,199.0,48.00803571428571,35.0,131.0,1.0,200.0,2.91172907997721,2.2156975278630853,6.785592210106548,0.5638293046504259,15.607376608997583,2.1471205538779032,1.1063977926969528,6.732175353821365,0.011495668441057205,16.89820535108447,0.004992015433630773,0.004759821109473705,0.004878758732229471,0.004518374800682068,0.013415003195405006,5.124692555521116,3.401519230566919,13.614071527402828,0.6252426318824291,32.61943502165377,217856770.97142857,247752192.0,248536064.0,151470592.0,422696448.0,0.18246343677517562,0.12005981989204884,0.3085779833296935,0.03195721656084061,0.3687483568986257
ALL_DATASETS,cardinal_fbc_compactdyn_scale025,2240,23460.32589285714,23402.0,23402.0,23210.0,26476.0,46.575892857142854,34.0,125.0,0.0,199.0,47.575892857142854,35.0,126.0,1.0,200.0,2.9192406793266334,2.3380424669012427,6.7732597184367345,0.5850620064884424,15.613035200163722,2.154569518862159,1.2228900799527764,6.605258850101375,0.011367889121174812,16.857077887281775,0.005002191978772836,0.004772557877004147,0.004881852678954602,0.004519272595643997,0.013209061697125435,5.138985161459173,3.6038805106654763,13.518955752905454,0.6511796489357948,32.61427488178015,217747663.08571428,247643136.0,248388608.0,151430144.0,422623744.0,0.18272696420178597,0.12076650746166706,0.30864618097742397,0.03186485264450312,0.3163283069928487
ALL_DATASETS,cardinal_fbc_compactdyn_scale025_extended,2240,32100.32589285714,32042.0,32042.0,31850.0,35116.0,45.689732142857146,34.5,122.0,0.0,198.0,46.689732142857146,35.5,123.0,1.0,199.0,2.8846394634057235,2.3291042428463697,6.648148106038568,0.5751425791531801,15.601981116458774,2.104695787210117,1.2290359241887927,6.279005279298866,0.01160384714603424,16.8415846824646,0.005004102173760267,0.0047728922218084335,0.004891499597579241,0.00451725535094738,0.013206692412495613,5.054697862862044,3.65969695802778,12.753633606526996,0.6368570569902658,32.587157817557454,217857042.74285713,247752192.0,248536064.0,151470592.0,422696448.0,0.1827258596964475,0.12095614802092314,0.3084390175839265,0.03178504994139075,0.3572877496480942
ALL_DATASETS,cardinal_fbc_corr,2240,12094.02232142857,12026.0,12026.0,12026.0,15412.0,47.546875,34.0,132.04999999999973,0.0,199.0,48.546875,35.0,133.04999999999973,1.0,200.0,2.8629704689947957,2.189677800051868,6.572655501682307,0.5128646027296782,15.79075163975358,2.128854701036887,1.1298770494759083,6.509651586692776,0.010958662256598473,15.976435655727983,0.0042838710185606034,0.003994958475232124,0.004127741511911154,0.0038504507392644882,0.012266650795936584,5.054215060584413,3.3848793106153607,13.155356169026339,0.5710247531533241,31.85536812618375,205246829.7142857,231354880.0,232216064.0,142875136.0,422527488.0,0.1551759997529104,0.10130929294973612,0.2642229509850343,0.03262793179601431,0.2930399030447006
ALL_DATASETS,cardinal_fbc_corr_extended,2240,14974.02232142857,14906.0,14906.0,14906.0,18292.0,46.503571428571426,33.0,127.0,0.0,199.0,47.503571428571426,34.0,128.0,1.0,200.0,2.8144590050439415,2.135290652513504,6.541615010704844,0.510383253917098,15.768154883757234,2.0763780436478556,1.094047399237752,6.233004813082515,0.010725053027272224,18.28198354318738,0.004270467939620305,0.00397848803550005,0.004081765003502369,0.0038445983082056046,0.0122672189027071,4.952541171023456,3.293402393348515,12.762087027821678,0.5512165650725365,34.17396350391209,205289944.22857141,231405056.0,232266240.0,142889472.0,422552064.0,0.15479920183714557,0.10080074425786734,0.26353560388088226,0.03252048627473414,0.37837252020835876
ALL_DATASETS,cardinal_fbc_extended,2240,12144.325892857143,12098.0,12098.0,12098.0,14404.0,47.30982142857143,34.0,135.0,0.0,199.0,48.30982142857143,35.0,136.0,1.0,200.0,2.127894863653429,1.5716979606077075,4.972390709444874,0.40938317216932774,11.833891598507762,1.5676578029956936,0.7625885820016265,4.894740797672419,0.008256858214735985,12.810241727158427,0.0036667545442469417,0.0034458721056580544,0.0035616964101791377,0.0032752007246017456,0.01030736044049263,3.7547240751704,2.3977240594103932,9.938332772348074,0.4627160597592592,24.78168516792357,187228539.42857143,207751168.0,208651264.0,131805696.0,422519296.0,0.13277910423957792,0.08742085192352533,0.2249493636190891,0.026784668443724513,0.22899272541205087
ALL_DATASETS,cardinal_fbc_micro,2240,11171.54017857143,11122.0,11122.0,11122.0,13588.0,48.38794642857143,35.0,135.04999999999973,0.0,199.0,49.38794642857143,36.0,136.04999999999973,1.0,200.0,3.367050242581172,2.556679711677134,7.794183969590811,0.6208744719624519,17.48266830481589,2.54659256723909,1.3124598702415824,7.864039149973539,0.012644853442907333,18.916484547778964,0.0051989978229227875,0.004988145083189011,0.005113748926669359,0.0046822428703308105,0.012941071763634682,5.978480273975791,3.980768802575767,15.774665866047132,0.6811684723943472,36.526674680411816,187213405.7142857,207758848.0,208620032.0,131815424.0,422519808.0,0.1905231870931323,0.12643360532820225,0.32179752985636395,0.03186491667293012,0.3315082440773646
ALL_DATASETS,cardinal_fbc_micro_extended,2240,14691.54017857143,14642.0,14642.0,14642.0,17108.0,47.42276785714286,33.0,133.0,0.0,199.0,48.42276785714286,34.0,134.0,1.0,200.0,3.3330845841863526,2.5367711735889316,7.695485288184133,0.6363659240305424,17.47172823548317,2.5144977441398493,1.2736267996951938,7.811450675781808,0.016094684600830078,19.0005957596004,0.005193832174908103,0.0049776239320635796,0.005110334325581789,0.004694253206253052,0.012933038175106049,5.912708253769337,3.8950280537828803,15.617639586050057,0.6967597436159849,36.61406768299639,187272359.31428573,207825920.0,208687104.0,131836928.0,422551552.0,0.19047214404293333,0.12604219373315573,0.3220124418536822,0.031791109358891845,0.462030495206515
ALL_DATASETS,cardinal_fbc_physical,2240,13857.825892857143,13807.0,13807.0,13807.0,16337.0,47.35178571428571,34.0,128.04999999999973,0.0,199.0,48.35178571428571,35.0,129.04999999999973,1.0,200.0,3.7334226516590987,2.9350075563415885,8.702717512659708,0.7194983642548323,19.48941633105278,2.816310967179015,1.5673413602635264,8.629201703052962,0.01483580656349659,21.267326280474663,0.005642152838741562,0.0054256729781627655,0.005566718988120556,0.00511574000120163,0.013466034084558487,6.614670369152113,4.523891477845609,17.37938220603391,0.7828497756272554,40.899963706731796,187274654.17142856,207814144.0,208675328.0,131837440.0,422542848.0,0.20762531445819846,0.13737757690250874,0.35107497125864023,0.03377278917469084,0.4307928184668223
ALL_DATASETS,cardinal_fbc_physical_extended,2240,18657.82589285714,18607.0,18607.0,18607.0,21137.0,46.265625,34.0,126.0,0.0,199.0,47.265625,35.0,127.0,1.0,200.0,3.6958989970643805,2.8698525838553905,8.78009640900418,0.6977710910141468,19.652710495516658,2.7675408130162396,1.4818611731752753,8.630305029358707,0.014248082414269447,21.450505452230573,0.005639749154215679,0.005426551215350628,0.005576828587800264,0.005128471180796623,0.013433687388896942,6.528964284668577,4.41755885258317,17.452810945920636,0.744597177952528,41.14915450103581,187356250.05714285,207906816.0,208768000.0,131869184.0,422584832.0,0.20755421889178935,0.137221347540617,0.3507581291099389,0.033558288123458624,0.47499599556128186
ALL_DATASETS,cardinal_fbms,2240,11487.325892857143,11441.0,11441.0,11441.0,13747.0,44.6375,32.0,124.0,0.0,199.0,45.6375,33.0,125.0,1.0,200.0,2.489446513278277,1.9291514959186316,5.891343436762682,0.4486968405544758,13.720918944105506,1.780311496257283,0.9431068412959576,5.525468673370778,0.00992511585354805,12.993927247822285,0.004305229226260313,0.004055527970194817,0.0043959619477391245,0.0036025438457727432,0.01800626888871193,4.333972730609821,2.935160874389112,11.418746466469008,0.49277958273887634,26.876087196171284,319295858.28571427,372912128.0,373832704.0,208839168.0,727344128.0,0.1502099211554903,0.10202862322330475,0.24717959264914194,0.029062508838251233,0.32629358271757763
ALL_DATASETS,cardinal_fbms_extended,2240,14367.325892857143,14321.0,14321.0,14321.0,16627.0,44.46205357142857,32.0,123.0,0.0,199.0,45.46205357142857,33.0,124.0,1.0,200.0,2.482927949364031,1.9396878983825445,5.829318414442236,0.45285861007869244,13.76608027331531,1.7715110201080928,0.9465072434395552,5.417979166842996,0.009802831336855888,12.98641943745315,0.004304253115385239,0.0040549347177147865,0.0043892872519791125,0.0035932157188653946,0.017419159412384033,4.318480120531915,2.9428306287154555,11.318081442918615,0.5122978743165731,26.912153592333198,319346568.6857143,372962304.0,373883852.8,208853504.0,727108608.0,0.15019713150194428,0.10202694684267044,0.24741181482871374,0.028885144274681807,0.25393615166346234
ALL_DATASETS,cardinal_mix,2240,11199.325892857143,11153.0,11153.0,11153.0,13459.0,40.46071428571429,28.0,118.0,0.0,199.0,41.46071428571429,29.0,119.0,1.0,200.0,2.235804236229576,1.6607576562091708,5.435740177519618,0.4618964847177267,13.85947729460895,1.50956697958006,0.6655158773064613,4.964323459658771,0.009609196335077286,14.50067057274282,0.004196079452023176,0.003969078883528709,0.00429494334384799,0.003485778346657753,0.017048703506588936,3.8085246249052163,2.37166060321033,10.544628765247761,0.5012908596545458,28.502628214657307,320270637.25714284,373958144.0,374820352.0,209889792.0,726928384.0,0.14616510791564907,0.09994606953114271,0.2398085780441761,0.027693109586834908,0.24859669307867685
ALL_DATASETS,cardinal_mix_drop,2240,11199.325892857143,11153.0,11153.0,11153.0,13459.0,46.033482142857146,33.0,131.0,0.0,197.0,47.033482142857146,34.0,132.0,1.0,198.0,2.415482840499109,1.7579358937218785,5.943549853842705,0.466702688485384,13.93682261556387,1.7262771016552245,0.787053388543427,5.734502273052928,0.010968850925564766,15.335341537371278,0.004199838539352641,0.003977845422923565,0.004300038889050483,0.0034936033189296722,0.017027145251631737,4.204582534436901,2.5804669028148055,11.68862971030175,0.5267274919897318,29.42272699996829,320553328.9142857,374326784.0,375188992.0,210062848.0,726890496.0,0.14626248334235512,0.10014178697019815,0.23955681671698886,0.027664087247103453,0.25193293889363605
ALL_DATASETS,ctnet,2240,150416.5044642857,150422.0,150422.0,149702.0,151224.0,50.04553571428571,20.0,183.0,0.0,199.0,51.04553571428571,21.0,184.0,1.0,200.0,6.778359411465603,3.5700665675103664,16.87580882217735,1.5280698146671057,32.18750105239451,5.373498624050158,1.1896569933742285,19.94010579204186,0.03486704081296921,38.339227840304375,0.010695077638540948,0.010378019884228706,0.010613674856722355,0.00998242199420929,0.021995455026626587,12.233683850209594,4.829766383394599,37.11689562918617,1.6198651622980833,69.34148099459708,161960718.85714287,183133696.0,183994880.0,108679168.0,352092160.0,0.40002302424595954,0.26140513364225626,0.681399516761303,0.05894005298614502,0.7068965584039688
ALL_DATASETS,ctnet_compact,2240,26375.82589285714,26378.0,26378.0,26090.0,26700.0,64.58080357142858,35.0,191.0,0.0,199.0,65.58080357142858,36.0,192.0,1.0,200.0,6.632873598525268,4.336160386912525,14.464704586938021,1.2423616517335176,31.263464430347085,5.540978576309446,2.0561649948358536,17.313986248429863,0.02931690774857998,41.180966978892684,0.008541046499574025,0.008325790986418724,0.008522789459675549,0.007914027199149132,0.018108896911144257,12.252139749086096,6.503626846708357,31.72564060539007,1.318854134529829,72.45199403725564,108496821.71428572,118992896.0,119894528.0,85118976.0,184369152.0,0.31901748112840306,0.20992576610296965,0.540891947845618,0.045870651956647635,0.5653349061806997
ALL_DATASETS,deep4,2240,145392.10714285713,145677.0,145677.0,134427.0,146079.0,21.453125,3.0,119.04999999999973,0.0,199.0,22.453125,4.0,120.04999999999973,1.0,200.0,1.0063680964255972,0.7023460101336241,3.2116984794847667,0.261326115578413,7.603227235376835,0.5842063120200431,0.06696674413979053,3.3409892672672803,0.005868908017873764,10.594090947881341,0.001296925513971863,0.0012720981612801552,0.0013145507313311099,0.001158231869339943,0.0075050219893455505,1.6473339318888196,0.8259237091988325,6.590824711974701,0.2933231871575117,18.247382525354624,88661373.25714286,94150656.0,95011840.0,78326272.0,98738688.0,0.04790086110756781,0.03220576327294111,0.08028526479999225,0.006310577737167478,0.0846405824025472
ALL_DATASETS,eegconformer,2240,508734.46875,510946.0,510946.0,419426.0,511012.0,19.974107142857143,13.0,67.0,0.0,152.0,20.974107142857143,14.0,68.0,1.0,153.0,4.410827164940669,3.937468819320202,10.210448463913043,1.2543671187013388,25.335536889731884,1.9022363675408998,1.0090154446661472,7.23097735494375,0.030513247475028038,19.59639752469957,0.008427630967759926,0.008140361867845058,0.008324714936316013,0.007930444553494453,0.018243538215756416,6.400321569320346,5.09786602947861,17.428241953812527,1.349774518981576,42.34872544929385,1468286329.3714285,1851670528.0,1852017664.0,144085504.0,1856126976.0,0.31644940216466405,0.2049463102594018,0.5427602926890055,0.046958320308476686,0.6478849798440933
ALL_DATASETS,eegconformer_compact,2240,469294.46875,471506.0,471506.0,379986.0,471572.0,18.813839285714284,11.0,65.04999999999973,0.0,149.0,19.813839285714284,12.0,66.04999999999973,1.0,150.0,3.5858164931398018,3.0381515938788652,8.424460685532537,0.9199989270418882,27.289876826107502,1.7244398289792506,0.7638382595032454,6.647708021290574,0.02264011651277542,26.088967265561223,0.006032210885314271,0.005822969600558281,0.0059713999740779395,0.005622284486889839,0.011605782434344292,5.386725818210315,3.8396096797659993,15.35426207715644,0.9992228802293539,53.551400028169155,1467023875.4285715,1850732544.0,1851163648.0,131769856.0,1855292416.0,0.22613682069924854,0.14676679857075214,0.38764304171005887,0.033825309947133064,0.4347418745358785
ALL_DATASETS,eegnet,2240,1759.825892857143,1762.0,1762.0,1474.0,2084.0,81.27991071428572,43.0,199.0,0.0,199.0,82.27991071428572,44.0,200.0,1.0,200.0,1.6852027720671945,1.1393859637901187,3.694418468978256,0.21493269503116608,8.341786423698068,1.6710977454644826,0.6562441820278764,4.776587062422186,0.004548080265522003,10.63973305746913,0.0009395894577859768,0.0008974121883511543,0.0009363484568893909,0.0007952749729156494,0.0048322658985853195,3.4065541649070967,1.8222786001861095,8.487297736108303,0.2413253728300333,18.51951577886939,108039970.28571428,118533120.0,119442432.0,83894272.0,184466432.0,0.03369932111409669,0.02290192060172558,0.05667011563976606,0.004250084748491645,0.06022937595844269
ALL_DATASETS,eegsym,2240,21301.76339285714,21460.0,21460.0,15520.0,21486.0,69.94598214285715,54.0,193.04999999999973,0.0,199.0,70.94598214285715,55.0,194.04999999999973,1.0,200.0,5.702365492979464,5.0135197676718235,13.547894378006458,0.7645690739154816,27.587991915643215,4.450468054197596,3.206371088512242,14.58741607805711,0.019937589764595032,33.31590439938009,0.005471880610899201,0.005088384263217449,0.005448764655739069,0.004767915233969688,0.024737631902098656,10.236025091355467,8.346173850819468,28.495610802620646,0.850588995963335,58.70890204794705,395090332.5714286,472011264.0,475207680.0,166311424.0,716663296.0,0.19487356788581017,0.12837669346481562,0.327948946505785,0.027459411649033427,0.33420684436957043
ALL_DATASETS,eegsym_wide,2240,176548.26339285713,177848.0,177848.0,129140.0,177922.0,40.42767857142857,21.0,149.0,0.0,199.0,41.42767857142857,22.0,150.0,1.0,200.0,6.846277143852785,4.622534752823412,20.369005854334663,0.9002820383757353,43.731369622051716,4.810843323252629,1.4228220209479332,19.806206129025654,0.028891054913401604,44.236772909760475,0.009910743085700752,0.01058912742882967,0.012301930692046879,0.005374308675527573,0.061023058369755745,11.74915417525252,5.885317607782781,40.24840159034354,1.0022592190653086,88.19760289229453,1012166400.4571428,1248552448.0,1250086400.0,355955200.0,1944803840.0,0.2948431118304242,0.2661851001903415,0.37011485546827316,0.045522762229666114,0.4074397186438243
ALL_DATASETS,eegtcnet,2240,4007.0223214285716,4014.0,4014.0,3726.0,4040.0,89.690625,63.0,199.0,0.0,199.0,90.690625,64.0,200.0,1.0,200.0,10.411116947217877,6.208411869592965,21.912252988386896,0.8137847036123276,52.573084684088826,9.900749832821644,3.788916677236557,26.33229376077652,0.027064088732004166,64.09367634728551,0.01073021217099657,0.010201338678598404,0.014338452648371457,0.0048084016889333725,0.0736086517572403,20.375005056833782,10.280803476460278,48.21066220160573,0.8662951029837132,114.38954270631075,119031911.08571428,133238784.0,134140416.0,83880960.0,184165376.0,0.28116404705672593,0.25803716853260994,0.3333999464909236,0.21305307163856924,0.40996894240379333
ALL_DATASETS,fbcnet,2240,9129.325892857143,9218.0,9218.0,4034.0,11524.0,47.08571428571429,34.0,133.04999999999973,0.0,199.0,48.08571428571429,35.0,134.04999999999973,1.0,200.0,1.698063989255544,1.2441008994355798,3.9530973922461237,0.34972284361720085,9.620785230770707,1.240730825175498,0.6120098251849413,3.8549308694899063,0.00691705197095871,10.284460669383407,0.003266410101371418,0.0031554866582155228,0.0033331050537526606,0.0026064179837703705,0.020187165588140488,2.9966341694792002,1.917132532224059,7.88607647651806,0.3889107462018728,20.02154040709138,183517041.82857144,207693824.0,208626688.0,131786752.0,326152192.0,0.11207889143579884,0.07976102642714977,0.1788863850136598,0.02362420200370252,0.18676978846391043
ALL_DATASETS,fbmsnet,2240,11352.325892857143,11441.0,11441.0,6257.0,13747.0,44.45982142857143,32.0,123.0,0.0,199.0,45.45982142857143,33.0,124.0,1.0,200.0,3.1758583229567323,2.454648313112557,7.740612154267725,0.4367737602442503,18.348568614572287,2.3519693636061025,1.1890970496460795,7.31340405382215,0.012044312432408333,17.44393136166036,0.00421178832350831,0.004241866059601307,0.004581570532172918,0.0030269213020801544,0.018579712137579918,5.590175297182785,3.638489169999957,15.269566389452653,0.48885546810925007,35.95353675633669,285870001.14285713,333570048.0,334483456.0,190520320.0,636875264.0,0.13895789343017206,0.10659852996468544,0.20800230403741202,0.025840947637334466,0.21293809016545615
ALL_DATASETS,free_cardinal,2240,15749.325892857143,15907.0,15907.0,6691.0,20005.0,36.87767857142857,26.0,105.04999999999973,0.0,196.0,37.87767857142857,27.0,106.04999999999973,1.0,197.0,1.6020122966205235,1.2860986115410924,3.751429184339939,0.3280785735696554,8.903694827109575,1.108139387790912,0.6114577325060964,3.629139271285383,0.008846892043948174,8.523032065480947,0.0017795813827043666,0.0016900328919291496,0.001875791326165199,0.0012696366757154465,0.007988497614860535,2.757496327501888,1.9367654379457235,7.4826856444589716,0.3660304415971041,17.495444221422076,274399731.6571429,312320512.0,313181696.0,180840960.0,577474560.0,0.05777217741988537,0.04280782304704189,0.08902350440621376,0.019154715118929744,0.09423308074474335
ALL_DATASETS,free_scope,2240,42085.080357142855,41893.0,41893.0,39589.0,54441.0,15.492857142857142,5.0,80.0,0.0,182.0,16.492857142857144,6.0,81.0,1.0,183.0,2.157183450292463,1.8816979248076677,5.535665165819227,0.6209975220263004,20.347103361040354,0.9562109851619295,0.32652506325393915,5.155412184353916,0.014522522687911987,20.72530523315072,0.004075965888166268,0.0037216637283563614,0.0067764718085527404,0.0035194382071495056,0.013387463986873627,3.1695191073514124,2.2591123627498746,10.743254995904854,0.6743720453232527,41.099500032141805,138059402.2857143,153075200.0,154412544.0,107350016.0,205529088.0,0.14802277927305105,0.09379966650158167,0.24062136809031168,0.025522359646856785,0.457584485411644
ALL_DATASETS,scope,2240,39841.080357142855,39589.0,39589.0,39589.0,52137.0,11.634821428571428,5.0,66.0,0.0,181.0,12.634821428571428,6.0,67.0,1.0,182.0,2.2544373256154357,2.13733746483922,5.389631046913551,0.7526285257190466,18.67923152819276,0.7818996797324091,0.31425885390490294,4.194537312630563,0.016953838989138603,17.056539189070463,0.005043192147942526,0.0047993045300245285,0.005047833826392888,0.004608284682035446,0.012790599837899208,3.0937899207372017,2.534916691482067,9.41699123820288,0.8175615575164557,35.887218434363604,138046559.31428573,153053184.0,154390528.0,107355648.0,205522944.0,0.18557486658059555,0.12141712941229343,0.3134687306980292,0.032402510987594724,0.5717616528272629
ALL_DATASETS,shallow,2240,36255.25446428572,36962.0,36962.0,8162.0,39684.0,45.45357142857143,38.0,127.04999999999973,0.0,198.0,46.45357142857143,39.0,128.04999999999973,1.0,199.0,1.0825071547122207,0.8857321506366134,2.4534127301536457,0.2030358798801899,6.843703167513013,0.7785920096644466,0.509636634029448,2.431753632146863,0.00402451865375042,6.900935808196664,0.0008907236774185938,0.0008682580664753914,0.0009037629701197143,0.0007432587444782257,0.00402776338160038,1.909013877117208,1.4358802875503898,4.9378014489077025,0.22825593873858452,13.87960534915328,85223943.77142857,89574912.0,91337216.0,76335104.0,99549184.0,0.03185079333556969,0.02206226345151663,0.05251480887333552,0.00600414932705462,0.05896178384621938
ALL_DATASETS,tcformer,2240,75580.73214285714,75668.0,75668.0,72212.0,75804.0,50.8,38.0,153.0,0.0,199.0,51.8,39.0,154.0,1.0,200.0,38.46028721206905,27.727709535509348,105.25406300043683,3.6043959204107523,206.4478430338204,28.78081905883654,15.563800042495131,97.80405302355057,0.12393840402364731,217.03055032156408,0.07254935379772048,0.06832463201135397,0.10003365334123372,0.029174193739891052,0.5235042162239552,67.38184012606091,42.9636110747233,203.8663069683127,3.798570651561022,421.2543349247426,535681624.2285714,636025344.0,638251520.0,331717120.0,1521681920.0,1.8114777099552057,1.7389635788276792,1.9961465460558734,1.5879219572525471,2.088505650560061
